juv_fel_count,race,juv_other_count,c_charge_degree,priors_count,sex,age,juv_misd_count,expert prediction,machine prediction,ground truth,proba_model,did_recid,provider
0.0,0.8,0.0,0.4,0.0,0.0,0.0259740259740259,0.0833333333333333,0,1,1,0.5528652469230606,1,H
0.0,1.0,0.0,0.4,0.2758620689655172,1.0,0.1948051948051948,0.0,0,1,1,0.9491764970494816,1,M
0.0,1.0,0.0,0.6,0.2068965517241379,1.0,0.5064935064935064,0.0,0,1,0,0.7494771344113609,1,H
0.0,1.0,0.0,0.6,0.2068965517241379,1.0,0.2207792207792207,0.0,0,1,0,0.7545374304809771,1,M
0.0,0.4,0.0,0.6,0.0689655172413793,1.0,0.2077922077922078,0.0,0,0,0,0.6047232253531586,1,H
0.0,1.0,0.0,0.4,0.2068965517241379,1.0,0.1818181818181818,0.0,1,1,0,0.8127531350012497,1,H
0.0,0.8,0.0,0.4,0.0,1.0,0.0909090909090909,0.0,1,0,0,0.5665269654961925,1,H
0.0,0.6,0.0,0.6,0.0,1.0,0.1038961038961039,0.0,1,0,1,0.5375649704780457,1,H
0.0,1.0,0.0,0.8,0.0344827586206896,1.0,0.1688311688311688,0.0,0,1,0,0.6332032326983832,1,H
0.0,1.0,0.0,0.6,0.2758620689655172,1.0,0.2077922077922078,0.0833333333333333,0,1,1,0.8887438373293801,1,M
0.0,1.0,0.0,0.4,0.0,1.0,0.5194805194805194,0.0,1,0,0,0.7037462312084121,1,H
0.0,0.6,0.0,0.4,0.1724137931034483,1.0,0.2857142857142857,0.0,0,1,0,0.5788392156385362,1,H
0.0,0.6,0.0,0.6,0.0,1.0,0.1948051948051948,0.0,0,0,0,0.6543854943285861,1,H
0.0,1.0,0.0,0.6,0.2068965517241379,1.0,0.4545454545454545,0.0,1,1,0,0.731324241569361,1,H
0.0,1.0,0.0,0.6,0.1379310344827586,0.0,0.1168831168831168,0.0,1,1,1,0.714573360376546,1,H
0.0,1.0,0.0,0.4,0.1724137931034483,1.0,0.2467532467532467,0.0,0,1,0,0.7793708717342634,1,H
0.0,0.6,0.0,0.6,0.0,1.0,0.2077922077922078,0.0,1,0,1,0.6754597027620387,1,H
0.0,1.0,0.0,0.6,0.2413793103448276,1.0,0.2987012987012987,0.0,0,1,1,0.7941390798152349,1,M
0.0,1.0,0.0,0.6,0.1724137931034483,1.0,0.2727272727272727,0.0,0,1,0,0.7894854646434731,1,M
0.0,1.0,0.0,0.6,0.1034482758620689,1.0,0.3116883116883117,0.0,0,1,0,0.6539307337670728,1,H
0.0,0.8,0.0,0.6,0.0689655172413793,0.0,0.2597402597402597,0.0,1,0,1,0.5281045970439249,1,H
0.0,1.0,0.0,0.6,0.1379310344827586,1.0,0.2857142857142857,0.0,0,1,0,0.7810394718630875,1,H
0.0,1.0,0.0,0.6,0.2413793103448276,1.0,0.1558441558441558,0.0,0,1,0,0.8306404953555696,1,H
0.0,1.0,0.0,0.4,0.0689655172413793,1.0,0.3766233766233766,0.0,0,0,0,0.6867285902084026,0,H
0.0,0.8,0.0,0.6,0.7241379310344828,1.0,0.3376623376623376,0.0,0,1,1,0.822565183303559,1,M
0.0,1.0,0.0,0.4,0.1379310344827586,1.0,0.5194805194805194,0.0,0,1,0,0.5258029021946438,1,H
0.0,0.4,0.0,0.4,0.0,1.0,0.0259740259740259,0.0,0,0,0,0.5241631055618055,1,H
0.0,0.8,0.0,0.6,0.0344827586206896,1.0,0.1558441558441558,0.0,0,0,1,0.5714810483863852,1,H
0.0,0.6,0.0,0.4,0.0,0.0,0.4545454545454545,0.0,0,0,0,0.7704040278717438,0,H
0.0,0.4,0.0,0.6,0.0689655172413793,0.0,0.0649350649350649,0.0,1,0,1,0.7086973141858359,1,H
0.0,1.0,0.0,0.6,0.2413793103448276,1.0,0.2207792207792207,0.0,1,1,1,0.7767311109112442,1,H
0.0,1.0,0.0,0.4,0.0344827586206896,1.0,0.0259740259740259,0.0833333333333333,1,1,1,0.8587013371657697,1,H
0.0,0.6,0.0,0.4,0.0,0.0,0.1688311688311688,0.0,0,0,0,0.7056738382794571,0,H
0.0,1.0,0.0,0.6,0.5172413793103449,1.0,0.2597402597402597,0.0833333333333333,1,1,0,0.9096259969886346,1,H
0.0,0.8,0.0,0.8,0.2068965517241379,0.0,0.1688311688311688,0.0,1,1,1,0.5765819684162613,1,H
0.0,1.0,0.0,0.4,0.4137931034482758,1.0,0.3506493506493506,0.0,0,1,0,0.9159620028329034,1,H
0.0,1.0,0.0,0.4,0.0,1.0,0.1298701298701298,0.0,0,0,0,0.5099067010208748,0,H
0.0,0.8,0.0,0.6,0.0689655172413793,1.0,0.4415584415584415,0.0,1,0,0,0.6734757975573875,1,H
0.0,1.0,0.0,0.4,0.0,1.0,0.4285714285714285,0.0,1,0,0,0.7029034653449968,1,H
0.0,0.6,0.0,0.4,0.0689655172413793,1.0,0.2077922077922078,0.0,0,0,0,0.6040729735346066,1,H
0.0,1.0,0.0,0.6,0.0344827586206896,1.0,0.5064935064935064,0.0,0,0,0,0.6103585835056525,1,H
0.0,0.8,0.0,0.2,0.0,1.0,0.5844155844155844,0.0,0,0,0,0.7306911758437226,0,H
0.0,0.8,0.0,0.8,0.1034482758620689,0.0,0.1428571428571428,0.0,0,1,1,0.6479501592414236,1,H
0.0,0.8,0.0,0.6,0.3793103448275862,0.0,0.1298701298701298,0.0,0,1,1,0.7717565764338453,1,H
0.0,1.0,0.0,0.6,0.2413793103448276,0.0,0.2857142857142857,0.0,1,1,1,0.6338926946485736,1,H
0.0,0.4,0.0,0.2,0.0,1.0,0.6103896103896104,0.0,0,0,0,0.7555929259868334,0,H
0.0,0.8,0.0,1.0,0.0344827586206896,0.0,0.2597402597402597,0.0,1,0,0,0.5112127292040557,1,H
0.0,1.0,0.0,0.6,0.4137931034482758,1.0,0.2337662337662337,0.0,0,1,1,0.9446453210434662,1,H
0.0,1.0,0.0,0.6,0.6551724137931034,1.0,0.2467532467532467,0.0,1,1,1,0.928699322495741,1,H
0.1,1.0,0.0,0.4,0.3103448275862069,1.0,0.4285714285714285,0.0,1,1,1,0.9545683210383896,1,H
0.0,0.4,0.0,0.8,0.0689655172413793,1.0,0.4545454545454545,0.0,0,0,0,0.6974373570174192,1,H
0.0,0.8,0.0,0.2,0.0689655172413793,1.0,0.4285714285714285,0.0,1,0,0,0.7548319679371929,1,H
0.2,0.6,0.0,0.6,0.0689655172413793,1.0,0.0129870129870129,0.0,0,1,1,0.7074202235126182,1,H
0.0,0.8,0.0,0.2,0.0344827586206896,1.0,0.4025974025974026,0.0,0,0,1,0.7685230333230716,0,H
0.0,0.6,0.0,0.4,0.0,1.0,0.8311688311688312,0.0,0,0,0,0.7228559922098416,0,H
0.0,1.0,0.4285714285714285,0.6,0.0,1.0,0.0649350649350649,0.0,1,1,1,0.8065110833376884,1,H
0.0,1.0,0.0,0.6,0.2068965517241379,0.0,0.2857142857142857,0.0,0,1,0,0.6589887702805438,1,H
0.0,1.0,0.0,0.6,0.0,0.0,0.1688311688311688,0.0,0,0,0,0.6577177397481232,1,H
0.0,1.0,0.0,0.2,0.0344827586206896,1.0,0.1038961038961039,0.0,0,0,0,0.5553550536124349,0,H
0.0,0.6,0.0,0.6,0.0689655172413793,1.0,0.0129870129870129,0.0,1,1,1,0.5488941398037783,1,H
0.0,1.0,0.0,0.4,0.0689655172413793,0.0,0.2987012987012987,0.0,1,0,0,0.6930738831807858,1,M
0.0,0.6,0.0,0.4,0.0,1.0,0.6623376623376623,0.0,0,0,0,0.7419312539330537,0,H
0.2,1.0,0.0,0.8,0.2758620689655172,1.0,0.1948051948051948,0.0,0,1,1,0.9296722330437888,1,H
0.0,0.8,0.0,0.4,0.0,1.0,0.5064935064935064,0.0,0,0,0,0.6929418103690358,0,H
0.0,1.0,0.0,0.8,0.4827586206896552,1.0,0.2207792207792207,0.0,1,1,1,0.915012259800185,1,H
0.0,1.0,0.0,0.6,0.5172413793103449,1.0,0.1948051948051948,0.0,0,1,0,0.934106690234233,1,M
0.0,1.0,0.0,0.8,0.0,1.0,0.0129870129870129,0.0,0,1,0,0.647377251314323,1,M
0.0,1.0,0.2857142857142857,0.2,0.0344827586206896,1.0,0.0649350649350649,0.0,1,1,1,0.7649067698165097,1,H
0.0,1.0,0.0,0.6,0.0,0.0,0.3506493506493506,0.0,1,0,0,0.6732091666427464,1,H
0.0,1.0,0.0,0.6,0.1724137931034483,1.0,0.2467532467532467,0.0,0,1,0,0.7856313960579419,1,M
0.0,0.8,0.0,0.4,0.0,0.0,0.2597402597402597,0.0,1,0,0,0.6939740765864766,0,M
0.1,0.8,0.0,0.6,0.3103448275862069,1.0,0.2727272727272727,0.0,0,1,0,0.8912703906315392,1,H
0.0,0.8,0.0,0.6,0.0,1.0,0.0,0.0,1,1,0,0.624735082854376,1,H
0.0,1.0,0.0,0.6,0.3793103448275862,1.0,0.1038961038961039,0.0833333333333333,1,1,0,0.9184400127278748,1,H
0.0,0.8,0.0,0.2,0.0,0.0,0.5584415584415584,0.0,0,0,0,0.8052432950835208,0,H
0.1,1.0,0.0,0.8,0.0689655172413793,1.0,0.1298701298701298,0.0,1,1,0,0.7488530953579918,1,H
0.0,1.0,0.0,0.6,0.2413793103448276,1.0,0.0909090909090909,0.0,1,1,0,0.8980780899690288,1,H
0.0,0.8,0.0,0.2,0.0,1.0,0.4025974025974026,0.0,0,0,0,0.8092162092009353,0,H
0.0,1.0,0.0,0.4,0.1724137931034483,0.0,0.0779220779220779,0.0,0,1,1,0.5652425510894995,1,H
0.0,0.8,0.0,0.8,0.0,1.0,0.0259740259740259,0.0,1,1,1,0.6667088689986508,1,H
0.0,0.6,0.0,0.2,0.0,1.0,0.1428571428571428,0.0,0,0,0,0.6825436002602095,0,H
0.0,1.0,0.0,0.6,0.3103448275862069,1.0,0.2987012987012987,0.0,1,1,1,0.8545798504274992,1,H
0.1,1.0,0.0,0.6,0.2758620689655172,1.0,0.1298701298701298,0.0,1,1,1,0.9246838565055104,1,H
0.0,0.8,0.0,0.6,0.1034482758620689,0.0,0.1558441558441558,0.0,0,1,0,0.5985690128537217,1,H
0.0,1.0,0.0,0.6,0.0,1.0,0.0649350649350649,0.0,0,1,0,0.679546395317603,1,H
0.0,0.8,0.0,0.4,0.1724137931034483,0.0,0.5064935064935064,0.0,0,0,0,0.537325336816301,1,H
0.0,1.0,0.0,0.2,0.1724137931034483,1.0,0.1038961038961039,0.0,0,1,0,0.559507093976988,1,H
0.0,1.0,0.0,0.4,0.0689655172413793,1.0,0.0259740259740259,0.0833333333333333,1,1,1,0.8328351096276283,1,H
0.0,0.2,0.0,0.6,0.0,1.0,0.1298701298701298,0.0,1,0,0,0.6309142832234917,1,H
0.0,0.8,0.0,0.4,0.0,1.0,0.2597402597402597,0.0,0,0,0,0.633722219847459,0,H
0.0,0.2,0.0,0.6,0.0344827586206896,1.0,0.1168831168831168,0.0,0,0,0,0.6173091175322201,1,H
0.0,1.0,0.0,0.2,0.1034482758620689,1.0,0.1818181818181818,0.0,0,0,1,0.5389422223480019,1,H
0.0,1.0,0.0,0.6,0.3793103448275862,1.0,0.0649350649350649,0.0,1,1,1,0.8833240210845781,1,H
0.0,1.0,0.0,0.8,0.0344827586206896,0.0,0.0779220779220779,0.0,1,1,0,0.5919008083040085,1,H
0.1,1.0,0.0,0.6,0.1724137931034483,1.0,0.4025974025974026,0.0,0,1,0,0.7961295665648901,1,H
0.0,1.0,0.0,0.6,0.1724137931034483,0.0,0.6363636363636364,0.0,1,0,0,0.6246719913045361,1,H
0.0,1.0,0.0,0.6,0.0689655172413793,1.0,0.1818181818181818,0.0,0,1,1,0.5149828042579743,1,H
0.0,1.0,0.1428571428571428,0.6,0.4482758620689655,1.0,0.1038961038961039,0.0,1,1,1,0.8818543705731571,1,H
0.0,1.0,0.1428571428571428,0.6,0.3448275862068966,1.0,0.1298701298701298,0.0,1,1,1,0.8798157165630095,1,H
0.0,0.4,0.0,0.4,0.0,1.0,0.3376623376623376,0.0,1,0,0,0.7150182468821757,1,H
0.0,1.0,0.1428571428571428,0.6,0.2068965517241379,1.0,0.0519480519480519,0.0,1,1,1,0.7496645269614867,1,H
0.0,0.8,0.0,0.6,0.1034482758620689,1.0,0.5064935064935064,0.0,0,0,1,0.5996215804775753,1,H
0.2,1.0,0.0,0.4,0.7931034482758621,1.0,0.2727272727272727,0.0,1,1,1,0.9258060121651978,1,H
0.0,1.0,0.0,0.4,0.0344827586206896,1.0,0.1428571428571428,0.0,1,0,0,0.6291199894204702,1,H
0.0,0.8,0.0,0.6,0.1379310344827586,1.0,0.0909090909090909,0.0,1,1,1,0.7993568992299662,1,H
0.0,1.0,0.0,0.4,0.0,1.0,0.2207792207792207,0.0,1,0,0,0.5703887851449159,1,H
0.0,0.6,0.4285714285714285,0.6,0.0344827586206896,1.0,0.0259740259740259,0.0,0,0,0,0.5986589210758341,1,H
0.0,1.0,0.1428571428571428,0.8,0.2758620689655172,1.0,0.1688311688311688,0.0,0,1,0,0.8981516527849771,1,M
0.0,0.8,0.0,0.6,0.2758620689655172,1.0,0.4415584415584415,0.0,0,1,0,0.7948832456459964,1,M
0.0,1.0,0.0,0.2,0.1724137931034483,1.0,0.2857142857142857,0.0,0,1,0,0.5463740268107206,1,H
0.0,1.0,0.0,0.6,0.2413793103448276,0.0,0.1818181818181818,0.0,0,1,1,0.6739615074624258,1,M
0.0,1.0,0.0,0.8,0.1379310344827586,1.0,0.1558441558441558,0.0,0,1,0,0.6946138200654841,1,H
0.0,1.0,0.0,0.6,0.2068965517241379,1.0,0.1168831168831168,0.0833333333333333,1,1,0,0.882802802752882,1,H
0.0,0.6,0.0,0.4,0.0,1.0,0.1298701298701298,0.0,1,0,0,0.6698227052474193,1,H
0.0,0.6,0.0,0.4,0.0344827586206896,1.0,0.3636363636363636,0.0,1,0,0,0.7054797833396712,1,H
0.0,0.4,0.1428571428571428,0.4,0.1034482758620689,1.0,0.0129870129870129,0.1666666666666666,0,1,1,0.6651183635634635,1,M
0.0,0.0,0.0,0.6,0.5172413793103449,0.0,0.3376623376623376,0.0,1,1,1,0.5130675789594813,1,H
0.0,0.8,0.0,0.6,0.2413793103448276,0.0,0.1168831168831168,0.0,0,1,1,0.5210273575265614,1,H
0.0,1.0,0.0,0.6,0.2413793103448276,1.0,0.1168831168831168,0.1666666666666666,1,1,1,0.8456209545211086,1,H
0.0,1.0,0.0,0.6,0.2068965517241379,1.0,0.1818181818181818,0.0,1,1,0,0.7787509478464073,1,H
0.0,0.8,0.0,0.6,0.0,1.0,0.4415584415584415,0.0,1,0,0,0.6993028118120483,1,M
0.0,1.0,0.0,0.6,0.7586206896551724,0.0,0.2597402597402597,0.1666666666666666,1,1,1,0.7717238402213557,1,H
0.0,1.0,0.0,0.4,0.0344827586206896,1.0,0.1818181818181818,0.0,0,1,0,0.5216250625858116,0,H
0.0,1.0,0.0,0.4,0.3103448275862069,0.0,0.3376623376623376,0.0,1,1,1,0.6192300953419029,1,H
0.0,0.8,0.0,0.4,0.0,0.0,0.1688311688311688,0.0,0,0,0,0.7612439368305199,0,H
0.0,0.8,0.0,0.6,0.0689655172413793,1.0,0.1818181818181818,0.0,0,0,0,0.5497885749446478,1,H
0.0,1.0,0.0,0.2,0.1034482758620689,1.0,0.3636363636363636,0.0,1,1,1,0.5896063261391792,1,H
0.1,1.0,0.7142857142857143,0.8,0.7931034482758621,1.0,0.2337662337662337,0.6666666666666666,1,1,1,0.9198901617719036,1,H
0.0,0.8,0.0,0.2,0.0,1.0,0.1688311688311688,0.0833333333333333,1,1,0,0.6793704449074524,1,H
0.0,0.8,0.0,0.2,0.0,0.0,0.4155844155844156,0.0,0,0,1,0.7309790869537205,0,H
0.0,1.0,0.0,0.6,0.0344827586206896,1.0,0.0649350649350649,0.0,0,1,0,0.7361837869251485,1,H
0.0,1.0,0.0,0.4,0.0689655172413793,1.0,0.1298701298701298,0.0833333333333333,1,1,1,0.827354077612698,1,H
0.0,0.8,0.0,0.6,0.0,0.0,0.3116883116883117,0.0,0,0,1,0.7103713100844593,1,H
0.0,0.6,0.0,0.6,0.0689655172413793,1.0,0.1428571428571428,0.0,0,0,0,0.5942268688890723,1,H
0.0,1.0,0.0,0.6,0.1034482758620689,0.0,0.1428571428571428,0.0,1,1,1,0.6095517116814761,1,H
0.0,0.8,0.0,0.6,0.0,1.0,0.2077922077922078,0.0,1,0,1,0.6212818647370159,1,H
0.0,0.8,0.0,0.8,0.1379310344827586,1.0,0.0909090909090909,0.0,1,1,0,0.7137585871855209,1,H
0.0,1.0,0.0,0.2,0.0,0.0,0.2467532467532467,0.0,0,0,0,0.7881012805041697,0,H
0.0,1.0,0.0,0.6,0.1034482758620689,1.0,0.2337662337662337,0.0,0,1,0,0.6037384650331815,1,H
0.0,1.0,0.0,0.2,0.2068965517241379,1.0,0.0909090909090909,0.0833333333333333,1,1,0,0.7666250065266299,1,H
0.1,1.0,0.0,0.6,0.2068965517241379,1.0,0.1038961038961039,0.0,1,1,1,0.9311611711054778,1,H
0.0,1.0,0.0,1.0,0.0689655172413793,0.0,0.2987012987012987,0.0,1,1,0,0.5571669339951155,1,H
0.0,1.0,0.0,0.4,0.0,0.0,0.2597402597402597,0.0,1,0,0,0.7447099603014304,1,H
0.0,1.0,0.0,0.8,0.0689655172413793,1.0,0.0519480519480519,0.0833333333333333,1,1,1,0.8752152990889099,1,H
0.0,0.8,0.0,0.4,0.0689655172413793,0.0,0.0389610389610389,0.0,1,0,1,0.5787191567536745,1,H
0.0,1.0,0.0,0.8,0.2413793103448276,1.0,0.4025974025974026,0.0,0,1,0,0.7241611858259619,1,H
0.0,0.6,0.0,0.6,0.0344827586206896,0.0,0.4025974025974026,0.0,1,0,1,0.7139913308563065,1,H
0.0,1.0,0.0,0.4,0.5517241379310345,1.0,0.4935064935064935,0.0,1,1,1,0.8424838781906182,1,H
0.0,1.0,0.0,0.0,0.1034482758620689,1.0,0.2597402597402597,0.0,1,0,0,0.5738149904994275,1,H
0.0,0.8,0.0,0.6,0.6206896551724138,1.0,0.2467532467532467,0.0,0,1,0,0.7915734965450538,1,H
0.0,0.8,0.0,0.4,0.1379310344827586,1.0,0.2467532467532467,0.0,1,1,1,0.6669729765113673,1,H
0.0,1.0,0.0,0.8,0.0,0.0,0.0519480519480519,0.0,1,1,1,0.6428933063864725,1,H
0.0,1.0,0.0,0.4,0.1034482758620689,1.0,0.0779220779220779,0.0,0,1,0,0.817846824767422,1,M
0.0,1.0,0.0,0.6,0.0344827586206896,1.0,0.1298701298701298,0.0,0,1,1,0.5397099175484944,1,H
0.0,0.4,0.0,0.6,0.0,1.0,0.1818181818181818,0.0,1,0,0,0.6394194245809093,1,H
0.0,0.6,0.0,0.6,0.0,0.0,0.4415584415584415,0.0,0,0,0,0.7435571621474505,1,H
0.0,1.0,0.0,0.8,0.1034482758620689,1.0,0.0649350649350649,0.0,0,1,0,0.8170804841489017,1,H
0.0,1.0,0.0,0.6,0.0344827586206896,0.0,0.0259740259740259,0.0833333333333333,1,1,1,0.6643064858728948,1,H
0.0,1.0,0.0,0.4,0.0,0.0,0.0909090909090909,0.0,1,0,0,0.6854468879026424,0,M
0.0,0.4,0.0,0.4,0.0344827586206896,1.0,0.1948051948051948,0.0,0,0,0,0.6032034260178818,1,H
0.0,1.0,0.0,0.8,0.0344827586206896,1.0,0.0649350649350649,0.0,1,1,1,0.7037374415205125,1,H
0.0,0.8,0.0,0.4,0.1034482758620689,1.0,0.1558441558441558,0.0,0,1,0,0.5627542245379957,1,H
0.0,1.0,0.4285714285714285,0.6,0.0689655172413793,1.0,0.0389610389610389,0.0833333333333333,0,1,0,0.8722172588994695,1,H
0.0,1.0,0.2857142857142857,0.4,0.9310344827586208,1.0,0.0909090909090909,0.1666666666666666,1,1,1,0.7445628648944304,1,H
0.0,1.0,0.0,0.4,0.5172413793103449,1.0,0.3116883116883117,0.0,1,1,1,0.8611289520827754,1,H
0.0,0.8,0.0,0.4,0.2068965517241379,0.0,0.4285714285714285,0.0,1,1,0,0.5441811448298387,1,H
0.0,0.8,0.0,0.2,0.0344827586206896,1.0,0.0779220779220779,0.0,0,0,0,0.6147815423252309,0,H
0.0,0.8,0.0,0.6,0.1379310344827586,1.0,0.2987012987012987,0.0,0,1,0,0.7052919425851079,1,H
0.0,0.8,0.0,0.4,0.1724137931034483,1.0,0.0779220779220779,0.1666666666666666,1,1,1,0.8163755057000797,1,H
0.0,0.4,0.0,0.6,0.0344827586206896,1.0,0.3116883116883117,0.0,1,0,0,0.6430876316884074,1,H
0.0,0.8,0.1428571428571428,0.4,0.0,1.0,0.0259740259740259,0.0,0,1,0,0.6249752604038116,1,H
0.0,1.0,0.0,0.8,0.0689655172413793,1.0,0.0259740259740259,0.0,1,1,0,0.7552083890105528,1,H
0.0,1.0,0.0,0.8,0.1724137931034483,0.0,0.0909090909090909,0.0,1,1,1,0.7001420528787229,1,H
0.2,1.0,0.0,0.6,0.3103448275862069,1.0,0.1688311688311688,0.0833333333333333,1,1,0,0.9204164902352964,1,H
0.1,1.0,0.0,0.4,0.0344827586206896,1.0,0.0389610389610389,0.0,1,1,0,0.9069751619628011,1,H
0.0,1.0,0.0,0.6,0.0344827586206896,0.0,0.2207792207792207,0.0,1,0,1,0.5253247821764544,1,H
0.0,0.8,1.0,0.6,0.0689655172413793,1.0,0.0259740259740259,0.1666666666666666,0,1,1,0.678579098565353,1,M
0.0,1.0,0.0,0.4,0.2068965517241379,1.0,0.1558441558441558,0.0833333333333333,1,1,1,0.836504160252338,1,H
0.0,1.0,0.0,0.4,0.1379310344827586,1.0,0.2857142857142857,0.0,0,1,1,0.7535395916620751,1,M
0.0,0.8,0.0,0.2,0.0,1.0,0.1688311688311688,0.0,0,0,0,0.7492609585896336,0,H
0.0,1.0,0.2857142857142857,0.2,0.1034482758620689,1.0,0.2077922077922078,0.0,1,1,1,0.5615979381540811,1,H
0.0,0.8,0.0,0.6,0.0,1.0,0.1558441558441558,0.0,1,0,1,0.5859159899835089,1,H
0.0,0.8,0.0,0.6,0.0689655172413793,0.0,0.1298701298701298,0.0,1,0,1,0.5195193997308747,1,H
0.0,0.8,0.0,0.6,0.0689655172413793,0.0,0.0779220779220779,0.0,0,1,0,0.5743746818004463,1,H
0.0,0.8,0.0,0.8,0.0344827586206896,1.0,0.1818181818181818,0.0,0,1,0,0.5403173687867578,1,H
0.0,0.8,0.0,0.6,0.0344827586206896,0.0,0.1558441558441558,0.0,1,0,1,0.6442333142124791,1,H
0.0,0.2,0.0,0.4,0.0,0.0,0.1818181818181818,0.0,1,0,0,0.7198430009365775,0,M
0.0,1.0,0.0,0.4,0.2413793103448276,0.0,0.4025974025974026,0.0,0,1,0,0.6291755800371838,1,H
0.0,1.0,0.0,0.6,0.0689655172413793,1.0,0.0129870129870129,0.0,1,1,1,0.71188784298993,1,H
0.0,0.8,0.7142857142857143,0.4,0.0,1.0,0.0129870129870129,0.0,1,1,0,0.5065921850139501,1,H
0.0,0.8,0.0,0.6,0.0344827586206896,1.0,0.1428571428571428,0.0,0,0,0,0.5185511398238003,1,H
0.0,0.8,0.0,0.4,0.3103448275862069,1.0,0.4805194805194805,0.0,0,1,1,0.8195492004650134,1,H
0.0,0.6,0.0,0.6,0.0344827586206896,1.0,0.1298701298701298,0.0,1,0,0,0.552410173990357,1,H
0.0,1.0,0.0,0.8,0.1724137931034483,1.0,0.0389610389610389,0.0,1,1,0,0.8655991133771612,1,H
0.0,0.8,0.0,0.2,0.0,1.0,0.2337662337662337,0.0,0,0,1,0.733002651928847,0,H
0.0,0.8,0.0,0.4,0.1034482758620689,1.0,0.2207792207792207,0.0,0,1,0,0.5859656039604562,1,H
0.0,0.8,0.0,0.6,0.1379310344827586,1.0,0.0779220779220779,0.0,1,1,0,0.8094190949501076,1,H
0.0,1.0,0.0,0.2,0.0,1.0,0.0259740259740259,0.0,1,1,1,0.5996494616283272,1,H
0.0,1.0,0.0,0.6,0.1724137931034483,0.0,0.1948051948051948,0.0,0,1,1,0.676587276292893,1,H
0.0,0.8,0.0,0.6,0.1034482758620689,1.0,0.4805194805194805,0.0,0,0,0,0.6582127307239996,1,H
0.0,0.8,0.0,0.4,0.0,0.0,0.5584415584415584,0.0,1,0,0,0.747016336768378,0,M
0.0,1.0,0.0,0.6,0.2413793103448276,1.0,0.2467532467532467,0.0,1,1,0,0.8830983414853614,1,H
0.0,1.0,0.0,0.6,0.3448275862068966,1.0,0.0909090909090909,0.0833333333333333,1,1,1,0.9101302144273672,1,H
0.0,1.0,0.0,0.8,0.0344827586206896,1.0,0.0129870129870129,0.0,1,1,0,0.7570561527734343,1,H
0.0,0.4,0.0,0.8,0.0689655172413793,1.0,0.1428571428571428,0.0,0,0,0,0.5960631370123728,1,H
0.0,0.6,0.0,0.6,0.0689655172413793,1.0,0.3766233766233766,0.0,1,0,0,0.6543837004537263,1,H
0.0,1.0,0.0,1.0,0.1379310344827586,1.0,0.4805194805194805,0.0,0,0,0,0.515575382838141,1,H
0.0,0.8,0.0,0.2,0.0689655172413793,1.0,0.2207792207792207,0.0,0,0,0,0.711744001386368,0,H
0.0,0.6,0.0,0.2,0.0,0.0,0.1688311688311688,0.0,0,0,1,0.7890919722225669,0,H
0.0,0.8,0.0,0.6,0.0344827586206896,1.0,0.0389610389610389,0.0,1,1,1,0.6925921686533184,1,H
0.0,1.0,0.0,0.6,0.1379310344827586,1.0,0.0779220779220779,0.0,0,1,1,0.8440491438358975,1,H
0.0,0.6,0.0,0.6,0.0344827586206896,1.0,0.1948051948051948,0.0,1,0,0,0.5673401508081322,1,H
0.0,1.0,0.1428571428571428,0.8,0.0,1.0,0.0259740259740259,0.0,1,1,0,0.7557558422395151,1,H
0.0,0.8,0.0,0.6,0.0689655172413793,0.0,0.4675324675324675,0.0,1,0,0,0.724863455601845,1,H
0.0,1.0,0.0,0.6,0.0689655172413793,0.0,0.3376623376623376,0.0,0,0,0,0.5170420459020334,1,H
0.0,0.6,0.0,0.6,0.3448275862068966,1.0,0.1168831168831168,0.0,1,1,0,0.7132938130759143,1,H
0.0,0.8,0.0,0.6,0.0,1.0,0.0909090909090909,0.0,0,1,0,0.5805313853942937,1,H
0.0,1.0,0.0,0.6,0.0689655172413793,1.0,0.0519480519480519,0.0,1,1,1,0.7363442254327741,1,H
0.0,1.0,0.0,0.6,0.1724137931034483,1.0,0.1818181818181818,0.0,1,1,0,0.8824656102211867,1,H
0.0,1.0,0.0,0.6,0.3448275862068966,1.0,0.4545454545454545,0.0,0,1,0,0.92314993091235,1,M
0.0,0.8,0.0,0.2,0.1034482758620689,1.0,0.3116883116883117,0.0,0,0,0,0.5040266696478748,1,H
0.0,0.8,0.0,0.6,0.4482758620689655,1.0,0.6753246753246753,0.0,1,1,0,0.906883432173332,1,H
0.0,0.8,0.0,0.6,0.1724137931034483,1.0,0.1298701298701298,0.0,0,1,0,0.9333749892708688,1,H
0.0,0.8,0.0,0.2,0.0,1.0,0.3636363636363636,0.0,0,0,0,0.6613876337117072,0,H
0.0,1.0,0.0,0.6,0.0689655172413793,1.0,0.0129870129870129,0.0833333333333333,0,1,1,0.9395091507695312,1,M
0.0,0.8,0.1428571428571428,0.8,0.0689655172413793,1.0,0.0519480519480519,0.0,1,1,1,0.6527223397148101,1,H
0.0,1.0,0.0,0.6,0.0689655172413793,1.0,0.0259740259740259,0.0833333333333333,0,1,0,0.9414908403058948,1,H
0.0,1.0,0.1428571428571428,0.4,0.2758620689655172,1.0,0.0519480519480519,0.1666666666666666,0,1,0,0.7786290668317557,1,H
0.0,1.0,0.0,0.6,0.1724137931034483,1.0,0.4545454545454545,0.0,0,1,0,0.7972005511585069,1,H
0.0,1.0,0.0,0.4,0.3793103448275862,1.0,0.1038961038961039,0.0,0,1,1,0.9417606923050902,1,M
0.0,0.8,0.0,0.6,0.1724137931034483,1.0,0.6233766233766234,0.0,0,1,0,0.5522317940092435,1,H
0.2,1.0,0.1428571428571428,0.6,0.6206896551724138,1.0,0.3896103896103896,0.0,1,1,0,0.9421399353818876,1,H
0.0,1.0,0.0,0.6,0.2068965517241379,1.0,0.3246753246753247,0.0,1,1,1,0.7640687937317461,1,H
0.0,1.0,0.0,0.6,0.3448275862068966,1.0,0.2077922077922078,0.0,1,1,1,0.958550845845101,1,H
0.0,0.8,0.0,0.6,0.0,0.0,0.2727272727272727,0.0,0,0,0,0.6706962465128389,1,H
0.0,0.4,0.0,0.6,0.0689655172413793,0.0,0.0779220779220779,0.0,0,0,0,0.6383146714878122,1,H
0.4,1.0,0.0,0.6,0.4482758620689655,1.0,0.0779220779220779,0.0,1,1,1,0.963893713342904,1,H
0.0,0.8,0.0,0.4,0.0344827586206896,1.0,0.4285714285714285,0.0,0,0,0,0.6839229886549228,0,H
0.0,0.6,0.0,0.6,0.4482758620689655,1.0,0.2077922077922078,0.0,0,1,0,0.8562757451946271,1,H
0.0,1.0,0.0,0.8,0.0344827586206896,1.0,0.0,0.0833333333333333,1,1,1,0.9249360007596396,1,H
0.0,1.0,0.0,0.6,0.0344827586206896,1.0,0.3896103896103896,0.0,1,0,1,0.5952926675893084,1,H
0.1,0.6,0.0,0.6,0.6896551724137931,1.0,0.1688311688311688,0.0833333333333333,0,1,0,0.7774082154189278,1,M
0.0,0.8,0.0,1.0,0.0,0.0,0.1038961038961039,0.0,1,1,0,0.5676192980525802,1,H
0.0,0.4,0.0,0.4,0.0344827586206896,1.0,0.1428571428571428,0.0,1,0,1,0.682675843222781,1,H
0.0,0.8,0.0,0.8,0.0344827586206896,1.0,0.0259740259740259,0.0,1,1,0,0.7912976067646177,1,H
0.0,1.0,0.0,0.6,0.0,1.0,0.0389610389610389,0.0,0,1,0,0.7182113962947978,1,M
0.0,1.0,0.0,0.8,0.2413793103448276,1.0,0.0389610389610389,0.3333333333333333,1,1,1,0.7429465320946508,1,H
0.1,1.0,0.0,0.8,0.3793103448275862,1.0,0.1038961038961039,0.1666666666666666,0,1,0,0.9118632165242194,1,H
0.0,0.4,0.0,0.4,0.0344827586206896,1.0,0.3636363636363636,0.0,0,0,0,0.6839602582983177,1,H
0.3,1.0,0.0,0.6,0.4482758620689655,1.0,0.2077922077922078,0.0,0,1,0,0.942523919482699,1,H
0.0,1.0,0.0,0.6,0.1724137931034483,1.0,0.3766233766233766,0.0,1,1,0,0.7538667231534514,1,H
0.0,1.0,0.2857142857142857,0.8,0.1724137931034483,1.0,0.0909090909090909,0.0833333333333333,0,1,1,0.8727358142442548,1,H
0.0,0.4,0.0,0.6,0.0,1.0,0.2727272727272727,0.0,0,0,0,0.6422062144336621,1,H
0.0,0.8,0.0,0.6,0.3103448275862069,1.0,0.1428571428571428,0.0,1,1,1,0.9478825160264888,1,H
0.0,0.8,0.0,0.6,0.6551724137931034,1.0,0.4415584415584415,0.0,1,1,0,0.8215932545329854,1,H
0.0,1.0,0.0,0.6,0.1034482758620689,0.0,0.1298701298701298,0.0,0,1,0,0.6413619816975599,1,H
0.0,1.0,0.0,0.6,0.0344827586206896,0.0,0.5714285714285714,0.0,1,0,0,0.5470449158602013,1,H
0.0,1.0,0.0,0.4,0.0,0.0,0.5714285714285714,0.0,0,0,0,0.7973086948985412,0,H
0.0,1.0,0.4285714285714285,0.6,0.0689655172413793,1.0,0.0519480519480519,0.0,1,1,1,0.7605850639699643,1,H
0.0,0.8,0.0,0.6,0.0344827586206896,1.0,0.4285714285714285,0.0,0,0,0,0.5878989729581113,1,H
0.0,1.0,0.0,0.4,0.4827586206896552,1.0,0.2077922077922078,0.0833333333333333,1,1,1,0.8840870405841078,1,H
0.0,1.0,0.0,0.6,0.2068965517241379,1.0,0.5714285714285714,0.0,1,1,0,0.7531237040492013,1,H
0.0,1.0,0.0,0.0,0.1379310344827586,1.0,0.4675324675324675,0.0,0,0,0,0.6201586349475853,1,H
0.0,0.8,0.0,1.0,0.0344827586206896,0.0,0.5194805194805194,0.0,0,0,0,0.5933021669231376,1,H
0.0,0.8,0.0,0.6,0.2413793103448276,1.0,0.1038961038961039,0.0,0,1,1,0.8444827075502983,1,H
0.0,1.0,0.0,0.8,0.0344827586206896,1.0,0.0259740259740259,0.0,1,1,1,0.8076129475631106,1,H
0.0,0.8,0.0,0.4,0.2758620689655172,1.0,0.4415584415584415,0.0,1,1,1,0.8263053845859002,1,H
0.0,0.6,0.0,0.6,0.4482758620689655,1.0,0.3506493506493506,0.0,1,1,0,0.8266198192556733,1,H
0.0,1.0,0.0,0.8,0.0,0.0,0.2207792207792207,0.0,1,1,0,0.5073495946945094,1,H
0.0,0.2,0.0,0.6,0.0,0.0,0.3116883116883117,0.0,1,0,0,0.6814505653395783,1,H
0.0,0.0,0.0,0.6,0.0,0.0,0.4805194805194805,0.0,0,0,0,0.7044374994111937,1,H
0.0,1.0,0.0,0.4,0.0344827586206896,1.0,0.2857142857142857,0.0,0,0,0,0.5534013564527507,0,H
0.0,0.8,0.0,0.4,0.1034482758620689,1.0,0.1688311688311688,0.0,0,0,0,0.604416495656741,1,H
0.0,1.0,0.0,0.4,0.2068965517241379,0.0,0.1038961038961039,0.0,1,1,0,0.5655538299210822,1,H
0.1,1.0,0.0,0.6,0.1724137931034483,1.0,0.0129870129870129,0.1666666666666666,1,1,1,0.8925032239124995,1,H
0.0,1.0,0.0,0.6,0.0689655172413793,1.0,0.1428571428571428,0.0,0,1,1,0.5068492473723167,1,H
0.0,0.8,0.2857142857142857,0.4,0.0344827586206896,0.0,0.0519480519480519,0.0,0,0,0,0.5248349009019855,1,H
0.0,0.6,0.0,0.6,0.1034482758620689,0.0,0.2077922077922078,0.0,0,0,0,0.6045520751265572,1,H
0.0,0.6,0.0,0.6,0.0,1.0,0.1428571428571428,0.0,0,0,0,0.5335902461084688,1,H
0.0,0.8,0.0,0.4,0.0,0.0,0.1038961038961039,0.0,1,0,0,0.715094777464516,0,M
0.0,1.0,0.2857142857142857,0.6,0.0344827586206896,1.0,0.0259740259740259,0.0833333333333333,1,1,0,0.8857097660784555,1,H
0.0,1.0,0.0,0.6,0.0344827586206896,0.0,0.4675324675324675,0.0,1,0,0,0.5980914988320888,1,H
0.0,1.0,0.0,0.6,0.1034482758620689,0.0,0.1168831168831168,0.0,1,1,1,0.5728877794700015,1,H
0.0,0.6,0.0,0.4,0.0,1.0,0.2987012987012987,0.0,0,0,0,0.581788743626987,0,H
0.0,1.0,0.0,0.6,0.2413793103448276,1.0,0.1428571428571428,0.0,0,1,1,0.863598217156773,1,M
0.0,1.0,0.4285714285714285,0.6,0.4137931034482758,1.0,0.2857142857142857,0.0,1,1,1,0.9205052117949452,1,H
0.0,0.8,0.0,0.4,0.1034482758620689,1.0,0.2337662337662337,0.0,0,0,0,0.5237830199290473,1,H
0.0,1.0,0.0,0.6,0.0,1.0,0.4155844155844156,0.0,1,0,1,0.611204478109772,1,H
0.0,1.0,0.0,0.6,0.2068965517241379,1.0,0.1558441558441558,0.0,0,1,0,0.8682054635723405,1,H
0.0,1.0,0.0,0.8,0.0344827586206896,1.0,0.0909090909090909,0.0,0,1,0,0.6040191421917084,1,H
0.0,0.6,0.1428571428571428,0.4,0.0689655172413793,1.0,0.0909090909090909,0.0,0,0,0,0.5084644448934094,1,H
0.0,1.0,0.0,1.0,0.0344827586206896,0.0,0.2207792207792207,0.0,1,1,0,0.5874877670304243,1,H
0.0,0.8,0.0,0.2,0.0,1.0,0.5324675324675324,0.0,0,0,0,0.8050299438196277,0,H
0.0,1.0,0.0,0.4,0.0689655172413793,1.0,0.3116883116883117,0.0,0,0,0,0.6089427417301749,0,H
0.0,1.0,0.1428571428571428,0.4,0.0344827586206896,1.0,0.0129870129870129,0.0,0,1,1,0.7636959050049308,1,H
0.0,0.8,0.0,0.6,0.1724137931034483,0.0,0.6493506493506493,0.0,0,0,0,0.5237456141491088,1,H
0.0,1.0,0.0,0.8,0.3448275862068966,1.0,0.3376623376623376,0.0,1,1,1,0.8597311330607277,1,H
0.0,1.0,0.0,0.8,0.1034482758620689,0.0,0.1038961038961039,0.0,0,1,0,0.7120658128290294,1,H
0.0,0.6,0.0,0.6,0.1379310344827586,1.0,0.5324675324675324,0.0,0,0,0,0.6275819224953558,1,H
0.0,1.0,0.0,0.2,0.0344827586206896,1.0,0.0909090909090909,0.0,0,0,0,0.6288283643100836,0,H
0.0,1.0,0.0,0.6,0.4482758620689655,0.0,0.2077922077922078,0.0,0,1,0,0.7282457145943916,1,H
0.0,1.0,0.0,0.4,0.0689655172413793,1.0,0.0909090909090909,0.0,0,0,0,0.5848459629058887,0,H
0.0,0.4,0.0,0.6,0.1724137931034483,1.0,0.1428571428571428,0.0,1,0,1,0.5270624329944857,1,H
0.0,0.4,0.0,0.6,0.2758620689655172,1.0,0.4675324675324675,0.0,1,1,1,0.8407216113791149,1,H
0.0,0.8,0.0,0.4,0.0,1.0,0.0389610389610389,0.0,0,0,0,0.5399685143327796,1,H
0.0,1.0,0.0,0.6,0.1379310344827586,0.0,0.0389610389610389,0.0,0,1,1,0.703441359143634,1,M
0.0,1.0,0.0,0.6,0.2413793103448276,0.0,0.3896103896103896,0.0,1,1,0,0.5984075393497806,1,H
0.0,1.0,0.0,0.4,0.0344827586206896,1.0,0.4285714285714285,0.0,0,0,1,0.6391550500623702,0,H
0.0,0.4,0.0,0.4,0.0,0.0,0.2337662337662337,0.0,1,0,0,0.7787701429308873,0,M
0.0,1.0,0.0,0.4,0.0,1.0,0.4415584415584415,0.0,0,0,0,0.6819760540173978,0,H
0.3,1.0,0.0,0.6,0.2413793103448276,0.0,0.0649350649350649,0.0,1,1,0,0.76819265540912,1,H
0.0,0.8,0.0,1.0,0.0344827586206896,1.0,0.1948051948051948,0.0,0,1,0,0.5374629070020769,1,H
0.0,1.0,0.0,0.2,0.1034482758620689,1.0,0.3246753246753247,0.0,0,0,0,0.5613989800744255,1,H
0.0,0.6,0.0,0.4,0.0344827586206896,1.0,0.2207792207792207,0.0,0,0,0,0.6653375697992471,0,H
0.0,0.6,0.0,0.6,0.0,0.0,0.0389610389610389,0.0,0,0,0,0.5725158372506111,1,H
0.0,1.0,0.0,0.6,0.1724137931034483,1.0,0.4285714285714285,0.0,0,1,0,0.7549211939128685,1,H
0.0,0.8,0.0,0.6,0.2758620689655172,1.0,0.1298701298701298,0.0,0,1,0,0.9282867232378076,1,H
0.0,0.4,0.0,0.6,0.0,1.0,0.1688311688311688,0.0,0,0,0,0.6435193108250785,1,H
0.3,1.0,0.0,0.8,0.2068965517241379,1.0,0.1298701298701298,0.0,1,1,0,0.920908855003562,1,H
0.0,0.2,0.0,0.4,0.0,1.0,0.0909090909090909,0.0,0,0,0,0.6831419262250592,0,H
0.0,0.8,0.0,0.6,0.0344827586206896,1.0,0.1168831168831168,0.0,0,0,1,0.6001329080768637,1,H
0.0,1.0,0.0,0.8,0.2413793103448276,1.0,0.0779220779220779,0.0,0,1,0,0.8744287582920263,1,H
0.0,0.8,0.0,0.6,0.0344827586206896,1.0,0.3636363636363636,0.0,0,0,0,0.5954632070261796,1,H
0.0,1.0,0.0,0.4,0.0344827586206896,1.0,0.3896103896103896,0.0,1,0,0,0.6442103686875609,1,H
0.0,0.6,0.0,0.6,0.1724137931034483,1.0,0.4155844155844156,0.0,0,1,0,0.6520762397751765,1,H
0.0,0.6,0.0,0.6,0.1379310344827586,1.0,0.0779220779220779,0.0,0,1,0,0.7217080029391072,1,H
0.0,0.8,0.0,0.4,0.0689655172413793,1.0,0.0649350649350649,0.0,1,0,0,0.5774223632272083,1,H
0.0,1.0,0.0,0.6,0.2068965517241379,1.0,0.2077922077922078,0.0,1,1,1,0.8562871535843135,1,H
0.0,0.8,0.0,0.6,0.3103448275862069,1.0,0.1818181818181818,0.0,0,1,1,0.9245804197140772,1,M
0.1,0.8,0.0,0.4,0.1034482758620689,1.0,0.0649350649350649,0.1666666666666666,0,1,0,0.902979530431277,1,M
0.0,1.0,0.0,0.4,0.2068965517241379,1.0,0.2207792207792207,0.0,1,1,0,0.7375473507023395,1,H
0.0,1.0,0.0,0.4,0.0689655172413793,1.0,0.4285714285714285,0.0,0,0,0,0.6556345984965737,0,H
0.0,0.8,0.0,0.2,0.0,0.0,0.3246753246753247,0.0,1,0,1,0.7663351003021124,0,M
0.0,1.0,0.0,0.8,0.0344827586206896,1.0,0.1298701298701298,0.0,1,0,0,0.5281479851702094,1,H
0.0,0.6,0.2857142857142857,0.6,0.0,1.0,0.0259740259740259,0.0,1,0,1,0.5293686733831658,1,H
0.0,0.6,0.0,0.2,0.0,0.0,0.3376623376623376,0.0,0,0,0,0.8428637898858021,0,H
0.0,1.0,0.0,0.0,0.0,1.0,0.0909090909090909,0.0,0,0,0,0.5925995801166148,0,H
0.0,1.0,0.1428571428571428,0.6,0.0,1.0,0.0389610389610389,0.0,1,1,1,0.6225979539655988,1,H
0.0,0.8,0.0,0.4,0.1034482758620689,1.0,0.6753246753246753,0.0,0,0,0,0.6456811553902988,0,H
0.1,1.0,0.0,0.6,0.4137931034482758,1.0,0.0389610389610389,0.0,0,1,1,0.9681613065002552,1,H
0.0,1.0,0.0,0.6,0.4827586206896552,1.0,0.0649350649350649,0.3333333333333333,1,1,1,0.8747481176624242,1,H
0.0,0.8,0.0,0.4,0.0,0.0,0.4025974025974026,0.0,1,0,0,0.8069609020312668,1,H
0.0,1.0,0.0,0.6,0.0344827586206896,0.0,0.0,0.0833333333333333,0,1,0,0.7675539941502441,1,H
0.0,1.0,0.0,0.6,0.4827586206896552,1.0,0.2857142857142857,0.0,1,1,1,0.9310590066929224,1,H
0.0,1.0,0.0,0.4,0.0344827586206896,1.0,0.1948051948051948,0.0,0,0,0,0.5857812316781388,0,H
0.0,1.0,0.0,0.2,0.0344827586206896,1.0,0.2077922077922078,0.0,0,0,0,0.7034498151659931,0,H
0.0,1.0,0.0,0.6,0.0344827586206896,1.0,0.1428571428571428,0.0,1,1,1,0.5407853776521127,1,H
0.0,0.8,0.0,0.6,0.3448275862068966,1.0,0.5454545454545454,0.0,0,1,0,0.8382317526940625,1,M
0.0,0.4,0.0,0.4,0.1724137931034483,1.0,0.1558441558441558,0.0833333333333333,1,1,0,0.7666553493579769,1,H
0.0,0.8,0.0,0.6,0.7586206896551724,1.0,0.1428571428571428,0.0,1,1,1,0.9360774260062594,1,H
0.0,1.0,0.0,0.4,0.0,0.0,0.1558441558441558,0.0,0,0,0,0.7828917954077929,0,H
0.0,1.0,0.1428571428571428,1.0,0.1034482758620689,1.0,0.0389610389610389,0.0833333333333333,0,1,1,0.8576265624704678,1,H
0.0,1.0,0.0,1.0,0.2068965517241379,1.0,0.0259740259740259,0.0,0,1,0,0.6908173598888132,1,H
0.0,0.8,0.0,0.4,0.0,1.0,0.4935064935064935,0.0,1,0,0,0.7435136485549745,1,H
0.0,0.6,0.0,0.6,0.0689655172413793,1.0,0.3376623376623376,0.0,0,0,0,0.5295163587388878,1,H
0.0,1.0,0.0,0.6,0.1379310344827586,1.0,0.3116883116883117,0.0,0,1,0,0.7055925812920828,1,H
0.0,1.0,0.0,0.4,0.0,1.0,0.0779220779220779,0.0,0,1,0,0.5679025260160233,0,H
0.0,1.0,0.0,0.4,0.0344827586206896,0.0,0.1298701298701298,0.0,1,0,0,0.7543314258720063,1,H
0.0,0.8,0.0,0.2,0.1034482758620689,1.0,0.1298701298701298,0.0,1,0,0,0.7433058796299317,1,M
0.0,1.0,0.1428571428571428,0.6,0.3448275862068966,1.0,0.1558441558441558,0.0,1,1,1,0.904085034856249,1,H
0.0,1.0,0.0,0.8,0.0689655172413793,1.0,0.1818181818181818,0.0,1,1,0,0.5347780095762795,1,H
0.0,0.8,0.0,0.2,0.0689655172413793,1.0,0.0649350649350649,0.0,1,0,0,0.7204128209224998,1,H
0.0,0.8,0.0,0.2,0.0689655172413793,1.0,0.1688311688311688,0.0,0,0,0,0.7878525104159617,0,H
0.0,0.8,0.0,0.6,0.0689655172413793,1.0,0.2987012987012987,0.0,1,0,0,0.6101026837780981,1,H
0.0,1.0,0.2857142857142857,0.6,0.0,1.0,0.0389610389610389,0.0,1,1,1,0.7466811292433553,1,H
0.0,1.0,0.0,0.6,0.0,0.0,0.0259740259740259,0.0,1,1,1,0.6212158962598348,1,H
0.0,1.0,0.1428571428571428,0.2,0.1034482758620689,1.0,0.0519480519480519,0.1666666666666666,1,1,1,0.8103214440878558,1,H
0.0,1.0,0.0,0.2,0.1724137931034483,1.0,0.1428571428571428,0.0,1,0,1,0.5101905261838088,1,H
0.0,1.0,0.0,0.6,0.3103448275862069,1.0,0.0779220779220779,0.0,1,1,1,0.9076770200526636,1,H
0.0,1.0,0.0,0.8,0.1034482758620689,0.0,0.1168831168831168,0.0,1,1,0,0.6851629106374865,1,H
0.0,0.8,0.0,0.6,0.1724137931034483,1.0,0.2207792207792207,0.0,1,1,1,0.8853423679626057,1,H
0.0,0.8,0.0,0.6,0.1379310344827586,1.0,0.3246753246753247,0.0,0,1,0,0.6263796583833461,1,H
0.0,0.8,0.0,0.6,0.0344827586206896,0.0,0.3246753246753247,0.0,0,0,0,0.5014498762896777,1,H
0.0,1.0,0.0,0.4,0.2068965517241379,1.0,0.2077922077922078,0.0,0,1,0,0.790406841525363,1,M
0.0,0.8,1.0,0.4,0.1034482758620689,1.0,0.0519480519480519,0.0,0,1,0,0.5387625426552013,1,H
0.0,1.0,0.0,0.4,0.1034482758620689,1.0,0.2337662337662337,0.0,0,1,0,0.5173856308425502,1,H
0.0,1.0,0.0,0.8,0.0,1.0,0.0,0.0,0,1,0,0.666783880905371,1,H
0.0,0.8,0.0,0.6,0.2758620689655172,1.0,0.0649350649350649,0.0,1,1,1,0.9641551413527234,1,H
0.0,0.6,0.0,0.2,0.0,0.0,0.1298701298701298,0.0,0,0,0,0.8269926845415116,0,H
0.0,0.8,0.0,0.8,0.0344827586206896,0.0,0.1038961038961039,0.0,1,1,1,0.5292604019005173,1,H
0.0,1.0,0.0,0.4,0.0689655172413793,1.0,0.3896103896103896,0.0,0,0,0,0.6844970701273821,0,H
0.0,0.8,0.0,0.6,0.0689655172413793,0.0,0.1688311688311688,0.0,1,1,1,0.5107389267059947,1,H
0.0,1.0,0.0,0.4,0.1034482758620689,1.0,0.1038961038961039,0.0,1,0,0,0.5089951723870618,1,H
0.0,1.0,0.0,0.6,0.5862068965517241,1.0,0.0649350649350649,0.0,1,1,1,0.9539101652924532,1,H
0.0,1.0,0.0,0.8,0.4137931034482758,1.0,0.1298701298701298,0.0,0,1,0,0.9381466351059854,1,H
0.0,0.8,0.0,0.6,0.3448275862068966,1.0,0.5714285714285714,0.0,1,1,1,0.9490538243333224,1,H
0.0,1.0,0.0,0.8,0.0,1.0,0.0389610389610389,0.0,0,1,1,0.5761719713224359,1,H
0.0,0.4,0.0,0.6,0.3448275862068966,1.0,0.1168831168831168,0.0,1,1,0,0.749262020589319,1,H
0.0,1.0,0.0,0.4,0.1379310344827586,1.0,0.1168831168831168,0.0,0,1,0,0.6197130299494059,1,H
0.2,1.0,0.1428571428571428,0.6,0.0689655172413793,1.0,0.0259740259740259,0.0,1,1,1,0.8234153295807731,1,H
0.0,0.6,0.0,0.6,0.0,1.0,0.1818181818181818,0.0,0,0,0,0.6100460948462307,1,H
0.0,0.4,0.0,0.6,1.0,1.0,0.2857142857142857,0.0,1,1,1,0.8831509199159036,1,H
0.0,0.8,0.0,0.2,0.032258064516129,0.0,0.4545454545454545,0.0,1,0,0,0.7843840256422658,1,H
0.0,0.8,0.0,0.6,0.0,0.0,0.4675324675324675,0.0,0,0,0,0.706666912258467,1,H
0.0,1.0,0.1428571428571428,0.4,0.6774193548387096,0.0,0.3636363636363636,0.0833333333333333,1,1,1,0.8883927667497026,1,H
0.1,1.0,0.0,0.4,0.7741935483870968,1.0,0.0909090909090909,0.25,1,1,1,0.9345816510617,1,H
0.0,1.0,0.0,0.8,0.0,1.0,0.4025974025974026,0.0,0,0,0,0.5609990299330857,1,H
0.0,0.8,0.0,0.6,0.064516129032258,1.0,0.3506493506493506,0.0,1,0,1,0.6176033752764652,1,H
0.0,0.4,0.0,0.6,0.0,1.0,0.0779220779220779,0.0,1,0,1,0.5795262580633204,1,H
0.0,1.0,0.0,0.6,0.0,0.0,0.4155844155844156,0.0,0,0,0,0.5827342448594738,1,H
0.0,1.0,0.0,0.6,0.2258064516129032,0.0,0.4545454545454545,0.0,0,1,0,0.8091045010416489,1,H
0.0,0.8,0.1428571428571428,0.8,0.2258064516129032,1.0,0.1428571428571428,0.0,1,1,1,0.7759544155904063,1,H
0.0,0.8,0.0,0.2,0.0967741935483871,1.0,0.2337662337662337,0.0,1,0,0,0.6305044342282188,1,H
0.1,1.0,0.0,0.6,0.5161290322580645,1.0,0.3376623376623376,0.0,0,1,0,0.9747650145858456,1,M
0.0,1.0,0.0,0.4,0.1612903225806451,1.0,0.1168831168831168,0.0,0,1,1,0.7864745921577487,1,H
0.0,0.8,0.0,0.6,0.064516129032258,1.0,0.5064935064935064,0.0,0,0,0,0.5370400447560162,1,H
0.1,0.6,0.0,0.6,0.032258064516129,1.0,0.0259740259740259,0.0,0,1,1,0.8468471698476042,1,M
0.0,0.8,0.0,0.6,0.064516129032258,1.0,0.3246753246753247,0.0,0,1,1,0.5245831134431834,1,H
0.0,0.4,0.0,0.8,0.0,1.0,0.1818181818181818,0.0,0,0,0,0.5925045095451493,1,H
0.0,0.6,0.0,0.6,0.032258064516129,1.0,0.1688311688311688,0.0,0,0,0,0.5330255668432885,1,H
0.0,0.8,0.0,0.6,0.3548387096774194,0.0,0.2857142857142857,0.0,0,1,0,0.7893759107342307,1,H
0.6,0.8,0.0,0.6,0.5483870967741935,1.0,0.2597402597402597,0.0833333333333333,1,1,1,0.9018101587924428,1,H
0.0,1.0,0.0,0.8,0.2258064516129032,1.0,0.1948051948051948,0.0,0,1,0,0.8514970669276104,1,H
0.3,1.0,0.1428571428571428,0.8,0.1290322580645161,1.0,0.1298701298701298,0.0,0,1,0,0.8349869210205267,1,M
0.0,0.8,0.0,0.6,0.0,1.0,0.1168831168831168,0.0,1,0,1,0.6110219431068917,1,H
0.0,1.0,0.0,0.6,0.0967741935483871,1.0,0.2597402597402597,0.0,1,1,1,0.5861599369616123,1,H
0.0,1.0,0.0,0.6,0.0967741935483871,1.0,0.0129870129870129,0.25,1,1,1,0.840009396424628,1,H
0.4,1.0,0.1428571428571428,0.6,0.4516129032258064,1.0,0.3636363636363636,0.0,1,1,1,0.9538273497047624,1,H
0.0,0.2,0.0,0.6,0.0967741935483871,1.0,0.3506493506493506,0.0,1,0,1,0.6233021256382486,1,H
0.0,1.0,0.0,0.8,0.032258064516129,0.0,0.0519480519480519,0.0,0,1,0,0.6982123703767978,1,H
0.0,0.8,0.0,0.6,0.0967741935483871,0.0,0.1428571428571428,0.0,1,1,1,0.5549421071514322,1,H
0.0,1.0,0.1428571428571428,0.6,0.064516129032258,1.0,0.0129870129870129,0.0,0,1,0,0.7686615912700553,1,H
0.0,0.8,0.0,0.6,0.2903225806451613,1.0,0.1168831168831168,0.0,0,1,1,0.9112040709894604,1,M
0.0,1.0,0.0,0.6,0.1290322580645161,0.0,0.0909090909090909,0.0833333333333333,0,1,0,0.8200400783472646,1,H
0.0,1.0,0.0,0.8,0.0967741935483871,0.0,0.1688311688311688,0.0,1,1,1,0.7115830873748911,1,H
0.0,0.8,0.0,0.8,0.0,1.0,0.1428571428571428,0.0,1,1,0,0.5222254670681721,1,H
0.0,0.8,0.0,0.6,0.1290322580645161,1.0,0.0649350649350649,0.0,1,1,0,0.7222667487292349,1,H
0.0,1.0,0.0,0.4,0.032258064516129,1.0,0.0909090909090909,0.0,0,0,1,0.6251328734454892,0,H
0.0,1.0,0.0,0.2,0.064516129032258,1.0,0.0649350649350649,0.0,1,0,1,0.5528815990132148,1,H
0.0,0.8,0.0,0.4,0.0,1.0,0.3896103896103896,0.0,0,0,0,0.693010663120302,0,H
0.0,0.2,0.0,0.6,0.0,1.0,0.3766233766233766,0.0,0,0,0,0.6621283725054742,1,H
0.0,0.6,0.0,0.6,0.6129032258064516,1.0,0.2857142857142857,0.0,0,1,1,0.9285010983000404,1,M
0.0,0.6,0.0,0.2,0.032258064516129,1.0,0.1558441558441558,0.0,0,0,0,0.659405693875783,0,H
0.0,0.8,0.0,0.4,0.064516129032258,0.0,0.0909090909090909,0.0,1,1,0,0.5449859609096295,1,H
0.0,0.8,0.0,0.4,0.064516129032258,1.0,0.1688311688311688,0.0,1,0,1,0.6698641288915367,1,H
0.0,0.6,0.0,0.2,0.0,1.0,0.2207792207792207,0.0,0,0,0,0.7872485192208805,0,H
0.0,0.6,0.0,0.8,0.0,1.0,0.0259740259740259,0.0,1,0,0,0.6252135407729774,1,H
0.0,1.0,0.0,0.4,0.1290322580645161,1.0,0.1428571428571428,0.0,0,1,0,0.6399733188126321,1,H
0.0,1.0,0.0,0.6,0.0967741935483871,1.0,0.2467532467532467,0.0,1,1,1,0.6954678967859126,1,H
0.0,0.8,0.0,0.4,0.0,1.0,0.3246753246753247,0.0,0,0,1,0.6866126848714215,0,H
0.0,0.8,0.0,0.6,0.3225806451612903,1.0,0.1948051948051948,0.0,0,1,0,0.969987340467272,1,M
0.0,1.0,0.1428571428571428,0.6,0.2258064516129032,1.0,0.1688311688311688,0.0,1,1,1,0.846050161071119,1,H
0.0,0.8,0.0,0.4,0.064516129032258,1.0,0.1298701298701298,0.0,1,0,1,0.5647437975920432,1,H
0.0,1.0,0.0,0.6,0.0967741935483871,1.0,0.3636363636363636,0.0,1,1,1,0.6559446303650509,1,H
0.0,1.0,0.0,0.6,0.032258064516129,0.0,0.3246753246753247,0.0,0,1,0,0.5356515608882382,1,H
0.0,1.0,0.0,0.6,0.4193548387096774,1.0,0.1818181818181818,0.0,1,1,1,0.9648665384223826,1,H
0.0,0.4,0.0,0.4,0.0,0.0,0.1168831168831168,0.0,0,0,1,0.7411047317371008,0,H
0.0,0.8,0.0,0.2,0.0,1.0,0.1558441558441558,0.0,0,0,0,0.6213636587292198,0,H
0.0,0.8,0.0,0.4,0.1612903225806451,1.0,0.5064935064935064,0.0,1,1,0,0.7002240392839814,1,H
0.0,0.8,0.0,0.4,0.0,0.0,0.3116883116883117,0.0,1,0,0,0.6166707923430059,1,H
0.0,1.0,0.0,0.6,0.2258064516129032,1.0,0.1298701298701298,0.0,1,1,0,0.9303943708387494,1,H
0.0,1.0,0.0,1.0,0.0,1.0,0.0519480519480519,0.0,0,1,0,0.5691256622141564,1,H
0.0,0.8,0.0,0.4,0.0967741935483871,0.0,0.1948051948051948,0.0,1,1,0,0.577034320393807,1,H
0.0,1.0,0.0,0.8,0.4838709677419355,1.0,0.1038961038961039,0.0,1,1,1,0.884610310499044,1,H
0.0,0.4,0.0,0.4,0.0967741935483871,1.0,0.2207792207792207,0.0,1,1,1,0.5177112750068391,1,H
0.0,0.8,0.0,0.6,0.0,0.0,0.3506493506493506,0.0,1,0,0,0.6157821420112328,1,H
0.0,0.6,0.0,0.6,0.3548387096774194,1.0,0.0649350649350649,0.0,1,1,1,0.9215439667702342,1,H
0.0,1.0,0.0,0.6,0.2580645161290322,1.0,0.2337662337662337,0.0,0,1,0,0.9361855721666056,1,M
0.0,0.8,0.2857142857142857,0.6,0.032258064516129,1.0,0.0,0.0,0,1,0,0.5765885244903208,1,H
0.0,0.8,0.1428571428571428,0.6,0.1290322580645161,1.0,0.0519480519480519,0.0,1,1,1,0.5925524989445027,1,H
0.0,0.8,0.0,0.4,0.032258064516129,0.0,0.2857142857142857,0.0,1,0,0,0.6029934537261227,1,H
0.0,0.6,0.0,0.6,0.0,0.0,0.0649350649350649,0.0,1,0,0,0.6078078337932337,1,H
0.0,0.8,0.0,0.6,0.3225806451612903,1.0,0.1558441558441558,0.0,1,1,1,0.961878276419364,1,H
0.0,1.0,0.0,0.4,0.0,0.0,0.1168831168831168,0.0,0,0,0,0.5665480181628606,0,H
0.0,0.8,0.1428571428571428,0.4,0.064516129032258,1.0,0.1428571428571428,0.0,0,0,1,0.535028165400865,1,H
0.0,0.8,0.0,0.6,0.1612903225806451,1.0,0.0259740259740259,0.0,1,1,1,0.9052823928285064,1,H
0.0,1.0,0.0,0.4,0.2258064516129032,1.0,0.2467532467532467,0.0,1,1,0,0.9283559943281536,1,H
0.1,1.0,0.0,0.0,0.3870967741935484,1.0,0.3376623376623376,0.0,0,1,1,0.8275519886849192,1,H
0.0,0.6,0.0,0.6,0.1612903225806451,1.0,0.2077922077922078,0.0,0,1,1,0.8447886510745195,1,H
0.0,0.8,0.0,0.4,0.0,1.0,0.1558441558441558,0.0,0,0,0,0.6411816187771558,0,H
0.0,0.8,0.0,0.4,0.2258064516129032,0.0,0.1818181818181818,0.0,0,1,0,0.8228526489988655,1,M
0.0,1.0,0.0,0.6,0.3870967741935484,1.0,0.4805194805194805,0.0,1,1,1,0.8605289543349515,1,H
0.0,0.8,0.0,0.4,0.032258064516129,1.0,0.2337662337662337,0.0,0,0,0,0.6882366155371042,0,H
0.0,0.8,0.0,0.4,0.0967741935483871,1.0,0.3376623376623376,0.0,1,1,1,0.5667528878943087,1,H
0.0,0.8,0.0,0.4,0.032258064516129,1.0,0.1558441558441558,0.0,1,0,1,0.6757017748155161,1,H
0.0,0.8,0.0,0.4,0.0,1.0,0.1298701298701298,0.0,1,0,1,0.6714779802710228,1,H
0.0,0.6,0.0,0.8,0.032258064516129,1.0,0.1298701298701298,0.0,1,1,0,0.6582487322062992,1,H
0.0,0.4,0.0,0.8,0.1935483870967742,1.0,0.2597402597402597,0.0,0,1,0,0.6427441634835926,1,H
0.0,1.0,0.0,0.6,0.032258064516129,1.0,0.0259740259740259,0.0833333333333333,0,1,1,0.8720432354493637,1,M
0.0,1.0,0.0,0.6,0.032258064516129,0.0,0.0389610389610389,0.0,1,1,0,0.6463629630400131,1,H
0.0,0.8,0.0,0.4,0.064516129032258,1.0,0.4285714285714285,0.0,0,1,0,0.5111492094093172,0,H
0.0,1.0,0.0,0.4,0.064516129032258,1.0,0.0389610389610389,0.0,0,1,1,0.5174171835744655,1,H
0.0,1.0,0.0,0.4,0.0,1.0,0.2857142857142857,0.0,0,0,0,0.6010222941969943,0,H
0.0,1.0,0.0,0.6,0.0967741935483871,1.0,0.0259740259740259,0.0,0,1,1,0.6848944708947585,1,H
0.0,1.0,0.0,0.6,0.0967741935483871,0.0,0.0909090909090909,0.0,1,1,0,0.7350190668422703,1,H
0.0,1.0,0.0,0.4,0.0967741935483871,1.0,0.6493506493506493,0.0,0,0,0,0.540378995142147,0,H
0.1,1.0,0.0,0.6,0.1935483870967742,1.0,0.0909090909090909,0.0833333333333333,0,1,1,0.9542237267917942,1,H
0.2,1.0,0.0,0.4,0.5806451612903226,1.0,0.2857142857142857,0.0,1,1,1,0.9619014460071484,1,H
0.2,1.0,0.0,0.2,0.2903225806451613,1.0,0.1818181818181818,0.0,1,1,1,0.7214488232445311,1,H
0.0,0.8,0.0,0.4,0.032258064516129,1.0,0.1818181818181818,0.0,0,0,0,0.6193377603493574,0,H
0.0,0.8,0.0,0.6,1.0,1.0,0.5194805194805194,0.0,1,1,0,0.8374458842533765,1,H
0.0,0.8,0.0,0.4,0.1428571428571428,1.0,0.1168831168831168,0.0,1,1,1,0.6347189448191515,1,H
0.0,0.8,0.0,0.6,0.1714285714285714,1.0,0.0389610389610389,0.0,1,1,1,0.8822985140567454,1,H
0.0,0.8,0.0,0.4,0.0285714285714285,1.0,0.5454545454545454,0.0,1,0,0,0.599905211942685,1,H
0.0,0.8,0.0,0.4,0.0,0.0,0.1818181818181818,0.0,0,0,0,0.5775251275732666,0,H
0.0,1.0,0.0,0.6,0.4571428571428571,1.0,0.2207792207792207,0.0,1,1,1,0.9542670849216192,1,H
0.0,0.6,0.0,0.8,0.0857142857142857,1.0,0.3896103896103896,0.0,1,0,0,0.5510101131302051,1,H
0.1,1.0,0.1428571428571428,0.8,0.4,1.0,0.0779220779220779,0.5,1,1,1,0.9079485200578832,1,H
0.0,0.6,0.0,0.4,0.0,0.0,0.0259740259740259,0.0,1,0,1,0.6592841859881812,1,H
0.0,0.8,0.0,0.2,0.0857142857142857,1.0,0.2467532467532467,0.0,0,0,0,0.5832637618401482,1,H
0.0,0.8,0.0,0.4,0.0,1.0,0.2727272727272727,0.0,1,0,1,0.6345497103753079,1,H
0.0,0.8,0.0,0.8,0.0,1.0,0.2987012987012987,0.0,0,1,0,0.6320040353100914,1,H
0.0,1.0,0.0,0.6,0.0,0.0,0.0909090909090909,0.0,1,1,0,0.683873330896475,1,H
0.0,1.0,0.0,0.6,0.2,1.0,0.1948051948051948,0.0,0,1,0,0.9299796374611756,1,H
0.0,0.8,0.0,0.4,0.0,0.0,0.6233766233766234,0.0,0,0,0,0.6056530992349021,0,H
0.0,0.8,0.0,0.6,0.0,1.0,0.2467532467532467,0.0,0,1,0,0.5252084962526011,1,H
0.0,0.4,0.0,0.6,0.0,0.0,0.3766233766233766,0.0,1,0,0,0.5303618269211207,1,H
0.0,1.0,0.0,0.4,0.4857142857142857,1.0,0.2987012987012987,0.0,1,1,1,0.8516731346385441,1,H
0.0,1.0,0.0,0.6,0.3714285714285714,1.0,0.4025974025974026,0.0,1,1,1,0.8951100362183361,1,H
0.0,1.0,1.0,0.8,0.2285714285714285,1.0,0.0909090909090909,0.3333333333333333,0,1,0,0.7990851043139269,1,H
0.0,0.0,0.0,0.4,0.0,1.0,0.1298701298701298,0.0,1,0,0,0.522561448087101,1,H
0.0,0.8,0.0,0.4,0.0,1.0,0.2467532467532467,0.0,1,0,1,0.5880321819973627,1,H
0.0,1.0,0.0,0.4,0.0285714285714285,0.0,0.0519480519480519,0.0833333333333333,0,1,0,0.7196903493354981,1,M
0.0,0.6,0.0,0.4,0.0571428571428571,1.0,0.3116883116883117,0.0,0,1,1,0.5007100645294783,0,H
0.0,0.6,0.2,0.6,0.0285714285714285,1.0,0.0259740259740259,0.0,0,1,0,0.5803871417430275,1,H
0.0,1.0,0.0,0.6,0.0285714285714285,1.0,0.1558441558441558,0.0,0,1,0,0.6727347309679623,1,H
0.0,0.4,0.0,0.4,0.0285714285714285,1.0,0.3896103896103896,0.0,1,1,0,0.5007142495317963,1,H
0.0,1.0,0.0,0.8,0.1428571428571428,1.0,0.1168831168831168,0.0,0,1,0,0.8234927381212028,1,H
0.1,1.0,0.0,0.4,0.2285714285714285,1.0,0.1168831168831168,0.1666666666666666,0,1,0,0.9701845125616938,1,M
0.0,0.8,0.0,0.8,0.3714285714285714,0.0,0.1038961038961039,0.0,0,1,0,0.8408092631222388,1,H
0.0,1.0,0.0,0.6,0.1142857142857142,0.0,0.2077922077922078,0.0,1,1,0,0.6970683700112734,1,H
0.0,0.4,0.0,0.4,0.0857142857142857,1.0,0.2077922077922078,0.0,1,1,1,0.6113977359094915,1,H
0.0,0.6,0.0,0.6,0.0285714285714285,1.0,0.5064935064935064,0.0,0,0,0,0.5051047345770655,1,H
0.0,1.0,0.0,0.6,0.9428571428571428,1.0,0.4155844155844156,0.0,0,1,0,0.891667717946834,1,M
0.0,1.0,0.0,0.2,0.3142857142857143,1.0,0.2727272727272727,0.0,1,1,1,0.7490145146726778,1,H
0.0,1.0,0.0,0.6,0.1428571428571428,1.0,0.0649350649350649,0.0,1,1,1,0.8073571193945045,1,H
0.0,1.0,0.0,0.4,0.0857142857142857,1.0,0.4285714285714285,0.0,0,0,1,0.5941280403713791,0,H
0.0,1.0,0.0,0.8,0.1142857142857142,0.0,0.0389610389610389,0.0,1,1,0,0.8112368698787252,1,H
0.0,0.8,0.1,0.6,0.0285714285714285,1.0,0.0649350649350649,0.0,1,1,1,0.5200334263813319,1,H
0.0,1.0,0.0,0.8,0.1428571428571428,1.0,0.1428571428571428,0.0,1,1,1,0.8264495124946928,1,H
0.0,1.0,0.0,0.4,0.0,0.0,0.2857142857142857,0.0,0,0,0,0.6379458532246206,0,H
0.0,0.8,0.0,0.4,0.1142857142857142,0.0,0.2987012987012987,0.0,0,1,1,0.6605807881791518,1,H
0.0,0.8,0.0,0.4,0.0285714285714285,1.0,0.1168831168831168,0.0,1,0,1,0.5375097404468941,1,H
0.0,1.0,0.0,0.2,0.0857142857142857,0.0,0.2597402597402597,0.0,0,0,0,0.5250428901284994,1,H
0.0,0.8,0.0,0.6,0.0285714285714285,1.0,0.5194805194805194,0.0,1,0,1,0.5651151924432033,1,H
0.0,1.0,0.0,0.8,0.2,1.0,0.0649350649350649,0.0,1,1,1,0.9650620136332292,1,H
0.0,0.8,0.0,0.4,0.0,0.0,0.2207792207792207,0.0,1,0,0,0.6239425001845225,1,H
0.0,0.8,0.0,0.2,0.1714285714285714,1.0,0.3116883116883117,0.0,1,1,1,0.8155170824716299,1,H
0.0,0.8,0.0,0.8,0.1714285714285714,1.0,0.0649350649350649,0.0,1,1,0,0.952608951572766,1,H
0.0,0.8,0.0,0.6,0.2857142857142857,1.0,0.4545454545454545,0.0,1,1,0,0.9242340288693924,1,H
0.0,0.6,0.0,0.6,0.0571428571428571,1.0,0.2077922077922078,0.0,0,1,0,0.5158632611176543,1,H
0.0,1.0,0.0,0.4,0.0571428571428571,0.0,0.2207792207792207,0.0,1,1,0,0.588656406613918,1,H
0.0,1.0,0.0,0.8,0.1714285714285714,1.0,0.1948051948051948,0.0,1,1,0,0.9403838658853908,1,H
0.0,1.0,0.0,0.8,0.1428571428571428,1.0,0.1298701298701298,0.0,0,1,0,0.9025905842544664,1,M
0.0,0.8,0.0,0.2,0.0,1.0,0.3376623376623376,0.0,1,0,0,0.6816087369399889,1,H
0.0,1.0,0.0,0.6,0.0,1.0,0.1818181818181818,0.0,1,1,1,0.5728605349894784,1,H
0.0,0.8,0.0,0.4,0.0571428571428571,1.0,0.3246753246753247,0.0,0,0,1,0.5574638803860253,0,H
0.0,0.8,0.1,0.6,0.5142857142857142,1.0,0.1038961038961039,0.0,1,1,1,0.8939893449009607,1,H
0.0,1.0,0.0,0.4,0.6571428571428571,1.0,0.3636363636363636,0.0,1,1,1,0.8685020205277222,1,H
0.2,1.0,0.0,0.6,0.4,1.0,0.1038961038961039,0.0,1,1,1,0.9804194159083544,1,H
0.0,1.0,0.0,0.2,0.2,1.0,0.3766233766233766,0.0,1,1,1,0.838383025015859,1,H
0.0,1.0,0.0,0.6,0.5428571428571428,1.0,0.1558441558441558,0.0,0,1,1,0.961297992165858,1,H
0.0,1.0,0.0,0.8,0.0,0.0,0.0389610389610389,0.0,1,1,1,0.7021290171893002,1,H
0.0,1.0,0.2,0.2,0.6857142857142857,1.0,0.4025974025974026,0.0,0,1,1,0.7553087913149165,1,H
0.2,1.0,0.0,0.6,0.3142857142857143,1.0,0.1168831168831168,0.0833333333333333,1,1,0,0.9825506648792582,1,H
0.0,0.8,0.0,0.6,0.0857142857142857,0.0,0.0389610389610389,0.0,0,1,1,0.716631382399896,1,M
0.0,1.0,0.0,0.6,0.2285714285714285,1.0,0.0779220779220779,0.0,1,1,1,0.9607032351363092,1,H
0.0,1.0,0.0,0.6,0.3142857142857143,1.0,0.3766233766233766,0.0,0,1,0,0.8885966206769847,1,H
0.2,1.0,0.0,0.6,0.2285714285714285,1.0,0.1428571428571428,0.0,1,1,1,0.9762161288349992,1,H
0.0,0.8,0.0,0.2,0.2285714285714285,1.0,0.2077922077922078,0.0,0,1,0,0.7360219255570745,1,H
0.0,1.0,0.0,0.6,0.6285714285714286,1.0,0.4805194805194805,0.0,1,1,1,0.8710484106706267,1,H
0.0,1.0,0.3,0.6,0.0857142857142857,1.0,0.0649350649350649,0.0,0,1,1,0.7058775124872768,1,M
0.0,0.6,0.0,0.6,0.0571428571428571,0.0,0.0519480519480519,0.0,1,1,1,0.5749575343957021,1,H
0.0,0.8,0.1,0.4,0.0857142857142857,0.0,0.0129870129870129,0.1666666666666666,1,1,1,0.7284041326667166,1,H
0.0,0.8,0.0,0.4,0.0,1.0,0.2207792207792207,0.0,1,0,1,0.5161029853586268,1,H
0.0,1.0,0.0,0.6,0.3142857142857143,1.0,0.1168831168831168,0.0833333333333333,1,1,1,0.9640741466230696,1,H
0.0,0.8,0.0,0.4,0.0857142857142857,1.0,0.5584415584415584,0.0,0,0,0,0.5324657872569082,0,H
0.0,0.6,0.0,0.8,0.0857142857142857,1.0,0.3116883116883117,0.0,0,1,0,0.7092997781571272,1,H
0.0,1.0,0.0,0.6,0.1428571428571428,1.0,0.0389610389610389,0.0,0,1,0,0.936130796945949,1,M
0.0,1.0,0.0,0.6,0.6,1.0,0.1428571428571428,0.1666666666666666,0,1,1,0.968234316516788,1,H
0.0,1.0,0.0,0.6,0.0857142857142857,1.0,0.2207792207792207,0.0,1,1,1,0.7764945388347915,1,H
0.0,1.0,0.0,0.6,0.6285714285714286,1.0,0.2077922077922078,0.0,1,1,1,0.9760610830021428,1,H
0.0,1.0,0.0,0.8,0.0285714285714285,1.0,0.0129870129870129,0.0,0,1,0,0.8319296157893568,1,M
0.0,1.0,0.0,0.6,0.0285714285714285,0.0,0.1688311688311688,0.0,1,1,0,0.7806727345315675,1,H
0.0,1.0,0.0,0.6,0.1428571428571428,1.0,0.2727272727272727,0.0,1,1,1,0.935605657965586,1,H
0.0,0.8,0.0,0.6,0.1142857142857142,1.0,0.1688311688311688,0.0,0,1,1,0.7799703494606534,1,H
0.0,1.0,0.0,0.2,0.0,0.0,0.0519480519480519,0.0,0,0,0,0.5006768701982144,0,H
0.0,0.8,0.0,0.2,0.0857142857142857,1.0,0.4025974025974026,0.0,1,1,1,0.5065153796147431,1,H
0.0,1.0,0.0,0.4,0.0,0.0,0.1818181818181818,0.0,0,1,0,0.5109816483931174,0,H
0.0,1.0,0.0,0.6,0.2857142857142857,1.0,0.0909090909090909,0.0,1,1,1,0.9807608499968022,1,H
0.0,1.0,0.0,1.0,0.0571428571428571,1.0,0.0519480519480519,0.0,0,1,0,0.8111129328168364,1,H
0.0,1.0,0.0,0.6,0.0285714285714285,0.0,0.0649350649350649,0.0,0,1,0,0.7584080022508299,1,H
0.0,1.0,0.0,0.8,0.0285714285714285,0.0,0.2597402597402597,0.0,1,1,0,0.6438242180013155,1,H
0.0,1.0,0.1,0.6,0.0285714285714285,1.0,0.0779220779220779,0.0,0,1,1,0.835005289134087,1,H
0.0,1.0,0.1,0.6,0.6285714285714286,1.0,0.1688311688311688,0.0,1,1,1,0.9530777505916752,1,H
0.0,1.0,0.2,0.6,0.0571428571428571,1.0,0.0649350649350649,0.0,1,1,1,0.6556454544017332,1,H
0.0,0.8,0.0,0.4,0.0285714285714285,0.0,0.3766233766233766,0.0,0,0,1,0.5144038038960816,0,H
0.0,0.8,0.0,0.0,0.0571428571428571,1.0,0.1948051948051948,0.0,0,0,0,0.5208672579341579,0,H
0.0,1.0,0.0,0.8,0.2285714285714285,1.0,0.1298701298701298,0.0,1,1,1,0.9856264933191276,1,H
0.0,0.8,0.0,0.6,0.0,1.0,0.5324675324675324,0.0,0,0,0,0.5788917820959774,1,H
0.1,1.0,0.0,0.6,0.0571428571428571,1.0,0.0519480519480519,0.0,1,1,1,0.7898436895001076,1,H
0.0,0.8,0.0,0.6,0.1714285714285714,1.0,0.2077922077922078,0.0,0,1,1,0.9447612622842138,1,H
0.0,0.8,0.0,0.8,0.0857142857142857,1.0,0.0519480519480519,0.1666666666666666,1,1,1,0.7702878512664458,1,H
0.0,0.6,0.0,0.6,0.2,1.0,0.1298701298701298,0.0,1,1,1,0.965214584404348,1,H
0.0,1.0,0.0,0.2,0.2285714285714285,1.0,0.1818181818181818,0.0,0,1,1,0.7489552955559974,1,M
0.0,1.0,0.0,1.0,0.2857142857142857,1.0,0.2207792207792207,0.0,1,1,1,0.8819098970694833,1,H
0.0,1.0,0.0,0.6,0.5428571428571428,1.0,0.1688311688311688,0.0,1,1,1,0.9043100224788652,1,H
0.0,0.8,0.0,0.4,0.0285714285714285,1.0,0.3766233766233766,0.0,1,0,1,0.550188747659265,1,H
0.0,1.0,0.0,0.4,0.0,0.0,0.1688311688311688,0.0,0,0,1,0.6041308887318176,0,H
0.0,0.4,0.0,0.8,0.1142857142857142,1.0,0.4675324675324675,0.0,0,1,0,0.649559112160817,0,H
0.0,0.4,0.0,0.6,0.0571428571428571,1.0,0.0779220779220779,0.0,1,1,0,0.732178473205799,1,H
0.0,1.0,0.3,0.6,0.1142857142857142,1.0,0.0649350649350649,0.0,1,1,1,0.8341288821677135,1,H
0.0,1.0,0.0,0.6,0.0571428571428571,1.0,0.2337662337662337,0.0,1,1,1,0.6491201898102078,1,H
0.0,1.0,0.0,0.2,0.0285714285714285,1.0,0.7532467532467533,0.0,1,0,1,0.6213636243043401,1,H
0.0,1.0,0.0,1.0,0.0285714285714285,1.0,0.0389610389610389,0.0,0,1,0,0.6750012059883145,1,H
0.0,0.6,0.0,0.6,0.2,1.0,0.1168831168831168,0.0,1,1,0,0.9654608979988988,1,H
0.0,0.8,0.0,0.6,0.0285714285714285,1.0,0.1558441558441558,0.0,0,1,0,0.687260577547,1,H
0.0,1.0,0.0,0.6,0.0857142857142857,1.0,0.5194805194805194,0.0,1,1,1,0.6510132659535245,1,H
0.0,0.8,0.0,0.8,0.0,0.0,0.4545454545454545,0.0,1,1,1,0.5112316956789236,1,H
0.0,1.0,0.0,0.2,0.2,1.0,0.1298701298701298,0.0,1,1,1,0.8267221735673298,1,H
0.0,0.8,0.0,0.4,0.0285714285714285,1.0,0.2727272727272727,0.0,0,0,0,0.5014283335217149,0,H
0.0,0.8,0.0,0.6,0.0,1.0,0.0519480519480519,0.0,0,1,0,0.7119122446069482,1,M
0.0,0.8,0.1,0.6,0.2,1.0,0.0519480519480519,0.0,0,1,0,0.9800473857494276,1,H
0.0,0.8,0.0,0.6,0.0571428571428571,1.0,0.0909090909090909,0.0,1,1,0,0.8164399671001408,1,H
0.0,1.0,0.0,0.4,0.0,1.0,0.1168831168831168,0.0,0,0,1,0.5293833996800916,0,H
0.0,0.8,0.0,0.6,0.0285714285714285,0.0,0.1298701298701298,0.0,1,1,1,0.7233336496549917,1,H
0.0,0.4,0.0,0.4,0.0,1.0,0.5454545454545454,0.0,1,1,0,0.505397056006609,1,H
0.0,1.0,0.0,0.2,0.0571428571428571,1.0,0.0909090909090909,0.0,0,1,0,0.5021921036158973,0,H
0.0,0.8,0.0,0.4,0.0,1.0,0.4415584415584415,0.0,0,0,0,0.5457117923236462,0,H
0.0,1.0,0.0,0.2,0.0571428571428571,0.0,0.0649350649350649,0.0,1,0,0,0.5452145108382235,1,H
0.0,0.8,0.0,0.4,0.0,1.0,0.4155844155844156,0.0,1,0,0,0.5973740010409373,1,H
0.0,1.0,0.0,0.6,0.3142857142857143,0.0,0.3246753246753247,0.0833333333333333,1,1,1,0.8812032403421375,1,H
0.0,1.0,0.1,0.6,0.0857142857142857,1.0,0.0909090909090909,0.0,0,1,0,0.8960400001534503,1,M
0.0,1.0,0.1,0.6,0.1714285714285714,1.0,0.0649350649350649,0.0,1,1,1,0.9073685467946272,1,H
0.0,0.8,0.0,0.4,0.0,1.0,0.4675324675324675,0.0,1,0,0,0.5495229979619979,1,H
0.0,1.0,0.0,0.6,0.4571428571428571,1.0,0.5064935064935064,0.0,1,1,1,0.9330133202583508,1,H
0.0,0.8,0.0,0.4,0.0571428571428571,0.0,0.1428571428571428,0.0,1,1,1,0.5632402976981975,1,H
0.0,1.0,0.0,0.6,0.1428571428571428,0.0,0.1688311688311688,0.0,0,1,0,0.95005620897971,1,M
0.0,0.8,0.0,0.6,0.4,1.0,0.3506493506493506,0.0,1,1,1,0.9528251794014612,1,H
0.0,0.6,0.0,0.2,0.0,1.0,0.2727272727272727,0.0,0,0,0,0.6279409362470849,0,H
0.0,1.0,0.1,0.6,0.1428571428571428,1.0,0.2077922077922078,0.0,0,1,0,0.9463818906695692,1,H
0.0,0.6,0.1,0.6,0.0,1.0,0.0389610389610389,0.0,1,1,1,0.8453863646584149,1,H
0.0,0.4,0.0,0.6,0.0285714285714285,1.0,0.2987012987012987,0.0,0,1,0,0.5246545564039959,1,H
0.0,1.0,0.3,0.4,0.2571428571428571,0.0,0.1298701298701298,0.0,0,1,1,0.725808304003399,1,H
0.0,0.8,0.0,0.6,0.1428571428571428,1.0,0.4675324675324675,0.0,0,1,0,0.8949927410544712,1,M
0.0,1.0,0.1,0.8,0.2285714285714285,1.0,0.0779220779220779,0.0,0,1,0,0.8541117193443261,1,M
0.0,1.0,0.1,0.8,0.4285714285714285,1.0,0.0649350649350649,0.4166666666666667,1,1,1,0.9038232049018216,1,H
0.0,0.8,0.0,0.2,0.0285714285714285,0.0,0.2467532467532467,0.0,0,0,0,0.5244196163888528,0,H
0.0,1.0,0.0,0.4,0.0571428571428571,0.0,0.4805194805194805,0.0,1,1,1,0.5052664285626172,1,H
0.0,1.0,0.0,0.4,0.2,0.0,0.1558441558441558,0.0,0,1,0,0.904707749301594,1,H
0.1,1.0,0.1,0.2,0.2571428571428571,1.0,0.0649350649350649,0.0,1,1,1,0.9274942087772696,1,H
0.0,1.0,0.0,0.4,0.3714285714285714,1.0,0.1558441558441558,0.0,0,1,1,0.936686494144346,1,H
0.1,1.0,0.1,0.6,0.5428571428571428,1.0,0.4155844155844156,0.0,0,1,0,0.982787873659219,1,M
0.0,0.8,0.0,0.6,0.0285714285714285,1.0,0.5974025974025974,0.0,1,1,1,0.7166702420649207,1,H
0.0,1.0,0.0,0.6,0.7428571428571429,1.0,0.4025974025974026,0.0,0,1,0,0.986938373443462,1,M
0.0,1.0,0.0,0.6,0.1142857142857142,1.0,0.1558441558441558,0.0,1,1,1,0.9665701374777078,1,H
0.0,0.6,0.0,0.6,0.1428571428571428,1.0,0.1038961038961039,0.0,0,1,0,0.8949058517205886,1,H
0.0,1.0,0.0,0.6,0.0571428571428571,1.0,0.5324675324675324,0.0,0,1,0,0.8416215899326017,1,H
0.0,1.0,0.0,0.6,0.1142857142857142,1.0,0.1298701298701298,0.0,1,1,0,0.9586007618895804,1,H
0.0,0.8,0.0,1.0,0.2,0.0,0.4285714285714285,0.0,0,1,0,0.7941092147736831,1,H
0.0,0.6,0.0,0.2,0.0857142857142857,1.0,0.1168831168831168,0.0,1,1,0,0.8253944793842555,1,H
0.0,0.4,0.0,0.6,0.1428571428571428,1.0,0.3636363636363636,0.0,0,1,0,0.6931392347446992,0,H
0.0,0.8,0.0,0.6,0.1142857142857142,1.0,0.4415584415584415,0.0,0,1,0,0.8849529528320478,1,H
0.0,1.0,0.0,0.8,0.0,1.0,0.1818181818181818,0.0,0,1,0,0.834518478538654,1,H
0.0,1.0,0.0,0.8,0.1428571428571428,1.0,0.0909090909090909,0.0,0,1,0,0.8561561136986596,1,M
0.0,0.8,0.0,0.6,0.2,1.0,0.4285714285714285,0.0,0,1,0,0.8292594495325281,1,H
0.0,0.8,0.0,0.6,0.0571428571428571,0.0,0.3376623376623376,0.0,0,1,0,0.7662160381887279,1,M
0.0,0.4,0.0,0.6,0.0,0.0,0.5844155844155844,0.0,1,1,0,0.5647370567254073,1,H
0.0,1.0,0.0,0.6,0.0285714285714285,1.0,0.3636363636363636,0.0,0,1,0,0.701362457659044,1,H
0.2,0.6,0.0,0.8,0.0571428571428571,1.0,0.0,0.0,1,1,1,0.6777749721534981,1,H
0.0,1.0,0.0,0.4,0.2285714285714285,0.0,0.1688311688311688,0.0,0,1,0,0.8467574137153476,1,M
0.0,0.8,0.0,0.6,0.0285714285714285,0.0,0.4285714285714285,0.0,0,1,0,0.7081581035729837,1,H
0.0,0.8,0.1,0.6,0.0857142857142857,1.0,0.0519480519480519,0.0,1,1,1,0.8996228588174027,1,H
0.0,0.8,0.0,0.6,0.0857142857142857,1.0,0.3506493506493506,0.0,0,1,0,0.8240467876686272,1,H
0.0,1.0,0.0,0.4,0.1714285714285714,1.0,0.4285714285714285,0.0,1,1,1,0.796617760313293,1,H
0.0,0.8,0.0,0.4,0.0285714285714285,1.0,0.5194805194805194,0.0,0,1,0,0.6717502807892225,0,H
0.0,0.8,0.0,0.4,0.0,1.0,0.5454545454545454,0.0,0,1,0,0.6254395927321971,0,H
0.0,1.0,0.0,0.4,0.2285714285714285,1.0,0.1428571428571428,0.0,0,1,1,0.8238391786467254,1,H
0.0,1.0,0.0,0.2,0.0857142857142857,0.0,0.0649350649350649,0.0,1,1,1,0.6751234253352584,1,H
0.0,1.0,0.0,0.2,0.0571428571428571,1.0,0.1558441558441558,0.0,0,1,0,0.5530793834654636,0,H
0.0,0.6,0.0,0.8,0.0,0.0,0.3636363636363636,0.0,0,1,0,0.7071963931827713,1,H
0.0,0.8,0.0,0.6,0.1714285714285714,1.0,0.1298701298701298,0.0,1,1,1,0.7435900054327348,1,H
0.0,0.8,0.0,0.0,0.8571428571428571,0.0,0.4025974025974026,0.0,1,1,1,0.6749256243297603,1,H
0.0,0.8,0.0,0.6,0.2571428571428571,0.0,0.1558441558441558,0.0,1,1,1,0.7729187247266264,1,H
0.0,0.8,0.0,0.4,0.0857142857142857,1.0,0.5454545454545454,0.0,0,1,1,0.6048726217451131,0,H
0.0,0.8,0.0,0.8,0.0571428571428571,1.0,0.1818181818181818,0.0,1,1,0,0.7722040135327837,1,H
0.0,1.0,0.0,0.2,0.5714285714285714,1.0,0.5454545454545454,0.0,1,1,1,0.8723705973689987,1,H
0.0,0.6,0.0,0.2,0.0,1.0,0.0909090909090909,0.0,1,1,0,0.5357195335015013,1,H
0.0,0.8,0.0,0.6,0.0,1.0,0.2597402597402597,0.0,1,1,1,0.7776620388418363,1,H
0.0,0.8,0.0,0.6,0.5714285714285714,0.0,0.1298701298701298,0.0,1,1,1,0.964113841618236,1,H
0.0,1.0,0.0,0.6,0.2285714285714285,0.0,0.2467532467532467,0.0,0,1,0,0.8258029090880346,1,H
0.0,1.0,0.0,0.4,0.2571428571428571,1.0,0.1558441558441558,0.0,1,1,1,0.891307541767589,1,H
0.0,1.0,0.0,0.2,0.0,1.0,0.2467532467532467,0.0,0,1,0,0.5809072738934667,0,H
0.0,1.0,0.0,0.8,0.1142857142857142,1.0,0.0779220779220779,0.0833333333333333,0,1,1,0.9568412536826728,1,H
0.0,0.8,0.0,0.4,0.1428571428571428,0.0,0.5324675324675324,0.0,0,1,0,0.7542978990521686,0,H
0.0,1.0,0.0,0.8,0.0571428571428571,0.0,0.2207792207792207,0.0833333333333333,1,1,0,0.963294698273732,1,H
0.0,1.0,0.0,1.0,0.4,1.0,0.1428571428571428,0.0,1,1,1,0.7721813695511647,1,H
0.0,0.6,0.0,0.2,0.0285714285714285,1.0,0.4155844155844156,0.0,0,1,0,0.5682193342794158,0,H
0.0,1.0,0.1,0.6,0.0,0.0,0.0389610389610389,0.0,1,1,1,0.9372318290179386,1,H
0.0,1.0,0.0,0.2,0.4571428571428571,1.0,0.2727272727272727,0.0,0,1,0,0.899518904495701,1,M
0.0,1.0,0.0,0.4,0.2285714285714285,1.0,0.3766233766233766,0.0,0,1,0,0.7991466004376931,1,H
0.1,1.0,0.0,0.6,0.1142857142857142,1.0,0.0779220779220779,0.0,0,1,0,0.9383796654396416,1,H
0.0,0.8,0.0,0.6,0.1142857142857142,1.0,0.2207792207792207,0.0,0,1,0,0.8399726916573961,1,H
0.0,0.6,0.0,0.6,0.0285714285714285,1.0,0.3376623376623376,0.0,0,1,0,0.7695023614582996,1,M
0.0,1.0,0.0,0.6,0.2857142857142857,1.0,0.3116883116883117,0.0,0,1,0,0.7753317085734799,1,M
0.0,1.0,0.0,0.6,0.0857142857142857,1.0,0.3506493506493506,0.0,0,1,0,0.8581623780770239,1,H
0.0,0.8,0.0,0.4,0.0571428571428571,0.0,0.3896103896103896,0.0,0,1,0,0.6738923001534695,0,H
0.0,1.0,0.0,0.6,0.0571428571428571,1.0,0.1168831168831168,0.0,1,1,1,0.8669894973093042,1,H
0.0,0.6,0.0,0.2,0.0,1.0,0.0389610389610389,0.0,0,1,0,0.5594925527649284,0,H
0.0,0.6,0.0,0.6,0.1428571428571428,1.0,0.0909090909090909,0.0,1,1,1,0.8762519326487983,1,H
0.0,1.0,0.0,0.4,0.1142857142857142,1.0,0.3896103896103896,0.0,1,1,0,0.6136793797608443,1,H
0.0,0.8,0.0,0.6,0.2285714285714285,1.0,0.2727272727272727,0.0,1,1,1,0.8816129928739308,1,H
0.5,1.0,0.0,0.8,0.2857142857142857,1.0,0.1558441558441558,0.0,0,1,1,0.8247235383911532,1,H
0.0,1.0,0.0,0.6,0.0285714285714285,0.0,0.1298701298701298,0.0,1,1,0,0.8390271791654967,1,H
0.0,1.0,0.0,0.4,0.0857142857142857,1.0,0.1428571428571428,0.0,0,1,0,0.7406104996328855,1,H
0.0,0.8,0.0,0.4,0.3428571428571428,1.0,0.3896103896103896,0.0,0,1,0,0.8067512708091318,1,M
0.0,0.8,0.3,0.6,0.0285714285714285,1.0,0.0,0.0833333333333333,1,1,1,0.9582367838276312,1,H
0.0,0.4,0.0,0.4,0.0,1.0,0.4415584415584415,0.0,0,1,0,0.7093634330999252,0,H
0.0,0.6,0.0,0.4,0.1714285714285714,1.0,0.0519480519480519,0.0,0,1,0,0.7201247838239663,0,H
0.0,0.8,0.0,0.0,0.1142857142857142,1.0,0.3896103896103896,0.0,1,1,1,0.5931633053667338,1,H
0.0,1.0,0.0,0.2,0.1428571428571428,1.0,0.4415584415584415,0.0,0,1,0,0.7726838199523456,1,H
