sex,race,juv_fel_count,priors_count,juv_other_count,juv_misd_count,c_charge_degree,age,expert prediction,machine prediction,ground truth,proba_model,did_recid,provider,idx
0.49738182023090277,-1.194428413723534,-0.16744909052729923,-0.6137384409163749,-0.3104931291143267,-0.28035430530943667,-1.7265333878584195,0.6157445000538214,1,0,1,0.7830044069309724,1,H,0
0.49724515809884623,-0.1972684398149335,-0.16741116947079274,-0.027632801252835196,-0.3104181394270715,-0.2802876940319051,1.4677999126253383,0.6155574547165837,1,0,1,0.537754103763555,1,H,1
0.4971086085540226,-0.1972233132097143,-0.1673732741657941,-0.8089760836989821,4.92061413668428,-0.28022113021169587,0.4028499320441101,-1.3145735842891484,1,0,1,0.5909411321582555,1,H,2
0.49697217144192807,0.8000248517160287,-0.16733540458317084,0.9494458747703,-0.3109188052035726,-0.28015461379248385,-1.725723868706398,0.02845410490196424,0,1,0,0.668628595302667,0,H,3
0.49683584660835467,-2.190025666687299,-0.16729756069383664,-0.8091169735864758,-0.3108437937393781,-0.2800881447180377,-0.6609358233634789,-0.475166236394484,1,0,1,0.6795876262200466,1,H,4
-2.010504564308227,-0.1964171850695866,-0.16725974246875117,-0.8088226288249764,-0.310768836540214,-0.2800217229322193,-0.6607270229899688,1.2875008919263393,1,0,1,0.5402901384540576,1,H,5
0.49725121611698814,-3.1796026612740786,-0.16722194987892006,-0.6131788043583941,-0.3106939335406843,-0.27995534837898356,-0.6605184203818069,-1.1467617278697497,0,0,0,0.5785625018531143,0,H,6
-2.0088300650101036,-0.19458054240147363,-0.16718418289539477,0.16872352133580903,-0.3106190846755032,-0.2798890210023786,0.4043529606402655,-1.2300365060668517,0,0,0,0.506901169548326,0,H,7
0.4976657843138419,-0.19453619296597482,-0.1671464414892725,-0.808616908786842,-0.3105442898794949,-0.2798227407465451,1.4685045698482,-0.8939034782775737,1,0,1,0.5878513235132408,1,H,8
0.4975294935309729,0.8005885858453956,-0.16710872563169613,-0.22194066042071073,-0.3104695490875935,-0.27975650755571635,-0.6610861172653005,-0.8096604858630972,0,0,1,0.6112396500561256,0,H,9
-2.0077114028820713,-1.1897637949708275,-0.1670710352938541,-0.4174156078490683,-0.3103948622348426,-0.279690321374218,-0.6608776987931773,1.7075196453017027,1,0,1,0.6931958641057211,1,H,10
0.49794322451862477,0.8007493834656428,-0.1670333704469802,4.8381629749852335,-0.310320229256395,-0.27962418214646784,0.40418199940446,-0.5581498257247384,1,1,1,0.5567119179355533,1,H,11
0.4978070069741478,-1.18957847800602,-0.16699573106235377,-0.8064954360708663,-0.3102456500875128,-0.27955808981697555,-0.6609680528529599,0.9522334091475511,0,0,0,0.5532843350236563,0,H,12
-2.006597049250715,-0.19414602005756051,-0.16695811711129935,-0.8062038213597957,-0.310171124663567,-0.2794920443303428,1.468994144832253,1.371037575310267,0,0,0,0.5656975544854933,0,H,13
0.4982199039754743,0.8011639803383472,-0.1669205285651867,-0.6113365177036683,-0.31009665292003685,-0.27942604563126255,0.4036721494687442,-1.3135476278043121,1,0,1,0.5689112607210574,1,H,14
0.49808375971716656,-2.183104081647923,-0.16688296539543054,-0.41651947680884854,-0.3100222347925104,-0.2793600936645194,-0.6615340269835825,-0.9775110613590159,0,0,0,0.5945185259476686,0,H,15
0.4979477270068003,-1.1876228793148107,-0.16684542757349086,-0.8057190331515423,1.4373847395590538,-0.2792941883749889,0.4039087722163921,-1.1447424147063576,0,0,0,0.6385880560964767,0,H,16
0.4978118056921329,0.801618496426647,-0.1668079150708723,-0.22138767692992792,-0.31050465106715486,-0.2792283297076378,-2.787948764334362,-0.8088513783639179,1,0,1,0.6944941459738125,1,H,17
0.49767599562121323,0.8013306523480235,-0.16677042785912455,-0.41608162484235856,-0.31043021559782064,-0.2791625176075234,-2.782614653920027,-1.22770733415604,1,1,1,0.6259620652886362,1,H,18
0.49754029664237953,-0.19354575754432168,-0.16673296590984185,-0.6107342246127118,-0.31035583363477653,-0.27909675201979395,0.40504636023632407,0.5339707157533155,1,0,1,0.5139073463086993,1,H,19
0.4974047086042596,-1.1880491057714542,-0.16669552919466324,-0.22095832937560977,-0.3102815051139501,-0.2790310328896877,1.466817732986536,-0.6405674305538741,1,0,1,0.5773953480271303,1,H,20
0.4972692313557698,-0.1929653595176115,-0.1666581176852722,-0.8053776487236278,-0.31020722997137645,-0.2789653601625336,-0.6580052779701164,0.4502806799078554,1,0,1,0.5043633995734111,1,H,21
-2.0087719719183745,0.8019961378294219,-0.1666207313533967,-0.8050878985487375,-0.3101330081431976,-0.27889973378375005,0.40453798714794903,-0.053318272840250584,1,0,1,0.6412259228109888,1,H,22
0.4976810678448948,-0.19328684091472828,-0.16658337017080918,1.3383598094956566,-0.3100588395656629,-0.2788341536988458,-0.658096232136266,0.702033377498583,0,1,0,0.6256391103470619,0,H,23
0.49754566284501556,-0.19324311491944687,-0.16654603410932622,-0.8052433131200399,-0.30998472417512785,-0.27876861985341894,-1.7195820968846156,-0.22150524374095787,0,1,0,0.5241083281724848,0,H,24
0.49741036830469104,0.8022142149723254,-0.16650872314080875,-0.6101464614093861,-0.3099106619080548,-0.2787031321931572,-1.7181002983334173,0.45021733020069976,0,0,0,0.5746906066745296,0,H,25
0.4972751840738199,-0.19356421041370286,-0.16647143723716162,-0.8047983470002937,-0.3098366527010121,-0.2786376906638375,2.52608649484108,0.2821615843194663,0,0,0,0.5619373359435813,0,H,26
-2.008752777048048,-2.182880734328129,-0.16643417637033392,-0.6096602514811762,-0.3097626964906742,-0.27857229521132587,0.40434868633397314,-0.6417677822462952,0,0,0,0.591420754114934,0,H,27
-2.0065538133051097,-0.1924106910625932,-0.1663969405123185,-0.8043543082277591,-0.30968879321382115,-0.2785069457815771,-0.6564576979237257,-1.0613875585037698,0,0,0,0.6202377546197755,0,H,28
0.4982315275840751,-0.19236727213390267,-0.16635972963515208,-0.8040660957361901,-0.30961494280733876,-0.278441642320635,-0.6562533203086647,-0.13713757263100249,1,0,1,0.6508601802913572,1,H,29
0.49809626722388356,0.8029759488475646,-0.16632254371091523,-0.8037781928356406,-0.30954114520821785,-0.27837638477463156,1.4652904236477595,-1.2289588147057482,0,0,0,0.5085322368151164,0,H,30
0.49796111696573886,0.8026888668948854,-0.1662853827117321,2.3134613833183915,-0.30946740035355463,-0.27831117308978726,0.4041794466651291,1.7105789557988185,0,0,0,0.5514586871720317,0,H,31
0.49782607666034967,0.8024020926369525,-0.1662482466097704,-0.21944461711629148,-0.3093937081805499,-0.2782460072124107,-1.7167496519676544,1.7091208504267288,0,0,0,0.5630736744658396,0,H,32
0.4976911461587086,0.8021156255245127,-0.16621113537724141,2.89278045456114,-0.3093200686265093,-0.27818088708889854,0.4046522952791318,1.6238783057371922,0,0,0,0.6140983237806446,0,H,33
0.4975563253120905,-0.19377931187006914,-0.16617404898639973,-0.8037745563261257,-0.3092464816288428,-0.27811581266573504,-1.7157664148640583,-0.47420381271718265,0,0,0,0.6982776618022274,0,H,34
-2.007627377176731,0.80208126676656,-0.16613698740954339,1.9184721842514736,3.191327206384649,7.4401707033466575,0.40512424990247764,-0.4740777584224607,1,1,1,0.686392119589639,1,H,35
0.49796554154185657,-1.1897425537902626,-0.1660999506190135,0.7513835065017427,-0.30994092574743287,-0.27797831840221593,0.40502194154922605,0.1135933614470299,1,1,1,0.5515611908266018,1,H,36
0.4978307923737716,-2.1831418578050967,-0.16606293858719443,-0.60986934243807,-0.30986726115066854,-0.27791338275841176,0.4049197106663948,-1.145450473351714,1,0,1,0.6255604054492564,1,H,37
0.4976961525356435,-2.1804175138865265,-0.1660259512865135,-0.4152466771330967,-0.3097936490532115,-0.2778484926001923,-1.7157592488999294,0.9533766340940188,0,0,0,0.6272023421318985,0,H,38
-2.0070681204401475,0.8028213478739838,-0.16598898868944115,-0.2206445256705046,-0.3097200893927328,-0.27778364787448007,-0.6549303186250882,-0.2221601594879411,0,0,0,0.6186791963184987,0,H,39
0.49810451524565347,0.8025354829828634,-0.16595205076849062,-0.6096475934448671,-0.3096465821070068,-0.27771884852828427,-1.7142237481607296,1.1210966869390284,0,0,1,0.6251309939916561,0,H,40
0.4979699469559505,0.802249923242758,-0.16591513749621792,-0.8039795284763217,-0.3095731271339112,-0.27765409450870054,0.406296648232494,-0.5584074412796768,1,0,1,0.5871303196323395,1,H,41
0.4978354876725609,0.801964668111156,-0.16587824884522176,-0.8036931754101212,-0.3094997244114271,-0.27758938576291087,0.4061942266133851,-1.397470257969391,1,1,1,0.5301349665862776,1,H,42
0.4977011372483974,0.8016797170468972,-0.16584138478814356,1.530979146210929,-0.3094263738776382,-0.2775247222381833,0.4060918824123546,0.11411426624490587,0,0,0,0.5397947388601769,1,H,43
0.4975668955366505,0.8013950695101633,-0.16580454529766717,1.33558296607839,-0.309353075470731,-0.2774601038818719,0.40598961553192153,1.5409250483140382,0,0,0,0.6780596999687488,0,H,44
0.49743276239078776,-0.19353029020919404,-0.16576773034651907,-0.8042766322132262,-0.3092798291289942,-0.27739553064141653,-0.6548860417644777,3.7122641736368953,0,0,0,0.6225267179073569,0,H,45
0.4972987376645532,0.8013610887832793,3.191289381821297,0.9464976288432171,1.443859016054673,-0.27733100246434256,0.4062205991418117,0.8648176487957054,1,1,1,0.6190864994737034,1,H,46
-2.008676830327779,-2.1816789219460904,-0.16678037951975716,-0.8044174994893958,-0.30975792091774673,-0.2772665192982608,-0.654977567327655,-0.9771239710520973,0,0,0,0.643497813024611,0,H,47
0.49770610043728875,-2.1789711333533193,-0.1667433841706217,-0.8041316100823204,-0.3096846569392774,-0.2772020810908673,0.4064513661677588,0.1952508664996262,0,0,0,0.5955921674182683,0,H,48
0.49757214643124614,0.8016595153552191,-0.16670641342957773,-0.4148115444210603,-0.3096114449214424,-0.2771376877899431,-0.6550690582466936,2.4530915727734826,1,0,1,0.5491911183516532,1,H,49
0.4974383005252789,-2.1767867593615,-0.16666946726935652,-0.8038107853202602,-0.3095382848028512,-0.27707333934335415,1.4676382912938661,-0.9769984586216308,0,0,0,0.5430801765101678,0,H,50
0.49730456257407146,0.8016675739973042,-0.1666325456627316,-0.21978955441857498,-0.30946517652221484,-0.2770090356990512,1.4666412754819576,-0.3075531273501177,1,0,1,0.5520100701244494,1,H,51
0.49717093243258204,0.8013839151398395,-0.16659564858251877,1.1425224752995098,4.929648328270344,2.300832755590802,0.4052146702148803,-0.39114386349222474,1,1,1,0.6318043640917548,1,H,52
0.4970374099560417,-2.1751239009684156,-0.16655877600157584,-0.8040351764055593,-0.3099581278766699,-0.27767975013202695,1.4657360514112396,-1.0602841480724006,0,0,0,0.6899833797341095,0,H,53
0.4969039949999524,-0.1905479076452201,-0.1665219278928027,-0.41453237939917525,-0.30988499763802474,-0.2776153688824722,-1.7165636286135555,0.36254370762874644,0,0,0,0.6608279838015619,0,H,54
0.4967706874200888,-1.182410003508459,-0.1664851042291413,-0.6090864575657376,-0.3098119191371045,-0.2775510323933744,-2.7721771555628454,1.95113818334741,0,0,0,0.7051044081536184,0,H,55
0.49663748707249533,0.8020812857580784,-0.1664483049835753,0.9486071043469253,-0.3097388923129329,-0.2774867406128923,0.405560626667465,-0.7259346863538185,0,1,0,0.5126790429194332,1,H,56
-2.0113560463866724,0.8017979762006072,-0.1664115301291302,-0.21992942551666558,-0.30966591710463415,-0.27742249348926834,0.4054591020058696,-0.056526569392502626,0,0,0,0.5506825339769496,0,H,57
0.49704377951715495,-1.1826713892407943,-0.1663747796388732,-0.804057428853794,-0.30959299345143265,-0.277358290970829,-1.7124132311310374,-0.3911993148863667,0,0,0,0.7680059858708249,0,H,58
0.4969106487314489,-2.172452264018096,-0.16633805348591313,-0.41431513746899773,-0.30952012129265316,-0.2772941330059842,-0.652993103492033,-0.8931002611075233,0,0,0,0.6692653511880272,0,H,59
0.4967776248637912,0.8022461980281805,-0.16630135164340032,-0.8037382995179493,-0.30944730056772035,-0.2772300195432278,-2.7665399605949075,-0.6417717654466062,0,0,0,0.588278791334991,0,H,60
0.49664470777114744,-0.18944808407600416,-0.16626467408452658,-0.8034544333512956,-0.3093745312161584,-0.27716595053113646,0.406862540875207,-0.1394100724273022,0,0,0,0.6380380988245601,0,H,61
0.4965118973107513,-1.180782859419852,-0.1662280207825251,1.534040383811321,-0.3093018131775911,2.302900695703443,0.40676081650628815,-0.05565860613251396,0,1,0,0.6233191981378484,1,H,62
0.4963791933401035,0.8026492288567401,-0.16619139171067035,-0.8035955742657954,-0.30922914639174165,-0.2778339223798704,-0.6512539215687013,2.1195333418341873,0,0,0,0.705341031783082,0,H,63
0.4962465957169711,-0.18924197527440983,-0.16615478684227794,-0.8033121629131034,-0.30915653079843225,-0.27776977642153017,-0.6510551551123666,-0.05651399845058846,0,0,0,0.7214738172293172,0,H,64
0.4961141042993869,0.8026134402842302,-0.16611820615070472,0.5605236163495252,-0.30908396633758395,-0.2777056748725066,0.40731810866286255,2.0340557503279784,0,0,0,0.6813125722830461,0,H,65
0.4959817189456492,0.802330888689438,-0.1660816496093485,-0.2189667040494625,-0.3090114529492164,4.861113023464384,1.464994349824761,-1.2278739613182357,1,1,1,0.5006503148487867,1,H,66
-2.0140201231062855,0.8020486352926226,-0.16604511719164802,-0.8034573977141171,-0.3089389905734479,-0.27837399189749207,-0.6516149154198057,0.3613321945144675,0,0,0,0.6279597279862621,0,H,67
-2.0118439797121703,-0.19027442832295505,-0.16600860887108304,-0.6083396047682225,-0.3088665791504948,-0.2783098133770328,-0.6514163136348647,0.19396391349512254,1,0,1,0.6842799489386016,1,H,68
0.4969238707622451,0.8020135349694261,-0.165972124621174,-0.4132704211405596,1.4421757778899145,-0.2782456792247723,-0.6512178933312267,-0.5589976331332442,1,1,1,0.5289006991792755,1,H,69
-2.0102110028208653,0.801731842288862,-0.16593566441548208,-0.21822128369529709,-0.309339778116306,-0.2781815893896127,0.4074756576534121,1.1979132916166528,0,0,0,0.7237868752764187,0,H,70
0.4973276131459426,0.8014504462182516,3.2013291232575627,2.7025700942042747,-0.30926734934192784,-0.27811754382053855,0.4073741283928711,0.4446403640988494,1,0,1,0.5451230435034036,1,H,71
-2.0085837304306087,-2.174276687684277,-0.16693913833046753,-0.4137555994319906,-0.30919497141912816,-0.2780535424666165,1.4655605212553573,0.4445266154527504,0,0,0,0.7257674577914726,0,H,72
0.4977305983510508,-0.19022300620153554,-0.16690250120404568,0.1706408418845773,-0.3091226442884307,-0.27798958527699535,-1.7097437601029288,0.19334465891492778,1,1,1,0.5366921120858977,1,H,73
0.4975980645720135,-0.19018093941991662,-0.1668658881886289,-0.6085879330870487,1.4428699290145914,-0.27792567220090547,-0.651068467120282,-1.0621264030620543,0,0,0,0.5607984014963172,0,H,74
0.4974656366083716,0.8019519541057819,-0.16682929925778295,-0.6084100349596836,-0.309594868048179,-0.27786180318765924,-0.6508707232769837,-0.6432925531159132,0,1,0,0.5066342211267091,0,H,75
0.4973333143193947,-2.172861437535266,-0.16679273438511408,-0.8030323256400642,-0.30952252369920447,-0.27779797818665025,0.4077655039984727,-0.14083139436187408,1,0,1,0.7191423476175721,1,H,76
-2.008565349683325,0.8019607621805082,-0.16675619354426904,-0.6079359638646411,-0.30945023004157457,2.2939810059756205,0.407664141853194,-1.145337779600187,0,1,0,0.5488948044899468,0,H,77
0.4977354352766499,-0.18977380073888875,12.843564288207366,1.7299309452366856,1.443152377972953,-0.2784595621500887,0.40756285526000924,-0.8937440472233522,1,1,1,0.6118246137694728,1,H,78
-2.0069472487090043,-2.171087810225877,-0.16625921508578054,-0.802995709591049,-0.30992155006517086,-0.27839566185991227,0.40746164412510805,0.36247760188794587,0,0,0,0.706281720351123,0,H,79
0.49813680480547246,-0.18865687403819797,-0.16622284393786393,-0.6079415092241043,-0.3098492393626732,-0.2783318055406513,1.4659685390151278,0.6973346061217496,0,0,0,0.7450903433501218,0,H,80
0.49800451511921845,-0.18861530169597224,-0.1661864966493505,2.3124747230809923,-0.3097769792510322,-0.27826799314190026,0.4066366409189876,1.366728581403228,0,1,1,0.548576143551745,0,H,81
0.49787233077312903,0.8027055348087339,-0.16615017319416545,1.5324921806677745,-0.30970476967128363,-0.2782042246133345,-0.6525845612474529,1.8675222204836164,1,0,1,0.7379032213075419,1,H,82
0.49774025162747737,0.8024249678648788,-0.16611387354627388,-0.6086628252163865,-0.3096326105645597,-0.2781404999047101,-0.6523867570165909,-0.9785069413387868,0,0,0,0.6138858087674016,0,H,83
0.4976082775427958,-0.18928507585234386,-0.16607759767968064,-0.6084855739306851,-0.30956050187208844,-0.27807681896586367,-1.7106357005363595,3.615206853592853,0,0,0,0.7483537648235107,0,H,84
0.4974764083798754,-0.18924342641962258,-0.16604134556843034,3.6640472410499467,-0.30948844353519356,-0.2780131817467122,0.40775051934146167,0.6923391579183318,0,0,0,0.6032040748486388,0,H,85
-2.0079968331776032,-0.18920180446786702,-0.16600511718660718,-0.8023567999510203,-0.30941643549529446,-0.2779495881972528,-1.7096861989112495,1.276220930608209,0,0,0,0.8237634778945307,0,H,86
0.4978768481584601,0.8028791797770441,-0.16596891250833498,0.5570166500724586,1.4454799793886857,2.2960404876923324,-1.7082639532964115,-0.8944983981101443,1,1,1,0.7172212753465701,1,H,87
0.4977450475345336,-0.1895153338630963,-0.16593273150777704,-0.8024308160701806,-0.3098865181444032,-0.278608503420337,1.4664545257014419,-1.1444549023820592,0,0,0,0.7035898306910215,0,H,88
-2.0069176739733523,0.802843757111474,-0.16589657415913606,2.1090501858382185,-0.309814493026586,-0.27854483521167106,0.4080457452882757,-0.47632778899166417,1,0,1,0.567534889252945,1,H,89
0.49814470603244104,-0.18982853451054352,-0.16586044043665402,-0.8024583834374588,-0.30974251810657016,-0.2784812106318492,-1.7075251572153094,-0.9770072976719427,0,0,0,0.818233250809391,0,H,90
0.49801297399099126,0.8028084917181513,-0.1658243303146123,-0.802178920972389,-0.3096705933260741,-0.2784176296310662,1.4656899781345425,-1.0600449063826833,1,0,1,0.7097675803430457,1,H,91
-2.0058425300404688,-0.1901414070602121,-0.1657882437673313,-0.8018997502791284,-0.3095987186269108,-0.2783540921595963,0.40778238828644964,0.44307112180996366,1,0,0,0.7018594778366637,1,H,92
0.49841185411399663,-3.1623348906112687,-0.16575218076917062,-0.8016208708503245,-0.30952689395098776,-0.2782905981677931,-0.6500154335657435,2.6104416521433618,0,0,0,0.707644041625058,0,H,93
0.4982801906975891,-2.1684152965488437,-0.16571614129452875,-0.6072670351031211,-0.30945511924030655,-0.27822714760608974,-0.6498197852705314,0.02429446042674755,1,0,1,0.7589203717513203,1,H,94
0.4981486315690393,0.8028684095577315,-0.16568012531784335,-0.41296094110947584,-0.3093833944369631,-0.2781637404249981,-0.6496243135337136,0.19113571198811335,0,0,0,0.6617212468196937,0,H,95
0.498017176590746,0.8025892837135065,-0.16564413281359078,0.7522172946900825,-0.3093117194831473,-0.27810037657510916,0.4086565451510228,-0.14266787425176167,0,0,0,0.5422873893148458,0,H,96
0.4978858256253623,0.8023104487903163,3.0920019974387487,1.1401741505978211,-0.3092400943211424,-0.2780370560070926,0.4085557574476844,-0.8101911933866841,1,1,1,0.5511424906815137,1,H,97
0.49775457853579425,0.8020319042831539,3.0851245437982726,-0.6078403409630585,3.2007360465494887,-0.27797377867169665,1.466333613265393,-1.2269510417920289,1,1,1,0.6231443645258783,1,H,98
0.49762343518520136,0.8017536496882378,3.078292778930631,-0.025027292764312013,-0.30991612625422355,-0.27791054451974806,0.40773617049645033,-0.7258788169185135,1,1,1,0.5918528451917604,1,H,99
-2.00741724399972,-2.1683139291295364,-0.16861818143065485,-0.6077823320860717,-0.3098444275467272,-0.2778473535021518,0.40763580178061487,0.3592931074280671,0,0,0,0.6844646257114337,0,H,100
0.49802136145078585,0.801764076824117,-0.1685815930161509,0.9465278406179363,1.4452450580313465,-0.27778420556989075,2.5214522160804855,-0.5590157502826671,1,1,1,0.659532577255107,1,H,101
-2.0058178094597134,-1.178028814757969,-0.16854502840924623,-0.41375257724619285,-0.3103114636068561,2.3009147095461797,-0.65136537549184,-1.0595939898260907,0,1,0,0.6200347922295149,0,H,102
0.4984185516527026,-0.18787567028757043,-0.1685084875841332,-0.41365042542757785,-0.3102397482079316,-0.2784398865862369,0.4063343178052941,-0.3079631065558792,0,0,0,0.6515601365322129,0,H,103
0.49828744062803443,-0.18783468303643067,-0.16847197051504337,-0.024828541917287925,-0.3101680825079995,-0.2783766646622614,1.4633504900365737,0.6940910533137766,0,0,0,0.6585599445721281,0,H,104
-2.0047512274952632,0.8024022606444718,-0.1684354771762473,-0.6080008962311565,-0.3100964664496839,-0.27831348578381515,2.5171830640330435,2.8603677761255892,1,0,0,0.7605149802636788,1,H,105
0.4986838618919408,-0.1881458804318415,-0.1683990075420546,0.9474211161351064,-0.3100248999757013,-0.27825034990207337,0.4040032596763208,-0.8925258731585611,1,0,1,0.5822712715723751,1,H,106
0.4985528189618391,0.8023668143079271,-0.1683625615868138,-0.024969972972737196,-0.3099533830288608,-0.2781872569682887,0.40390436039956246,1.941418911079921,1,0,1,0.5899276186294482,1,H,107
0.49842187928290005,0.8020894067754838,-0.16832613928491225,3.852531169540991,-0.30988191555206385,2.3006866022720684,0.40380553371836164,-0.8091806969647365,1,1,1,0.6057772328704158,1,H,108
-2.004214967794324,-0.18880840524417553,-0.16828974061077606,-0.8020512086436563,-0.30981049748830397,-0.2788407797453661,0.40370677954394885,-1.3086302631694542,0,0,1,0.6447679163673514,0,H,109
0.4988174993299592,-1.1793552648015428,-0.16825336553887008,-0.8017742286312622,-0.3097391287806666,-0.2787776133984943,1.4600297827697424,1.69072603566335,0,0,0,0.6812914529405888,0,H,110
0.4986866276238291,0.8024841244792303,-0.16821701404369777,-0.21978106563752534,-0.30966780937232896,-0.2787144899597708,0.4028982381154747,1.7725027168807121,0,0,0,0.6581629455226161,0,H,111
-2.003155405590732,0.8022071107396666,-0.16818068609980102,-0.8015655775992016,-0.3095965392065598,-0.2786514093806392,-0.6541247267487764,0.023545370668077763,0,0,0,0.7319023441464375,0,H,112
0.49908148459373636,0.8019303836737061,-0.1681443816817604,3.0723783481003633,-0.30952531822671914,-0.2785883716126202,0.4031230821869857,1.7713245293005124,1,0,1,0.7510774210784258,1,H,113
0.4989506809000747,-0.18930929612663885,-0.1681081007641947,-0.41395048340261725,-0.3094541463762583,-0.27852537660731097,0.4030247483430336,-0.060459921225254315,1,0,1,0.7644248998662376,1,H,114
0.49881997999910277,-2.169670318087977,-0.16807184332176106,-0.8011230321615529,-0.3093830235987194,-0.27846242431638546,-1.711000182856823,-1.3920960764305585,1,0,1,0.737162594430603,1,H,115
-2.0026243286449597,0.8021814986793128,3.0827054368772826,-0.6072099021747515,-0.30931194983773563,-0.2783995146915939,0.4034812242412513,-1.3080874579398192,0,1,0,0.6681771410051619,0,H,116
0.49921404195581504,-0.1885610357951457,-0.16902833827910677,-0.800698860736045,-0.30924092503703043,-0.2783366476847629,-1.7100617814534858,0.19040868857009724,0,0,1,0.5447617691345955,0,H,117
0.4990834089450854,-0.1885201301297168,-0.16899191720087142,-0.8004236376903262,-0.30916994914041807,-0.2782738232477952,0.40393686895735376,2.600965972793318,0,0,1,0.6490056172397936,0,H,118
0.49895287843181724,-1.179113592123358,-0.16895551965579444,-0.21899473289422258,1.4511948482012482,-0.2782110413326694,0.4038384873943493,-0.642403543367197,1,0,1,0.538190218616459,1,H,119
0.4988224502820442,-2.1676265536473722,-0.16891914561854374,-0.8002166300013813,-0.3096351757653975,-0.27814830189143985,0.403740177680837,1.1869229405053892,1,0,1,0.6402108867111691,1,H,120
0.49869212436204535,0.8031008498940946,-0.16888279506382553,-0.7999420471018049,-0.3095641827921648,-0.2780856048762367,0.4036419397294043,1.1032395682600524,0,0,0,0.6145165013502178,0,H,121
-2.003142185755221,-0.18726677171238834,-0.16884646796638408,-0.7996677466659798,-0.3094932386282336,-0.27802295023926554,0.40354377345278863,-0.6430878483927498,0,0,0,0.7162000449834492,0,H,122
0.4990853252499957,0.8030650405784452,-0.16881016430100163,0.1696759914955202,-0.3094223432177003,-0.27796033793280733,0.4034456787638745,0.9369205596275522,0,0,0,0.5956735352988799,0,H,123
0.49895506677844415,0.802789059895644,-0.16877388404249838,0.16963951476785594,-0.30935149650475097,-0.2778977679092182,0.40334765557569596,-0.8927001975091104,1,0,1,0.6592422530957989,1,H,124
0.4988249102438757,0.802513363547315,-0.16873762716573235,-0.4121241006909258,1.4522715288836197,-0.2778352401209293,0.40324970380143405,-1.0585977245490585,1,1,1,0.599629533354323,1,H,125
0.4986948555134045,-2.1673902943133183,-0.1687013936455995,-0.7998269987216959,-0.3098157139260416,-0.27777275452044675,-0.6550852309915323,0.2722411068443977,1,0,1,0.6278789758364156,1,H,126
-2.003135617289861,-0.1872240529343263,-0.16866518345703338,-0.7995533407130547,-0.3097448502262796,-0.2777103110603512,-0.6548898682483847,0.8543138314141178,0,0,0,0.7025089151781574,0,H,127
0.49908723355882917,0.8027627629803846,-0.16862899657500519,0.17049805987087663,-0.3096740351299385,-0.27764790969329817,-0.6546946801871683,-0.14407964465367223,0,0,0,0.5555267008564647,0,H,128
0.4989572459974218,0.8024875425431007,-0.16859283297452368,2.1086683914610895,-0.30960326858148407,-0.27758555037201743,-2.7675024580570424,-0.7263812641340223,0,0,0,0.5144441160929054,0,H,129
0.49882735994914607,0.8022126049828696,-0.16855669263063522,4.416676545936919,-0.309532550525471,-0.2775232330493131,-1.7086685043320715,1.7689107756028821,0,0,0,0.5673069156260426,0,H,130
0.49869757528194364,-0.1882295568742255,3.0856855285297256,0.7462576526996592,-0.30946188090654253,-0.27746095767806334,1.4614143301220108,-0.31077401520880127,1,1,1,0.5341055777222822,1,H,131
0.498567891863997,0.8021776343453705,-0.16950683578169112,-0.7989498260157918,1.4537479024303892,-0.27739872421122047,0.40455386335122256,-0.061143547765360046,0,1,0,0.5503967514611924,0,H,132
0.49843830956372814,-0.18853711287303904,-0.16947053399345421,-0.7986773839802749,-0.30992502796990246,-0.2773365326018105,0.4044558638413138,-1.308751299798794,0,0,0,0.6738164132065058,0,H,133
-2.0041710160008486,-1.178904822412608,-0.16943425551853605,-0.7984052204631643,-0.3098543414151965,-0.27727438280293315,-0.6524810475221855,-0.22696129207207436,0,0,0,0.6594365816525368,0,H,134
0.49882979946186795,-1.178319040764854,-0.16939800033199395,-0.7981333349902325,-0.3097837032042231,-0.2772122747677617,-0.6522875708168921,0.6883270587335394,1,0,1,0.7051061163869637,1,H,135
-2.0026024734496537,-0.18748505440195065,-0.16936176840892253,-0.6047182855433835,-0.30971311328190215,-0.2771502084495429,-0.6520942661214201,-0.3104381223708314,1,0,1,0.7286214896372727,1,H,136
0.4992205762993164,0.8032326165660322,-0.16932555972445376,-0.6045466633697749,-0.3096425715932416,-0.2770881838015965,-0.6519011331810455,1.603166477591808,0,0,0,0.6592976981671547,0,H,137
0.4990910263876244,-1.178313287795069,-0.16928937425375679,-0.6043751872350535,-0.3095720780833367,-0.2770262007773156,0.40563666326750847,2.2660711913547265,0,0,0,0.621153097962708,0,H,138
0.49896157727991286,0.803382797866262,-0.1692532119720379,0.16886771452398947,1.4552195399258698,-0.27696425933016616,0.4055385724432869,-0.8103178811272053,1,1,1,0.5463224510852124,1,H,139
0.4988322288455218,-2.167224956615749,-0.16921707285454038,-0.4111087578069595,3.2129660363036905,-0.2769023594136869,-0.6522714831133418,-0.7269280521110131,0,0,0,0.5290225394118272,0,H,140
0.4987029809540286,-0.18659121162191647,-0.16918095687654458,1.3286573022938644,-0.3107670997061519,-0.2768405009814893,1.4630329365075143,-0.3941645242451828,1,1,1,0.6045492220436997,1,H,141
0.49857383347524653,-4.132986377695794,-0.16914486401336773,0.5550612317659397,-0.31069642262058195,-0.27677868398725725,1.4620806297161906,-0.8929225003757627,1,0,1,0.5112737149908005,1,H,142
0.4984447862792255,-0.18421291900143294,-0.16910879424036387,-0.4117844375856081,-0.310625793734896,-0.276716908384747,0.4043543856820893,-0.9757127642591218,0,0,0,0.6000594397213482,0,H,143
0.4983158392362504,0.8028945705961951,3.087255455009038,2.678425982981777,-0.3105552129943338,2.31726592418191,0.4042568945572401,-0.8090629490636391,1,1,1,0.5986494148181487,1,H,144
0.49818699221684093,0.8026210940811321,-0.1700530293375724,0.5533558418226975,-0.3104846803442225,2.314213462583414,0.40415947391466306,-0.4761735320547617,1,1,1,0.5484997314640042,1,H,145
0.4980582450917508,-0.18486597785677486,-0.17001680010910486,-0.798789519440438,-0.31041419572997553,-0.27807312331717876,-1.7108057714944624,0.4389776714946156,1,0,0,0.7810571029231866,1,H,146
0.4979295977319677,-0.18482640798700062,-0.16998059402632268,0.5535784573378489,-0.3103437590970935,-0.2780111202444812,0.40460926286415755,1.8520060858091696,1,0,1,0.5749916538706801,1,H,147
0.4978010500087124,0.8028220182792751,-0.16994441106459132,0.9397012981123221,-0.3102733703911636,-0.2779491586285132,1.4615994325472292,0.02209803691744075,1,0,1,0.5436837875175203,1,H,148
0.49767260179343814,-2.1586301625191098,-0.1699082511993129,0.3598695682950501,-0.31020302955785894,-0.27788723842309715,-0.6535883337017325,0.10527065496850084,0,1,0,0.6677621594000881,1,H,149
-2.0072633183282234,-0.1840995144072736,-0.16987211440592617,-0.6063789899936315,1.4537333285497267,-0.27782535958212734,0.40413011269389215,-0.477089804702877,0,1,0,0.5336299816501662,0,H,150
0.49806225856711167,-1.170968272873229,-0.16983600065990648,-0.6062076402026975,-0.31066235858587493,-0.2777635220595698,2.516306918463519,0.10546273348702342,0,0,0,0.6490976469495673,0,H,151
0.4979338754592778,0.803492464682374,-0.16979990993676555,2.8683322646695983,1.4531983781007052,4.887557510684032,0.4025474003215256,-0.14423269579795203,1,1,1,0.714372122200524,1,H,152
0.49780559157837534,0.8032195291934965,9.437430144541596,2.2862511440870423,-0.31112095892489744,-0.27840399914750213,0.40245082666838106,0.02228027676629372,1,1,1,0.6780067672452275,1,H,153
-2.0067314106169882,-0.18425266851817768,-0.1705436361141624,-0.7995071991696878,-0.3110505376926229,-0.27834209107580166,-1.7105562560025198,0.5217990654521586,0,0,0,0.6272910726297783,0,H,154
0.4981944743717461,-0.18421336869936536,-0.1705074314018982,0.9361507222161317,-0.3109801642575722,2.302654429711836,1.4588313030590783,-0.8937732892049253,1,1,1,0.6436863387890851,1,H,155
0.49806625548547095,-0.18417409401696885,-0.17047124973754596,-0.6068465527187125,-0.3109098385657005,-0.2789830588978698,0.40220457523068354,1.1047269753369593,0,0,0,0.7023480573850335,0,H,156
0.4979381355462489,-0.18413484444420314,-0.17043509109666224,-0.6066754239931409,-0.3108395605630486,-0.2789210802294439,0.40210826579006037,-0.5608837311340932,0,0,1,0.7084533241820161,0,H,157
0.49781011442688233,-0.18409561995432447,-0.1703989554548399,0.3579729810775765,-0.31076933019574243,-0.2788591428500772,-1.7102982756437493,-0.6439958561433544,1,0,1,0.5361685599156953,1,H,158
0.4976821920004027,0.8041272990733517,-0.17036284278770794,3.244955719381364,-0.3106991474099932,-0.2787972467139467,0.4025572097515532,0.2723533106170209,1,0,1,0.5034225744143065,1,H,159
0.4975543681400691,-1.1724344645522011,-0.17032675307093156,-0.41437416022944973,1.4550584045363735,2.3018754785398983,0.40246091142258056,-0.8938771949406977,1,1,1,0.5025689914769719,1,H,160
0.49742664271936876,-1.171861795496837,-0.17029068628021193,-0.6068376612443575,-0.3111566386428109,-0.279436261641655,0.40236468216900967,-1.2265617524887855,1,0,1,0.7162664751897724,1,H,161
-2.0082644980170965,-0.18340760123266578,-0.17025464239128638,-0.6066668883354136,-0.3110864397015807,-0.2793742954413164,-1.7102986987691713,0.10654592620744534,0,0,0,0.5891206827103862,0,H,162
0.49781461866975385,0.8049312550637276,-0.17021862137992802,-0.028607483556981082,-0.31101628825092204,-0.2793123704465224,0.4028127075553108,1.1893434067558677,1,0,1,0.5510839964308,1,H,163
0.49768695752682385,0.8046586843350308,-0.1701826232219459,-0.7992345795645301,-0.31094618423731224,-0.279250486611626,1.4586601020680334,-0.1439135568226611,0,0,0,0.624310411915815,0,H,164
-2.0072183787108746,0.8043863903176212,-0.17014664789318495,-0.7989655485138389,-0.3108761276073132,-0.27918864389105086,1.457723430956228,0.5227274520128897,0,0,0,0.7403297952799861,0,H,165
-2.0051480136640865,-0.1844009470355056,-0.17011069536952564,-0.22065987091916858,-0.31080611830757093,2.3016511086107996,-0.6546767743583796,-0.9773539513234912,1,1,1,0.5510908829253421,1,H,166
0.4985884740218851,-2.15993033074201,-0.17007476562688423,-0.7987623188950118,-0.3107361562848156,-0.2798256065886959,-0.6544848111139115,0.35633045014953724,0,0,0,0.6518956886010603,0,H,167
0.4984607454495261,-0.18333610996411387,-0.17003885864121254,-0.2203008177932547,-0.31066624148586125,-0.27976369433945414,-0.6542930166319155,-0.060533930481343215,1,0,1,0.6748922233670327,1,H,168
0.4983331149915514,-0.18329724287981383,-0.17000297438849793,-0.22025344027096186,-0.3105963738576055,-0.279701823166845,0.40227914214333205,-0.8941279604482706,0,0,0,0.5683421955994347,0,H,169
0.4982055825224146,0.805100232532446,-0.16996711284476318,-0.7986251293883662,-0.31052655334702983,-0.279639993025467,-0.6543789095031703,0.6068269507927876,0,0,0,0.7073489770846182,0,H,170
-2.00513743461321,0.8048283417802434,-0.16993127398606647,-0.7983571237429418,-0.31045677990119885,-0.2795782038699888,1.4586325802731943,-1.2274882462437104,0,0,0,0.7448355260142709,0,H,171
-2.0030777140545735,0.8045567263031544,-0.16989545778850138,-0.798089387731601,-0.31038705346726053,-0.27951645565514927,0.4018078877893791,1.357058267740191,0,0,0,0.750457662129086,0,H,172
0.4991040566204981,-1.1726399440152209,-0.1698596642281966,0.16649043932203694,-0.31031737399244586,-0.2794547483357573,0.40171232999948664,-0.6439608915869058,0,1,0,0.5447552974305796,0,H,173
0.4989764574731693,0.8047037285974227,-0.16982389328131617,-0.7980490277404035,-0.31024774142406863,-0.2793930818666914,0.4016168403537282,3.350514939794335,0,0,0,0.7049104220080588,0,H,174
0.49884895614044444,0.8044325214976944,3.039909240699438,-0.21907486023209705,-0.3101781557095255,-0.27933145620289984,0.4015214187711505,-1.1427553259383743,0,1,0,0.606956292671396,0,H,175
-2.00255983721819,-1.1728977241724754,-0.17074547141529836,-0.6049324574839362,-0.31010861679629553,-0.2792698712994005,-0.6557418523295225,-0.14416346703939592,0,0,0,0.6948989077384181,0,H,176
-2.000511182116973,-0.18398471372485928,-0.17070954750267897,-0.7977038512569297,-0.31003912463194044,-0.2792083271112805,0.4017411206752549,-0.5601637103899265,0,0,0,0.7272111449381181,0,H,177
0.4997445721416955,0.8048136545625009,-0.1706736462551063,-0.21849896399941826,-0.30996967916410373,-0.2791468235936963,1.4585678768339385,-1.1423181143381647,1,0,1,0.5618115784834297,1,H,178
0.4996170049227335,0.804542824515241,-0.17063776764875738,-0.025403497807966902,-0.3099002803405113,-0.27908536070187345,0.4009570505063304,-0.060229606197542425,0,1,0,0.5697337319144566,0,H,179
0.49948953534420193,-0.18463005381545974,-0.17060191165984437,0.16769098935804513,-0.30983092810897084,-0.27902393839110645,0.4008620235281664,-0.9756298767569825,1,0,1,0.5798989152568289,1,H,180
0.4993621632816072,0.8045063653531709,3.0369198091348637,1.1330027251194152,-0.3097616224173718,-0.27896255661675873,0.400767064082286,0.9388602536524375,0,1,0,0.62371569434044,0,H,181
0.49923488861067766,0.8042360511595654,-0.17151916371456738,-0.7982987187157857,-0.3096923632136852,-0.2789012153342623,1.4578962335569208,-0.30991632091450255,0,0,0,0.7168698864938907,0,H,182
0.49910771120736325,-0.18527433796856235,-0.171483156073349,-0.7980322183623133,-0.3096231504459632,-0.2788399144991179,0.3999852265004035,0.3561758065064744,0,0,0,0.6520622139911239,0,H,183
0.498980630947835,-0.1852352732120438,-0.17144717110025798,-0.2184293317380328,-0.3095539840623396,-0.27877865406689456,0.3998906478754364,0.2728294560324156,0,0,0,0.7060025897371537,0,H,184
0.49885364770848434,0.8044338951490959,-0.17141120877152038,-0.02520127448146693,-0.3094848640110289,-0.27871743399322974,-1.7150879594583415,2.6011680763809863,1,0,1,0.5449047152131756,1,H,185
0.49872676136592364,-0.18553742463326608,-0.17137526906339695,-0.4116277475174886,1.4640532269336533,-0.2786562542338289,-0.6571365433224978,0.8535773920397471,1,1,1,0.5541409655578299,1,H,186
0.4985999717969836,0.8043978832293114,-0.17133935195218342,0.5546993855491172,-0.30994011318192627,-0.27859511474446574,0.4006508718110159,-0.3112774289484095,0,1,0,0.5116312192291212,0,H,187
0.4984732788787152,0.8041282939952367,-0.17130345741421013,1.9061550659978903,-0.3098709763358598,-0.2785340154809816,1.4577858309585883,-0.14479896467716385,0,0,0,0.5789326028354052,1,H,188
0.49834668248838687,0.8038589756333578,-0.1712675854258423,-0.4123686407998377,-0.3098018857352305,-0.2784729563992858,0.39987107659564963,2.1003858910572717,0,0,0,0.6442053391179995,0,H,189
0.4982201825034861,0.8035899276903761,-0.1712317359634797,-0.605451451999357,-0.3097328413285057,-0.27841193745535525,-0.6579383369220543,0.5197759362638108,0,0,1,0.7070065323333141,0,H,190
0.49809377880171735,-1.1768192923150658,-0.1711959090035566,0.9403962680541028,-0.309663843064233,-0.2783509586052342,0.4000904920237755,0.436475006321507,0,0,0,0.6010422299866409,0,H,191
0.49796747126100227,-0.18636769584634502,-0.17116010452254185,-0.7988626021431284,-0.30959489089104014,-0.2782900198050344,-1.7151420733880434,-0.8945411175497915,1,0,1,0.5765160173579994,1,H,192
-2.006113106461937,0.803970051565911,-0.1711243224969387,-0.025678397258816026,-0.30952598475763493,-0.2782291210109349,0.40053525063050144,0.8526188506545005,0,0,0,0.6916661038067955,0,H,193
0.4983500399226706,0.8037013742781816,-0.17108856290328478,-0.21896578803017225,-0.30945712461280517,4.886301575009483,0.400440890704748,-0.4787328758956531,0,1,0,0.6778349511076366,1,H,194
0.4982237954520135,0.8034329661768596,-0.171052825718152,-0.02558922581043628,-0.3093883104054183,-0.27885663717138237,0.40034659743681655,-1.060884847157252,0,0,0,0.5741485555263572,0,H,195
0.49809764687537395,-0.187347920560753,-0.1710171109181466,0.16778636154234083,-0.30931954208442125,-0.27879567080415757,0.400252370748263,0.8530565580022077,1,0,1,0.6675305218610686,1,H,196
0.49797159407141317,0.8033981248762427,-0.17098141847990891,-0.7991916082169401,-0.3092508195988405,-0.2787347444066477,0.4001582105607725,1.7671343802526023,1,0,1,0.7165864865397282,1,H,197
0.49784563691900713,-1.1782020474866803,-0.1709457483801134,-0.7989262009353649,-0.3091821428977815,-0.27867385793519794,0.40006411679615955,-0.9779645716692624,1,0,1,0.5407986980599964,1,H,198
0.49771977529724626,0.8035445406654189,-0.17091010059546854,0.7486535852430304,-0.30911351193042913,-0.27861301134622035,0.3999700893763669,-0.39549075989155774,1,0,1,0.5130743302168127,1,H,199
0.49759400908543494,0.8032767693338523,-0.1708744751027169,1.7147551072118599,-0.309044926646047,-0.2785522045961937,0.3998761282234658,0.1869507242411249,1,1,0,0.5501939460889809,1,H,200
-2.0076229472107068,-0.1878334507621005,-0.1708388718786349,0.5540994152464597,-0.3089763869939774,4.867945092689126,-0.6592608309519168,-0.9778509234439031,0,1,0,0.5563400946202655,0,H,201
0.4979757001900775,-0.18779409866286118,-0.17080329090003274,1.133910524244298,-0.30890789292364146,-0.27917908701952143,-0.6590694584489701,-0.22874547950094876,0,0,0,0.5514898344381628,0,H,202
0.49784999636371785,-1.1787607704418357,-0.1707677321437546,-0.22008147393596114,-0.3088394443845386,-0.27911821284929833,0.4004075384257416,0.10421116246991316,1,0,1,0.5416058764773044,1,H,203
0.4977243876834384,0.8038885912650079,-0.17073219558667824,-0.6068561987362302,-0.3087710413262465,-0.27905737848201345,-1.7177208064994733,-1.227344786809758,0,0,0,0.5331674217677915,0,H,204
0.49759887402927205,-1.178600757983377,-0.1706966812057151,-0.6066883860746239,-0.30870268369842113,2.293070058153211,-0.6581975147306158,-0.39472644922948685,0,1,0,0.5147983690145759,0,H,205
0.497473455281463,-0.18711032158955926,-0.17066118897781032,-0.21960033462438486,3.244232184731482,-0.27968320640181416,0.4011622715962313,-0.9772080077282741,1,1,1,0.6276351875419248,1,H,206
0.49734813132046657,0.8042667146765744,-0.17062571887994246,-0.026037084322855984,-0.3093504430942579,-0.27962230492982065,0.4010682194732168,-0.06125232556570852,0,0,1,0.6084249958789979,0,H,207
0.49722290202694924,0.8039993798170878,-0.17059027088912374,-0.6066606650001495,-0.3092820177889417,-0.27956144322469195,0.40097423347049876,0.27182603594326177,0,0,0,0.763464268292431,0,H,208
0.49709776728178723,-0.18774747724144109,-0.1705548449823995,-0.8000175519886321,-0.3092136378685819,-0.27950062124316916,-0.6588277647332634,-0.6442888177480004,1,0,1,0.7423609459813688,1,H,209
0.49697272696606687,-2.1692053487136826,-0.1705194411368488,-0.7997529433647269,-0.30914530328302936,-0.2794398389420593,-1.7175715003358096,0.10547724641365264,0,0,0,0.6742094144557188,0,H,210
-2.0101369123778765,-0.18669263033854736,-0.17048405932958366,-0.7994885971279593,-0.3090770139822123,-0.2793790962782352,0.40172701011678996,2.103006764981102,0,0,0,0.7737562087299211,0,H,211
0.4973534785789687,-2.1670602803214454,-0.1704486995377495,-0.412063479174925,-0.30900876991613674,-0.27931839320863505,0.4016329787144395,-0.22847061685301426,1,0,1,0.6466311666745734,1,H,212
-2.0086021902359583,-0.18564087238606528,-0.17041336173852495,-0.7991922796092812,-0.3089405710348855,-0.2792577296902629,0.40153901331039543,1.2699848037641754,0,0,0,0.7719144371287912,0,H,213
0.4977335567021145,-3.151330674744207,-0.17037804590912164,0.16932499734117132,-0.30887241728861864,-0.27919710568018774,0.4014451138274894,1.186135098640473,1,1,1,0.5368834578432561,1,H,214
0.4976085451324669,0.8047941657615876,-0.17034275202678428,0.9439589662333525,-0.3088043086275732,-0.279136521135544,0.4013512801886799,-0.728793966950292,1,1,1,0.5952077242105739,1,H,215
0.49748362770985527,-0.1843355612669368,-0.17030748006879054,-0.6058951707167177,-0.3087362450020629,2.2955648208467276,0.4012575123170504,-1.144638602529452,1,1,1,0.558675039185648,1,H,216
-2.008080840994109,0.8047580329179317,-0.17027223001245106,-0.4120209161046916,-0.3086682263624783,-0.27975985191233865,0.4011638101358111,0.6038698874987807,0,0,1,0.7486331261388467,0,H,217
0.4978629694778686,-0.1846340692882815,-0.17023700183510934,-0.6056640636490654,-0.3086002526592862,-0.27969920080130706,-0.6595960518013344,-0.8116337019405785,0,0,0,0.6512949199445751,0,H,218
0.49773811355879494,-0.1845956960119312,-0.1702017955141416,-0.2179495218348727,-0.3085323238430297,-0.2796385891201253,0.40138100746574357,-0.3951090819074458,1,0,1,0.5916620360956786,1,H,219
-2.0070582523391853,0.8049525477620599,-0.1701666110269569,-0.6055260867432265,-0.30846443986432837,-0.2795780168260891,0.4012873814360162,1.353434751999518,0,0,0,0.8472774969569559,0,H,220
0.4981167541368994,-1.1742557798811954,-0.1701314483509969,-0.41153331433343926,-0.3083966006738774,-0.2795174838765589,-0.6599508773073277,-0.894983602247963,1,0,1,0.6321768324906841,1,H,221
0.4979919597583565,-0.18440811996787296,-0.1700963074637359,0.3640977037646925,-0.3083288062224482,-0.2794569902289595,0.401504399010485,0.021202931949490297,0,1,0,0.5658583229044479,0,H,222
0.49786725912794055,0.8053267218824953,-0.17006118834268086,-0.0238219692274053,-0.30826105646088775,-0.2793965358407805,0.40141084897237567,-0.6450680082486842,1,1,1,0.5059186800206321,1,H,223
0.49774265212833463,0.8050604771120969,-0.170026090965371,-0.41172763014531466,-0.3081933513401185,-0.2793361206695756,0.4013173642949455,-0.8114310749873406,0,1,0,0.5394688274173943,0,H,224
0.49761813864242677,0.8047944962325051,-0.16999101530937813,-0.6055950807504895,-0.3081256908111385,-0.27927574467296284,0.40122394490212027,-0.6446035620573456,0,0,0,0.7169379938827211,0,H,225
0.4974937185533104,0.8045287788080786,-0.1699559613523065,-0.21743324818584656,1.4739188932665805,-0.27921540780862436,0.40113059071795,-0.4778218651185124,0,1,0,0.6621956292659101,0,H,226
0.4973693917442834,-0.18571358385021472,-0.16992092907179251,-0.41143199815443354,-0.308576466595684,-0.27915511003430626,-0.661121493587782,-0.3110636862375263,0,0,0,0.5852449326950772,0,H,227
0.4972451580988474,0.8044933797278941,-0.16988591844550496,0.9471002606691605,-0.3085087887582307,-0.2790948513078184,0.4013474600856522,0.9389821874274541,1,1,1,0.583023000799683,1,H,228
-2.009052095536759,-0.18601047931652215,-0.16985092945114472,-0.7998201749659473,-0.3084411554311206,-0.27903463158703445,-1.7227643268786255,-0.39471784460693266,0,0,0,0.6411179725242032,0,H,229
0.4976229065911799,0.8044581239895595,-0.16981596206644486,-0.02323373368061824,-0.30837356656558584,-0.27897445082989175,1.4632803098880613,-0.9779671587516873,1,0,1,0.5403317597308852,1,H,230
0.4974987336867911,-0.1863070805082644,-0.16978101626917058,-0.4115060270476246,1.474544839919308,-0.27891430899439085,0.4011082950659921,-0.8942683274615573,0,1,0,0.520812925262901,0,H,231
0.49737465369142403,-0.1862685376999587,-0.16974609203711896,-0.6055570529305911,-0.3088234553182936,-0.278854206038596,1.462446883532533,1.1896594954532702,0,0,0,0.5481335819261111,0,H,232
0.4972506664892753,-0.18623001880271958,-0.16971118934811918,-0.7995361471472305,-0.3087558492673908,-0.27879414192063445,-0.6613930414051263,-1.3940880815854744,0,0,0,0.6862200850843296,0,H,233
0.4971267719647438,0.8048825799102759,-0.1696763081800322,2.30563163494824,-0.30868828759696976,-0.2787341165986965,0.4006484421039517,-0.14369729648813712,1,1,1,0.6319814113449246,1,H,234
0.4970029700024293,-1.1774507260897207,-0.16964144851075091,-0.21745961300821673,-0.3086207702584951,-0.2786741300310357,0.4005555938064969,-0.6437578670715831,1,0,1,0.5798196150595388,1,H,235
0.4968792604871333,-0.18604154231602274,-0.16960661031819996,0.7529266688720772,-0.3085532972035059,-0.2786141821759683,-0.661745083988048,1.856097932959312,0,1,0,0.5217695282952085,0,H,236
0.4967556433038575,-1.1770427732352544,-0.16957179358033558,-0.4118241148500041,-0.30848586838361525,-0.2785542729918732,0.40077197233127937,2.103844782183608,1,0,1,0.6823695042419841,1,H,237
0.4966321183378041,-0.18551904580537523,-0.16953699827514593,-0.6058321980575476,-0.3084184837505104,-0.2784944024371921,0.400679198642407,-0.31137253756479055,0,0,0,0.6914604314760485,0,H,238
0.4965086854743746,-0.18548078398895998,-0.16950222438065055,-0.02323403685689913,-0.30835114325595225,-0.27843457047042913,-0.6620967329859904,-0.5611275185527469,1,1,1,0.5337665624956898,1,H,239
0.4963853445991701,-0.1854425458363627,15.286773332062877,2.304700206734268,-0.3082838468517755,-0.27837477705015073,0.4008953986463711,0.43851332652853003,1,0,0,0.5357535285297409,1,H,240
0.4962620955979905,-0.18540433132320133,-0.16750546908036015,-0.024128175811954,-0.30821659448988853,-0.27831502213498577,1.4632417132670243,-0.894373867586716,0,1,0,0.5810881991756373,0,H,241
-2.013035986588366,0.8065796342172352,-0.16747117575968037,-0.6062872481732372,-0.308149386122273,-0.278255305683625,-1.7244544189892734,-0.06107345855464353,0,0,0,0.7353286397986097,0,H,242
0.4966388265827383,-0.18570032418797142,-0.16743690349294918,0.752405789256258,-0.3080822217009836,-0.2781956276548215,0.400657928914508,0.6055246009480755,0,0,0,0.5145139574892635,0,H,243
0.4965156369922079,-1.1776496237603051,-0.16740265225863238,-0.8005270574357853,-0.30801510117814845,-0.2781359880073899,-0.6619326429916426,1.1051709920209716,0,0,0,0.6369908786683866,0,H,244
0.496392539026515,-1.177090753402854,-0.16736842203522662,-0.41210482339574855,-0.3079480245059687,-0.278076386700207,0.40087365457801166,0.3549218465196669,0,0,0,0.6175537082288963,0,H,245
0.4962695325721356,0.8073563615069191,-0.1673342128012593,-0.023709655448435184,-0.30788099163671806,-0.27801682369221087,0.4007811460518307,-1.061862204283931,1,0,1,0.5831178634139419,1,H,246
-2.0130098944966375,0.8070913606548544,-0.16730002453528847,-0.8003838629056453,-0.307814002522743,-0.27795729894240134,2.5235852186424315,-0.6448579223546578,0,0,0,0.6862668989520737,0,H,247
-2.0109918389572603,-0.18536411933535865,-0.16726585721590295,0.1708196515240114,-0.30774705711646283,-0.27789781240983974,0.3992575643033188,0.18884552244989622,0,0,0,0.6311588378515484,0,H,248
0.49714389815525906,0.8070551294718801,-0.16723171082172206,0.5592441375595327,5.032476539312086,2.309816123843792,0.39916564098238305,-0.3114278594402729,1,1,1,0.7102201520662202,1,H,249
0.49702082750152143,-0.18565945580998075,-0.16719758533139573,0.36485037088488814,-0.308188090964141,-0.2785163637835496,0.399073781124299,1.2726080378899476,1,0,1,0.5635307246454693,1,H,250
-2.0099751242241775,0.8070190409625045,-0.1671634807236043,0.5590498465065131,-0.3081211299106842,2.3074488561757485,0.39898198465607665,-0.5619328269507052,1,1,1,0.5188449516371011,1,H,251
0.49739549264236427,0.8067547632587004,-0.16712939697705861,-0.801290511188891,-0.30805421248482306,-0.27913340572084294,-0.6636556097658747,0.8556787125223951,0,0,0,0.6660616375559374,0,H,252
0.4972724815133303,0.8064907450171485,-0.1670953340704998,-0.8010296762297138,-0.30798733863920325,-0.27907374967956844,0.39919783344744203,2.354011497358214,0,0,0,0.6695268181392057,0,H,253
0.49714956160500984,-0.18662021890035288,-0.16706129198269942,0.5596192717856576,-0.30792050832654233,-0.2790141318707951,0.39910610980344435,-0.7291784716526962,0,0,0,0.5426737411080335,0,H,254
0.4970267328047151,-0.18658195883807166,-0.16702727069245923,0.7538106794880759,-0.3078537214996296,-0.27895455225370286,0.3990144493564015,1.1038859462650437,0,0,0,0.5675621745540034,0,H,255
0.49690399499995336,-0.1865437222978788,-0.16699327017861115,0.3648441377557964,3.2490105891223062,-0.27889501078753254,0.3989228520337765,-0.9792229643007677,0,1,0,0.5546268968476199,0,H,256
-2.0104517322394657,-0.18650550925568182,-0.16695929042001734,1.9188690015028227,-0.3084904843769548,-0.27883550743158586,-0.6645412920990688,0.1875018441306844,0,1,0,0.6305060466468437,0,H,257
-2.0084482920485325,-1.1798557926795825,-0.16692533139557003,-0.8020828604104849,-0.3084236319246893,-0.2787760421452254,0.39913854196214343,-1.062392694050603,1,0,1,0.7283701869195865,1,H,258
0.4977739191940582,-0.18598586068908898,-0.1668913930841914,-0.21887931838495928,1.4700776522743042,-0.27871661488787425,0.3990470170750664,-1.0619455107418512,0,1,0,0.5011568630922013,0,H,259
0.49765111817598284,0.8077717859145636,-0.16685747546483376,3.0799011616486864,-0.30886754869700395,-0.2786572256190161,0.3989555551207623,-0.8116234901386797,1,1,1,0.589375154464595,1,H,260
0.49752840799826337,-1.179849959648174,-0.16682357851647925,-0.413729948969233,1.4695443453631842,-0.27859787429819505,-0.6651570696163739,-0.39474564242487536,0,0,0,0.5981359053424704,0,H,261
0.4974057885489585,0.8079117044189902,-0.16678970221813993,-0.6076932382178222,-0.3093107846548651,-0.2785385608850155,0.39917107685362835,0.5222088487777062,0,0,0,0.7142766230391436,0,H,262
0.49728325971632,-1.1796926534026833,-0.1667558465488577,-0.6075289214567651,-0.30924385586561975,-0.27847928533914185,-0.6652357546415296,-0.4782761026704747,0,0,0,0.6908560744446993,0,H,263
0.4971608213887923,0.8080514169838288,-0.16672201148770407,2.108666073943678,-0.3091769705038142,-0.27842004762029876,1.4632833043129831,-0.8115947327567674,0,1,0,0.6837563438471193,0,H,264
0.49703847345501184,-2.1717108892454675,-0.16668819701378054,-0.02581123819328929,-0.3091101285225049,-0.27836084768827085,0.398718625630506,0.9394925860331031,0,1,0,0.5365523079781973,0,H,265
-2.0099157771935445,0.8080519228262825,-0.16665440310621804,-0.8018797676764601,-0.30904332987481936,-0.2783016855029024,-0.6657419404003547,-0.9784137689935056,1,0,1,0.7269766158179506,1,H,266
0.4974109060366202,-0.18532037194526652,-0.1666206297441772,0.5566469528352351,-0.3089765745139558,-0.27824256102409756,-0.6655525129997045,-0.5612463923773655,0,1,1,0.5379568695068858,0,H,267
0.4972886169367914,-0.1852825907283935,-0.1665868769068482,1.3324063917197764,-0.30890986239318313,-0.27818347421182005,0.39924025139987546,0.43963770836818017,1,1,1,0.5301117947434478,1,H,268
0.4971664179874255,-0.18524483260944324,-0.16655314457345063,-0.6083543575762602,-0.3088431934658411,-0.27812442502609297,-0.6656309159306437,-0.31115506977352025,0,0,0,0.7563498670282542,0,H,269
0.49704430907781316,0.8084693236350403,-0.1665194327232337,-0.8022111785470154,6.7541383258751475,-0.278065413426999,1.4638169741707463,-1.3117765583435392,0,0,0,0.6007288861332345,0,H,270
0.4969222900974358,0.808206178596699,-0.1664857413354758,-0.6079170065898178,-0.30870992234892375,-0.27800643937467984,0.3987886225082746,0.18995854151727593,1,0,1,0.7591799825432639,1,H,271
0.4968003609359641,0.8079432903408839,2.9372998010811906,-0.4136673399814491,-0.3086433827384695,-0.27794750282933656,0.3986976676269771,-0.9779328064027032,0,1,0,0.5677342454691318,0,H,272
0.49667852148325836,-0.18619986935731916,-0.16735802633555819,-0.21943610532506416,-0.3085768861354958,-0.2778886037512291,-0.6664029447843532,-0.4771269888592989,0,0,0,0.6505937497675989,0,H,273
0.49655677162936807,0.8079073607144727,-0.16732419601621246,1.721444320588098,-0.3085104324936931,-0.2778297421006764,-0.666213735909924,-0.8107071227294728,1,0,1,0.574142396855271,1,H,274
0.496435111264531,-0.18649246250427134,-0.1672903862043026,1.9138353029242312,-0.30844402176682195,-0.27777091783805624,0.39921824037806536,-0.6435947018395272,0,1,0,0.6490797401638826,1,H,275
0.49631354027917324,0.8078715710248607,-0.16725659687911817,-0.41461585946703705,-0.3083776539087123,-0.27771213092380503,0.39912730374478167,1.2757020877748309,0,0,0,0.662114999012783,0,H,276
0.4961920585639084,-0.18678477020152048,-0.167222828019978,1.3313528316363619,-0.3083113288732636,-0.27765338131841777,0.39903642922568655,-0.31008579575711687,0,1,0,0.5801768039260394,0,H,277
-2.013348312779344,0.8078359208755469,-0.16718907960623008,-0.8029119359240741,-0.3082450466144448,-0.277594668982448,-1.7317048816446095,-1.394530054713083,0,0,0,0.7594520584429552,0,H,278
-2.0113539107912977,0.8075739696743738,-0.16715535161725162,-0.2206829717599855,-0.30817880708629397,-0.2775359938765076,0.39946890751853453,-0.7265892886008851,0,0,1,0.7940978232748421,0,H,279
0.497055911599852,-0.18740657164729815,-0.16712164403244886,-0.8027161771834371,-0.3081126102429183,-0.27747735596126677,0.39937804090209,0.7756823871748535,1,0,1,0.7555224457758958,1,H,280
0.4969343671765654,0.8075386846908679,-0.1670879568312572,-0.02626721724140077,-0.3080464560384942,-0.27741875519745357,1.4644581282739233,-0.8101668231153861,1,0,1,0.6857671002643029,1,H,281
-2.010348720069378,-0.1876980594659522,-0.16705428999314098,-0.6085506931948057,-0.3079803444272665,-0.27736019154585445,-1.7314166500278885,-0.6430181537989232,0,0,0,0.7629634081812213,0,H,282
0.49730456257407224,0.8075035380229069,-0.16702064349759355,-0.41428260091539015,-0.30791427536354915,-0.2773016649673136,-0.6659017017943382,1.5268497491764308,0,0,0,0.6718134735574544,0,H,283
0.49718307617612556,-2.1766391754264998,-0.16698701732413704,-0.8024330923586089,-0.30784824880172434,-0.2772431754227331,-0.6657134628306298,2.4417168840974837,0,0,0,0.5765930556284069,0,H,284
0.4970616787683396,-1.1812835588006716,-0.16695341145232256,-0.8021748702376688,-0.3077822646962429,-0.27718472287307255,0.39975465515584313,0.9403175867586286,0,0,0,0.7346977708025593,0,H,285
0.49694037024212345,0.8079032264865211,-0.16691982586172993,-0.8019168972432122,-0.307716323001624,-0.2771263072793494,-0.6657914445126102,-0.06039467435714673,0,0,0,0.6927912970294177,0,H,286
0.49681915048907166,-1.1811263737792517,-0.1668862605319678,-0.2191365560989222,-0.3076504236724548,-0.2770679286026384,-0.66560347672519,0.10640415345608757,1,0,1,0.5842214641798028,1,H,287
-2.010818864276682,0.8080416588401237,-0.1668527154426734,-0.21909164430801306,-0.30758456666339073,-0.27700958680407173,0.400272152499434,0.5234041121731169,0,0,0,0.7224858237044937,0,H,288
0.49718858546562433,-2.173867754398951,-0.1668191905735127,-0.8017865299595391,-0.3075187519291549,-0.2769512818448389,1.465511190098165,1.7735341661255564,0,0,0,0.8214582537213363,0,H,289
0.49706742338621684,0.8080415379886822,-0.1667856859041802,0.36411918972621354,-0.3074529794245384,-0.2768930136861865,0.39951855554130494,-0.14470351238581386,1,0,1,0.555486026485914,1,H,290
0.49694634984322333,0.8077806958015602,-0.16675220141439892,2.111141504442301,-0.30738724910439996,-0.27683478228941816,1.4646950769117775,-0.645038153256621,0,1,0,0.6956540089931844,1,H,291
0.49682536472886957,0.8075201060572129,-0.16671873708392046,-0.413787717530874,-0.3073215609236657,-0.2767765876158945,0.39876643954686636,0.8563824918688786,1,0,1,0.6731605184708427,1,H,292
0.49670446793556505,-0.18670130638059415,-0.1666852928925247,-0.6078892184971343,-0.30725591483732934,-0.276718429627033,0.3986762366298779,1.0228392034982707,0,0,0,0.6669623027236464,0,H,293
0.49658365935590265,0.8074847870530926,-0.1666518688200201,0.946064406253652,-0.30719031080045167,-0.27666030828430777,0.39858609489823066,1.6057407113022473,0,0,0,0.5915203770279959,0,H,294
-2.011776352999555,0.8072246727516079,-0.1666184648462433,-0.8023055207652389,-0.3071247487681607,-0.2766022235492496,0.3984960142827856,-1.2294683838731348,0,0,0,0.6614356443164396,0,H,295
0.49695230611717356,0.8069648096593968,-0.1665850809510592,0.7519082017916441,-0.30705922869565144,-0.2765441753834457,-1.7332263661796077,1.2718189611789121,1,0,1,0.6406587195572512,1,H,296
-2.010287881719192,0.8067051973723716,-0.16655171711436106,-0.025374320315041447,-0.3069937505381859,-0.2764861637485399,0.3989260076770534,1.0212486632257125,0,0,0,0.6718968513356847,0,H,297
-2.0083160441856096,-2.1750131539718263,-0.16651837331607025,-0.8025560654854382,-0.3069283142510926,-0.2764281886062322,-0.667182087495091,0.10396971419486953,1,0,1,0.7460940947850676,1,H,298
0.4978086088836921,0.8067064808197776,-0.16648504953613621,3.0786078191488024,-0.3068629197897669,-0.2763702499182787,0.39913900679371445,1.4375618921592717,0,0,0,0.5231036141320792,0,H,299
0.49768770818758395,-1.1808639755695518,-0.16645174575453656,-0.41423031316493997,-0.30679756710967054,-0.27631234764649176,0.3990489425402036,-0.9802538185886585,1,1,1,0.5067441041559435,1,H,300
0.4975668955366507,-1.1803140470730957,-0.16641846195127688,-0.8021399329326919,-0.3067322561663317,-0.2762544817527396,0.3989589392271974,-1.3963841917750897,0,0,0,0.6289843981374535,0,H,301
0.49744617082407977,0.8072424615693278,-0.16638519810639074,-0.6078813991333148,-0.3066669869153448,2.331022057143738,0.3988689967860025,-1.3123178354772396,0,1,0,0.6040055988793366,0,H,302
-2.008299803754722,-0.18669524064518675,-0.16635195419993967,-0.21959590252536737,-0.30660175931237016,-0.2768650190433879,-1.7339977024897109,1.3544339911746193,0,0,0,0.8280907100273847,0,H,303
0.49781286922327145,0.8072073850193701,-0.166318730212013,-0.025434660572426653,-0.3065365733131344,-0.2768070885723629,-1.7326486385520736,-0.062432353648714745,0,0,0,0.6274795150861217,0,H,304
-2.006824294750291,0.8069484403747605,-0.16628552612272796,-0.8019546146004374,-0.3064714288734298,-0.2767491944497621,-1.7313027184701293,-0.8124276510284146,0,0,0,0.7869748534751378,0,H,305
-2.004867371520599,0.806689744771498,-0.16625234191222948,-0.8016987703684216,-0.3064063259491146,-0.2766913366375899,0.40033305550575976,-0.39550163023652773,0,0,0,0.7139815983424944,0,H,306
0.4986652081513699,-1.1814881356654665,-0.1662191775606903,-0.8014431708430255,-0.30634126449611243,-0.27663351509790657,1.4654737367377237,-0.47876845493210923,0,0,0,0.7524506061919218,0,H,307
0.49854439283568963,0.806827898355817,-0.16618603304831078,-0.4128805418834479,-0.3062762444704123,-0.27657572979282774,0.39958471716542576,-0.31191488229268727,0,0,0,0.6068431516379973,0,H,308
0.4984236652899466,-1.1813320807510772,-0.16615290835531893,-0.8011566733431418,-0.306211265828069,-0.2765179806845243,-0.6662015438843853,2.686487905724763,0,0,0,0.7438004371934941,0,H,309
0.4983030254079204,0.8069658522519544,9.063851469536718,2.498075297472464,-0.3061463285252021,-0.27646026773522275,0.3997964102265924,0.1039362216520752,1,1,0,0.6278765057038198,1,H,310
0.49818247308357055,0.8067076479870899,-0.1669983419532644,0.16906329762282307,-0.3060814325179967,-0.2764025909072044,0.3997065415966473,1.6026487037775041,1,0,1,0.6094214542381687,1,H,311
0.49806200821103586,0.8064496914160024,-0.16696508528820234,0.9451887069996746,-0.3060165777627026,-0.2763449501628057,0.3996167335430945,-0.39641645013318005,0,1,0,0.5069875780634817,0,H,312
0.4979416306846345,-1.1819612948333218,-0.16693184848379455,-0.8016547970018004,-0.30595176421563436,-0.27628734546441824,-0.6668055316105364,2.349895803411953,0,0,0,0.7376886082088134,0,H,313
0.49782134039886305,0.8065876882080842,-0.1668986315202812,-0.41329010100148106,-0.3058869918331717,-0.2762297767744882,1.4657475422524093,-0.6465177132783734,1,0,1,0.6407414976809571,1,H,314
0.497701137248397,-4.151043936973746,-0.16686543437792986,-0.6072958535270884,-0.30582226057175865,2.334410158974182,0.39917179637193245,-1.3118106745684432,0,0,1,0.6181394914611968,0,H,315
0.49758102112808883,0.8053985202952902,-0.16683225703703572,1.1399102720857477,-0.3057575703879037,2.3315023445043788,1.4649392290956633,-0.14647225435287314,1,1,1,0.5688499814494162,1,H,316
0.4974609919329696,-2.166434360115874,-0.1667990994779212,-0.8016261525578351,-0.3056929212381799,-0.27750199837706185,0.3984269814855929,-1.3113122939381177,0,0,0,0.7064662677242389,0,H,317
0.4973410495582466,0.8054039738470967,-0.16676596168093621,-0.8013716808341602,-0.30562831307922456,-0.2774442299369799,0.39833774718470605,1.684097525398908,0,0,0,0.7098464452182873,0,H,318
0.4972211938993046,-1.175585868606251,-0.16673284362645793,-0.4128663827649851,-0.30556374586773877,2.32965107479008,0.39824857281346027,-1.0614283219572986,0,0,0,0.5053476281626751,0,H,319
0.49710142485170433,0.8055422032058178,-0.16669974529489087,-0.024387500944639418,-0.30549921956048803,-0.27804926748538783,-0.6685079272434188,-0.7283771988501898,0,0,0,0.5181858243584938,0,H,320
0.49698174231118286,0.8052858063349883,-0.16666666666666666,0.752483211883354,-0.3054347341143015,-0.2779914358528077,0.3984602581157861,-0.8113338196930484,1,1,1,0.5395518881609133,1,H,321
0.4968621461736525,0.8050296541348949,-0.16663360772224411,0.752255793299689,-0.3053702894860722,-0.27793364029053036,1.4648009470342511,1.9332212317997834,1,0,1,0.5672238760368203,1,H,322
0.4967426363352014,-0.1858272334548337,-0.16660056844210927,-0.6077334795819879,-0.3053058856327568,-0.27787588076107544,0.39771761284987894,1.5994105173986957,0,0,0,0.6896614514167113,0,H,323
0.496623212692092,-0.18579016041334734,-0.16656754880677516,-0.6075730119576589,-0.30524152251137526,-0.27781815722701725,0.3976287868473006,0.26890815170559285,0,0,0,0.6308936447059622,0,H,324
0.4965038751407615,-0.18575310955153101,-0.1665345487967818,-0.6074126713771836,-0.30517720007901133,-0.2777604696509845,-1.7357092392230435,-0.7288902181534633,1,0,1,0.8039201169100095,1,H,325
-2.012122792549133,-0.18571608084727742,-0.16650156839269628,-0.21861242401556918,-0.30511291829281173,-0.27770281799566005,0.39805485205943675,1.1004975336699818,0,0,0,0.7490512530732356,0,H,326
0.49686819371059465,-0.18567907427851124,-0.1664686075751126,0.5589011375284746,-0.30504867710998645,-0.2776452022237811,0.39796603291083416,-0.23020650920933466,1,0,1,0.57881722865226,1,H,327
-2.010651249372189,0.8058815010536919,-0.16643566632465154,-0.4132030629538709,-0.30498447648780846,-0.27758762229813894,1.4643512863033274,0.26886054433266193,0,0,0,0.7572130450640189,0,H,328
0.49723189592918526,-0.18596499483721585,-0.16640274462196084,-0.8018904257885285,-0.3049203163836138,-0.2775300781815787,-0.6695362532003387,0.5183398127871829,0,0,0,0.7339654715305155,0,H,329
0.49711258413480314,0.8058470561880451,-0.16636984244771497,-0.4128296772649287,-0.304856196754801,-0.2774725698369997,-0.6693497116433513,2.097218115994261,0,0,0,0.7537371795727115,0,H,330
0.4969933581865397,0.8055914726263863,-0.16633695978261515,-0.21827076314863272,3.2568642353645547,-0.2774150972273547,0.3978253884836051,-1.062396380578172,1,0,1,0.6216358745858916,1,H,331
0.49687421798149894,0.8053361320942749,-0.1663040966073892,3.082844930186499,-0.30548088516420424,-0.27735766031565046,0.397736805148867,-0.6464344333598933,1,1,1,0.6084979307512131,1,H,332
0.4967551634169576,0.8050810342068021,-0.1662712529027918,-0.6074032296412748,-0.30541670164459017,-0.27730025906494704,-0.6696860359176849,1.016497019179656,0,0,0,0.7537902999469698,0,H,333
0.49663619439036427,0.8048261785799106,-0.16623842864960398,3.270336342906294,-0.30535255856410737,-0.2772428934383583,0.39794785559848245,0.6005104915111983,0,1,0,0.5158084572674011,0,H,334
0.4965173107993397,0.8045715648303937,-0.16620562382863344,0.36186026788268694,3.2516695613941407,-0.2771855633990512,-1.7365019708099851,-0.8963491035643654,0,0,1,0.5327248005143718,0,H,335
0.49639851254167566,-1.179826560521048,-0.16617283842071437,-0.6076076269011016,-0.30597524124077835,-0.2771282689102463,1.4650566034779149,-0.14770683371058857,0,0,0,0.7384299916319796,0,H,336
0.49627979951533574,-2.169841509139184,-0.16614007240670745,-0.6074480106480057,-0.30591103479542453,-0.277071009935217,-0.6692498240436037,-0.8130066263276057,0,0,0,0.6412774976678582,0,H,337
-2.013038892171573,0.8049689963564128,-0.16610732576749973,-0.6072885201206356,-0.30584686875273437,-0.27701378643729013,1.4645844931331098,-0.6464301963955812,0,0,0,0.7278700988037508,0,H,338
-2.011091103721101,0.8047146925102739,-0.16607459848400455,-0.4131997685227728,-0.3057827430703525,-0.2769565983798453,-0.6694787260322308,-0.8125905673194838,1,0,1,0.6838755265687585,1,H,339
0.4971236578220225,-0.1870704583568724,-0.16604189053716173,-0.8010013051093235,-0.3057186577059857,-0.27689944572631514,0.39767046123207117,-0.23003919110058044,0,0,0,0.723075560716278,0,H,340
0.4970048849956178,0.8046811952579105,-0.16600920190793714,-0.6068020452748528,3.2478753028930774,2.3377023422919394,-1.735812944862235,-1.0619070960051802,1,1,1,0.6951134496873766,1,H,341
0.4968861972601953,-0.187354362911178,-0.1659765325773231,-0.8006139749820057,-0.3063391419412667,-0.27750106428836957,-0.668629989593053,-0.8119648012271939,1,0,1,0.6479626924932934,1,H,342
0.49676759451420205,-0.18731723668189335,-0.1659438825263379,-0.8003625052849249,-0.3062749937446417,-0.27744384902298025,-1.7344082883376606,-1.0612330607699934,0,0,0,0.7014284911753946,0,H,343
0.4966490766562553,0.80486825574537,-0.16591125173602608,-0.41208958477430285,-0.3062108858295341,-0.27738666913299326,1.4648088897975684,-1.1439588358421442,0,0,0,0.5992997795518814,0,H,344
0.49653064358514115,-0.18760084047185144,2.9253410521948195,-0.6060521812657427,-0.3061468181538041,-0.2773295245819703,1.463927978580943,-1.3097311194882284,1,0,1,0.6559142144047881,1,H,345
-2.012029460088135,-0.18756370473802358,-0.1667577923600349,-0.6058937402270232,-0.30608279067537336,-0.2772724153335252,-0.6683516751969455,-0.2278884947828808,1,0,1,0.7473210184256147,1,H,346
0.4968921525329294,-1.1798965140843791,-0.16672503050300846,-0.6057354233877289,-0.30601880335222514,-0.27721534135132453,1.4634589687392952,-1.1429168445340192,0,0,0,0.6877363603674445,0,H,347
0.49677377441271875,0.8054458376954649,-0.1666922879479473,1.335470300712901,-0.30595485614240425,-0.27715830259908697,0.3972589308614382,-0.06097568241135404,0,0,0,0.5137859611889865,0,H,348
0.49665548085837763,0.8051922370011397,-0.1666595646759056,0.17046153019203147,-0.3058909490040168,-0.27710129904058356,-0.6688398251975389,-0.4770697417244009,0,0,0,0.5843925410576414,0,H,349
-2.0115274729832744,0.80493887570034,-0.16662686066796353,-0.6061743897564709,-0.30582708189523017,-0.27704433063963746,1.4630746824408243,-0.8098275072395564,1,0,1,0.6018467784907434,1,H,350
0.4970163237589056,0.8046857534166663,-0.16659417590522738,0.9472585372322951,6.75295609511996,-0.27698739736012384,1.4621982437787944,-0.31020894895832374,0,1,0,0.5721255567632967,0,H,351
0.49689808506952965,0.8044328697745459,-0.16656151036882927,-0.4122300806766075,-0.3057253614138864,-0.2769304991659698,0.3961788327393068,-0.8928158339664369,1,0,1,0.6148836751742841,1,H,352
0.4967799307259095,-0.18866153967796395,-0.16652886403992723,0.1705061591961103,-0.305661607821112,-0.2768736360211544,-1.7347002359867243,-0.14329922991493976,1,0,1,0.6540320258870006,1,H,353
-2.011027292015395,0.8044001595004243,-0.1664962368997051,-0.8007059670268867,-0.3055978940957481,-0.2768168078897083,-0.6688211632884059,-1.0590835404732268,0,0,0,0.6422378864032541,0,H,354
0.4971401100025861,0.8041477250000578,-0.1664636289293726,0.7535154930438198,-0.3055342201962612,-0.2767600147357138,0.39689801619575354,-0.4759412700111522,0,0,0,0.5476466705130709,0,H,355
0.49702201043802585,-1.1822080775617254,-0.16643104011016516,-0.8008087009771775,-0.30547058608117816,-0.27670325652330513,-0.6688953794276109,2.0211708059180764,0,0,0,0.7667672085424405,0,H,356
0.4969039949999527,0.8042849322286366,-0.1663984704233438,2.11201854313414,1.4598703550213838,-0.27664653321666743,0.39710714322364166,0.855340904966021,1,1,1,0.51547862553319,1,H,357
0.49678606358853755,-0.1891172062857612,-0.16636591985019544,-0.21842070676803554,-0.30589716320684823,-0.2765898447800376,-0.6689695763007938,0.35571863461302816,0,0,0,0.6115691838696262,0,H,358
0.49666821610411616,-1.1821993626394298,-0.16633338837203238,-0.6067469307988556,-0.3058335133217785,-0.2765331911777037,0.3973160951064815,2.019195459844286,0,0,0,0.7914280371549777,0,H,359
0.4965504524471902,-0.18861569709985423,-0.16630087597019264,0.5587063779145182,-0.3057699031522386,-0.276476572374005,0.397228598057964,0.35466553863407624,0,0,0,0.5747698783835792,0,H,360
0.4964327725184261,-3.1631628849637803,-0.16626838262603966,-0.6068809818127489,-0.30570633265694364,-0.27641998833333187,-0.669302080589263,2.1004683467794734,0,0,0,0.815169707823837,0,H,361
0.4963151762186552,0.8046834966100737,-0.16623590832096244,-0.6067231730460997,-0.30564280179466885,-0.27636343902012556,-0.6691179121129811,-1.3093374428501658,0,0,1,0.7266518529840839,0,H,362
0.49619766344887295,-2.1692345899667216,-0.16620345303637538,-0.21800466964179624,-0.30557931052424925,-0.2763069243988783,-0.6689338955832116,-0.14491290631310785,0,0,0,0.5332679737286394,0,H,363
0.49608023411023927,0.804688969934817,2.9309087258815394,-0.4122857661765811,-0.30551585880457977,-0.2762504444341332,1.4642928741628407,-1.0595386685032133,0,1,0,0.6231739762963278,0,H,364
0.49596288810407696,0.8044373324819245,-0.16704448953077364,-0.6065315845389659,-0.3054524465946151,-0.2761939990904839,1.4634193757707057,-0.8928645051212754,1,0,1,0.6892874806392263,1,H,365
0.49584562533187326,-0.1870504575593566,-0.1670119049755769,0.17114177966633262,1.4619440364560023,-0.27613758833257496,-0.6695712076263249,-0.8925600552981647,1,1,1,0.515472562089019,1,H,366
-2.014820329382474,0.8044042626904492,-0.1669793394812756,0.5599272664352449,-0.30587801056173913,-0.27608121212510117,-0.6693872688149803,-0.4764935858796497,1,0,1,0.573613200027413,1,H,367
0.4962048787179707,0.8041530702543719,2.927395394709087,-0.4124204406943263,1.461441822642546,2.348269442911347,0.3973361350263767,-1.3078539681867685,1,1,1,0.6425952955024944,1,H,368
0.4960876695799902,-0.18764903650762976,-0.1678171432371903,-0.6067814861825572,-0.30630295127800067,-0.2766789681587571,-0.6694610797653521,-0.7252995197763905,0,0,0,0.6290859733958213,0,H,369
-2.0138409955990957,0.8041203370888093,-0.16778444936134831,-0.6066241954713026,-0.3062394682230538,-0.2766225299565989,0.39754431223023573,-0.14287501435720393,0,0,0,0.7764432810569931,0,H,370
0.49644629469132684,-0.18792955759910535,-0.16775177458617482,-0.21745094639580578,-0.3061760246234414,-0.2765661262779004,-0.6695348716253605,-1.2240903801870733,0,0,0,0.7075615401913722,0,H,371
0.49632913922192184,-2.1701161600177166,5.984018277968894,0.9498078411984836,-0.3061126204383105,-0.2765097570874788,0.3977523158389087,0.1903935052978586,1,1,0,0.5094091552498172,1,H,372
0.496212066655316,-0.18693878081053802,-0.16887555798121465,-0.02320657970073002,-0.3060492556268677,-0.2764534223502019,-0.6696086443614284,0.1071506699070828,1,0,1,0.6409822368680181,1,H,373
0.4960950768937808,0.8045618935520885,-0.16884269632041826,0.17140061531662618,-0.3059859301483781,-0.2763971220309875,1.4648309032631066,-0.6418188524904358,1,0,1,0.5487776807180207,1,H,374
0.4959781698397495,0.8043112784296018,-0.16880985383590758,-0.6071475140684454,-0.30592264396216634,-0.27634085609480313,-0.6698341942590301,0.35707081941373603,0,0,0,0.6307229729587617,0,H,375
-2.0142892981577996,-0.18753588432228507,-0.1687770305090394,-0.8015980784844261,-0.30585939702761555,-0.27628462450666647,-0.6696507647239206,0.19051170517330504,0,0,0,0.8111505729181564,0,H,376
0.4963360811152694,0.8042785363444556,-0.16874422632119593,-0.801349295952468,-0.30579618930416785,-0.276228427231645,-0.6694674857991151,-0.9749936056746572,0,0,0,0.728770731469147,0,H,377
0.4962192274159182,0.8040283626166694,-0.16871144125378473,1.3399274286526597,-0.30573302075132386,-0.27617226423485586,0.3982036091529952,-0.47522251693022577,1,1,1,0.5431593741944842,1,H,378
0.4961024562112385,-0.18813208401568768,2.9059488248008196,-0.4122508410083026,-0.3056698913286427,-0.27611613548146574,0.3981164928291074,-0.8081262164571678,1,1,1,0.544198462806112,1,H,379
0.49598576740421185,0.8039959541457848,-0.16953882403602133,-0.6068211846381948,-0.3056068009957421,-0.276060040936691,-2.8014861507999713,-0.55810460135422,0,0,0,0.7036791911233976,0,H,380
-2.0142621250465265,0.8037462203107592,-0.169505913283848,-0.022565899277200405,-0.3055437497122979,-0.2760039805657974,0.39857191258551566,1.8561901196820132,1,0,1,0.7303463451178137,1,H,381
0.49634299680246063,0.8034967190450711,2.9019720389602948,1.534758500680145,1.4653382611516563,-0.2759479543341,-1.7338852472196162,0.10756648047823798,1,1,1,0.8066049121366462,1,H,382
0.4962263611536168,0.8032474499879718,-0.1703303196205488,-0.6071941987915437,-0.30596741088814783,-0.2758919622069632,0.39898798476615616,0.8568272816328276,0,0,0,0.7485435498342596,0,H,383
0.4961098076907869,0.8029984127794936,-0.17029728398243793,-0.801706279288009,-0.30590434387829996,-0.27583600414980053,0.3989008143513459,0.8565472776211732,1,0,1,0.7706814519485335,1,H,384
-2.013762174448139,-0.18967415135468424,-0.1702642675587022,-0.41206841035946595,-0.3058413158511208,-0.2757800801280746,0.39881370104624386,-0.8090142582472403,1,0,1,0.6648835800607218,1,H,385
0.4964663868173121,-0.18963714298719814,-0.17023127033072288,-0.2172215763166298,3.23172505260189,-0.2757241901072971,0.398726644788518,-0.059338046088048296,0,1,0,0.6001492352695289,0,H,386
0.496349886431614,-1.1821734615701858,-0.17019829227990646,-0.8014904960773681,-0.30645100104952216,-0.27566833405302854,2.5295092198576614,-0.5590703304808455,1,0,1,0.7166037164747393,1,H,387
0.49623346802109247,0.8035691571975149,11.805611886542902,1.3411752439990032,-0.30638791238667745,2.355148170154911,0.397281567977658,-0.4756380072035646,1,1,0,0.6775305036158711,1,H,388
0.4961171314896566,0.803320410765871,-0.1701157125919272,0.7564832049705157,-0.30632486267173586,2.3522520339116566,0.3971950351797518,-0.475528289380414,0,1,0,0.7685301300448522,0,H,389
-2.01373609985219,-0.18977081884338823,-0.17008279537059434,-0.02286611925407025,-0.30626185186463956,-0.27691219927916794,0.3971085589009386,0.35786375656035163,1,0,1,0.6398463751513142,1,H,390
0.4964730337990148,-0.1897338599123206,-0.17004989725021838,-0.6073348960979745,-0.30619887992538836,-0.276856152755124,0.3970221390797196,0.8577465678339913,0,0,0,0.6157590169795529,0,H,391
0.4963567501497329,0.8035058934013829,-0.17001701821233356,0.17222440164348432,-0.30613594681403966,-0.2768001402484529,0.3969357756546894,-0.1426013430677557,0,1,0,0.5745086427333687,0,H,392
0.49624054816987767,0.803257555600297,-0.1699841582384991,0.7568018428591348,10.117126073404014,4.960350031571747,1.4629873279646128,-1.2259639815471495,1,1,1,0.7298268876677068,1,H,393
0.4961244277638959,-0.19032604186102617,-0.16995131731029908,-0.6076872616840254,-0.3039864343180214,-0.2773771982678167,2.5261653817308254,1.4411088626763726,0,0,0,0.6831115200303985,0,H,394
-2.0137101238753563,0.8032263132577718,-0.16991849540934262,1.925251376939203,-0.303924103299511,-0.27732112851504465,-0.6704738098197,1.1072252367488624,1,1,1,0.512948287270925,1,H,395
0.49647965582045045,-0.19060326680034784,-0.16988569251726351,-0.023476943222172336,-0.30386181060734846,-0.2772650927507914,0.3951577677945479,-0.3096890414707201,0,0,0,0.5477252859405324,0,H,396
-2.0122729497367957,0.8031951939611934,-0.16985290861572047,-0.8028684907589057,-0.30379955620227284,-0.2772090909407322,1.4601853484903549,-0.5596485182146418,1,0,1,0.777671743822839,1,H,397
0.4968342981071224,-0.19088023462800155,-0.169820143686397,-0.6077895798454712,-0.3037373400450794,-0.27715312305059053,1.4593283565867698,0.44077108352741734,0,0,0,0.6999346368949451,0,H,398
0.49671820176294895,-0.19084315600710805,-0.16978739771100124,-0.41275316130799544,-0.30367516209661966,-0.27709718904613856,-1.7356656177831247,-0.22629731322478872,0,0,0,0.7321006507957419,0,H,399
