juv_other_count,c_charge_degree,race,juv_misd_count,sex,juv_fel_count,priors_count,age,expert prediction,machine prediction,ground truth,proba_model,did_recid,provider
0.0,0.6,0.8,0.0,0.0,0.0,0.0344827586206896,0.0909090909090909,0,0,0,0.7808208505983029,0,H
0.0,0.2,1.0,0.0,0.0,0.0,0.0689655172413793,0.1558441558441558,0,0,0,0.7999967313774137,0,H
0.0,0.2,0.8,0.0,0.0,0.0,0.0344827586206896,0.0909090909090909,0,0,1,0.6494781062189103,0,H
0.0,0.6,0.4,0.0,1.0,0.0,0.0344827586206896,0.1038961038961039,1,0,1,0.8118009259276043,0,M
0.0,0.4,1.0,0.0,1.0,0.0,0.0,0.0519480519480519,1,0,1,0.5813669357345878,1,H
0.0,0.2,0.6,0.0,1.0,0.0,0.2413793103448276,0.1168831168831168,0,1,0,0.5057200441564342,0,H
0.0,0.6,0.8,0.0,0.0,0.0,0.1379310344827586,0.3766233766233766,0,0,0,0.6782107434373769,0,H
0.0,0.6,0.4,0.0,1.0,0.0,0.0689655172413793,0.4285714285714285,0,0,0,0.8654974775291443,0,H
0.0,0.4,1.0,0.0,1.0,0.0,0.2758620689655172,0.1558441558441558,0,1,1,0.6818620661289336,1,H
0.0,0.2,0.8,0.0,0.0,0.0,0.0,0.2337662337662337,0,0,0,0.8647072655283025,0,H
0.0,0.6,0.4,0.0,1.0,0.0,0.0,0.0779220779220779,0,0,0,0.8536418121940609,0,H
0.0,1.0,0.6,0.0,1.0,0.0,0.0,0.3896103896103896,0,0,0,0.8395848817785764,0,H
0.0,0.4,1.0,0.0,1.0,0.0,0.0,0.0649350649350649,1,0,1,0.5501728659530355,1,H
0.0,0.6,1.0,0.0,1.0,0.0,0.2758620689655172,0.2337662337662337,1,1,1,0.5784990821558832,1,H
0.0,0.8,1.0,0.0,1.0,0.0,0.3793103448275862,0.1038961038961039,1,1,1,0.6300346661335542,1,H
0.0,0.8,1.0,0.0,1.0,0.0,0.1379310344827586,0.0259740259740259,0,1,0,0.5199278929067652,0,H
0.0,0.8,1.0,0.0,1.0,0.0,0.0,0.0389610389610389,1,0,1,0.5388167885264634,1,H
0.0,0.4,0.8,0.0,1.0,0.0,0.0689655172413793,0.1948051948051948,0,0,0,0.7333160236742309,0,H
0.0,0.8,1.0,0.0,1.0,0.0,0.0344827586206896,0.0389610389610389,1,1,1,0.5097519472069258,1,H
0.0,0.6,1.0,0.0,1.0,0.4,0.6896551724137931,0.1428571428571428,1,1,1,0.7054135900841974,1,H
0.0,0.6,0.8,0.0,0.0,0.0,0.0,0.2597402597402597,1,0,1,0.8062824113314797,1,H
0.0,0.4,0.8,0.0,1.0,0.0,0.4827586206896552,0.4545454545454545,1,1,1,0.5320179635708284,1,H
0.0,0.6,0.8,0.0,1.0,0.0,0.0,0.2597402597402597,0,0,0,0.6804769996709303,0,H
0.1428571428571428,0.6,1.0,0.0,1.0,0.0,0.0689655172413793,0.1168831168831168,1,0,1,0.5362768129335501,1,H
0.1428571428571428,0.6,1.0,0.0,1.0,0.0,0.6551724137931034,0.3636363636363636,1,1,1,0.7574166886540057,1,H
0.1428571428571428,0.6,1.0,0.0833333333333333,1.0,0.0,0.1379310344827586,0.0129870129870129,1,1,1,0.5364057601114935,1,H
0.0,0.6,0.4,0.0,1.0,0.0,0.1034482758620689,0.0779220779220779,0,0,0,0.6026553946492104,0,H
0.0,0.8,1.0,0.0,0.0,0.0,0.0,0.1168831168831168,0,0,0,0.6642958382537769,0,H
0.0,0.4,0.6,0.0,0.0,0.0,0.0,0.0129870129870129,0,0,0,0.6894752447745701,0,H
0.0,0.6,0.8,0.0,0.0,0.0,0.0689655172413793,0.0649350649350649,0,0,0,0.6949903944587869,0,H
0.0,0.4,0.8,0.0,1.0,0.0,0.0689655172413793,0.4155844155844156,0,0,0,0.8646801933841323,0,H
0.0,0.6,1.0,0.0,1.0,0.0,0.3448275862068966,0.1558441558441558,1,1,1,0.630990388324697,1,H
0.0,0.6,0.8,0.0,1.0,0.0,0.3103448275862069,0.2597402597402597,1,1,1,0.5014454592512269,1,H
0.0,0.0,0.8,0.0,1.0,0.0,0.3103448275862069,0.0909090909090909,1,0,1,0.5434781763853206,1,H
0.2857142857142857,0.4,0.8,0.0,1.0,0.0,0.2068965517241379,0.1688311688311688,0,1,0,0.6134848819499553,1,H
0.0,0.6,1.0,0.0,1.0,0.0,0.4482758620689655,0.2337662337662337,0,1,0,0.628125556443461,1,H
0.0,0.6,1.0,0.0,1.0,0.0,0.0344827586206896,0.4285714285714285,0,0,0,0.6616558952255686,0,H
0.0,0.2,1.0,0.0,1.0,0.0,0.0344827586206896,0.0519480519480519,0,0,0,0.6461700522908153,0,H
0.0,0.6,1.0,0.0,1.0,0.0,0.3103448275862069,0.2597402597402597,0,1,0,0.5905757503619963,1,H
0.0,0.4,1.0,0.0,0.0,0.0,0.0,0.0389610389610389,0,0,0,0.7269526582773844,0,H
0.0,0.6,0.8,0.0,1.0,0.0,0.0689655172413793,0.1948051948051948,1,0,1,0.7396813148218375,0,M
0.0,1.0,1.0,0.0,1.0,0.2,0.2758620689655172,0.4155844155844156,0,1,0,0.5036046360655916,0,H
0.0,0.4,1.0,0.0833333333333333,1.0,0.4,0.1034482758620689,0.0649350649350649,1,1,1,0.6308487233256088,1,H
0.0,0.4,1.0,0.0,1.0,0.0,0.2068965517241379,0.1038961038961039,1,0,1,0.5154221220068602,1,H
0.0,0.6,0.4,0.0,1.0,0.0,0.0,0.0389610389610389,1,0,1,0.8219382294969356,1,H
0.0,0.4,0.4,0.0,1.0,0.0,0.0,0.1818181818181818,0,0,0,0.8545826453127743,0,H
0.0,0.8,0.6,0.0,0.0,0.0,0.0,0.4675324675324675,0,0,0,0.6799355244697062,0,H
0.0,0.4,1.0,0.0,1.0,0.0,0.1379310344827586,0.1818181818181818,1,0,1,0.5942775185083771,1,H
0.0,0.6,1.0,0.0,0.0,0.0,0.0,0.0779220779220779,0,0,0,0.7418121601072554,0,H
0.0,0.2,1.0,0.0,1.0,0.0,0.1724137931034483,0.1948051948051948,0,0,0,0.5457600929901715,1,H
0.0,0.2,0.8,0.0,1.0,0.0,0.0,0.6493506493506493,0,0,0,0.9143106028714484,0,H
0.2857142857142857,0.6,1.0,0.0,1.0,0.0,0.0,0.0129870129870129,1,0,1,0.5119769466186641,1,H
0.0,0.6,0.8,0.0,1.0,0.0,0.1034482758620689,0.3376623376623376,1,0,1,0.6957097359212487,1,H
0.0,0.8,1.0,0.0,1.0,0.0,0.0344827586206896,0.2077922077922078,1,0,1,0.5684105562002497,1,H
0.0,0.6,1.0,0.0,1.0,0.0,0.0,0.1688311688311688,0,0,0,0.6854219469357203,0,H
0.0,0.4,0.6,0.0,1.0,0.0,0.0344827586206896,0.2727272727272727,0,0,0,0.8241654296457,0,H
0.0,0.6,0.8,0.0,1.0,0.0,0.1724137931034483,0.1038961038961039,0,0,0,0.5146991286309335,1,H
0.0,0.4,0.4,0.0,1.0,0.0,0.0,0.0519480519480519,1,0,1,0.7855556453460923,1,H
0.0,0.6,0.8,0.0,0.0,0.0,0.1379310344827586,0.2597402597402597,1,0,1,0.5812845383718582,1,H
0.1428571428571428,0.8,1.0,0.1666666666666666,1.0,0.0,0.2758620689655172,0.0649350649350649,1,1,1,0.6935928312218862,1,H
0.0,0.6,0.8,0.0,1.0,0.0,0.0689655172413793,0.4285714285714285,1,0,1,0.8065769358566627,0,M
0.0,0.6,0.8,0.0,1.0,0.0,0.2068965517241379,0.3896103896103896,0,0,0,0.6953113803864849,0,H
0.0,0.8,0.4,0.0,0.0,0.0,0.0689655172413793,0.1688311688311688,0,0,0,0.6824430289779546,0,H
0.0,0.2,1.0,0.0833333333333333,1.0,0.0,0.4482758620689655,0.0909090909090909,1,1,1,0.727372105444478,1,H
0.0,0.6,1.0,0.0,1.0,0.0,0.1034482758620689,0.3766233766233766,0,0,0,0.6118789365863827,0,H
0.0,0.4,1.0,0.0,1.0,0.0,0.1379310344827586,0.2077922077922078,0,0,0,0.5458087900332523,0,H
0.0,0.6,1.0,0.0,1.0,0.0,0.9655172413793104,0.4545454545454545,1,1,1,0.7222836909604807,1,H
0.0,0.6,0.8,0.0,1.0,0.0,0.1724137931034483,0.2727272727272727,0,0,0,0.640683393429382,0,H
0.0,0.6,1.0,0.0,1.0,0.2,0.0689655172413793,0.0389610389610389,0,1,0,0.8393429243742516,1,H
0.0,0.4,0.6,0.0,1.0,0.0,0.0344827586206896,0.0389610389610389,0,0,0,0.7326449012862755,0,H
0.0,0.2,0.4,0.0,1.0,0.0,0.1724137931034483,0.1428571428571428,0,0,0,0.5081220095999868,0,H
0.0,0.6,0.4,0.0,1.0,0.0,0.0344827586206896,0.3376623376623376,0,0,0,0.8503595362502815,0,H
0.0,1.0,0.8,0.0833333333333333,1.0,0.0,0.0689655172413793,0.0389610389610389,0,0,0,0.5165733828579995,1,H
0.0,0.6,1.0,0.0,1.0,0.0,0.4137931034482758,0.1558441558441558,0,1,0,0.7054924142511725,1,H
0.0,0.4,1.0,0.0,1.0,0.0,0.0344827586206896,0.5454545454545454,0,0,0,0.7531670247880804,0,H
0.0,0.6,0.8,0.0,1.0,0.0,0.1724137931034483,0.3246753246753247,0,0,0,0.7092713418097986,0,H
0.0,0.8,0.6,0.0,1.0,0.0,0.1379310344827586,0.1948051948051948,1,0,1,0.6659311854183285,1,H
0.0,0.4,0.2,0.0,1.0,0.0,0.2068965517241379,0.1428571428571428,1,0,1,0.5408123621896248,1,H
0.0,0.6,1.0,0.0,1.0,0.0,0.6206896551724138,0.1818181818181818,1,1,1,0.691329747277216,1,H
0.0,0.6,0.8,0.0,0.0,0.0,0.4137931034482758,0.1948051948051948,1,1,1,0.5965420817529187,1,H
0.0,0.6,0.4,0.0,1.0,0.0,0.0344827586206896,0.2467532467532467,1,0,0,0.873021760959707,1,H
0.0,0.6,1.0,0.0,1.0,0.0,0.4137931034482758,0.2077922077922078,1,1,1,0.6128824733272187,1,H
0.1428571428571428,0.4,1.0,0.0,0.0,0.0,0.1379310344827586,0.1038961038961039,0,0,0,0.5524783242514407,0,H
0.0,0.2,0.6,0.0,1.0,0.0,0.1034482758620689,0.1428571428571428,0,0,0,0.5640893670752932,0,H
0.0,0.8,1.0,0.0833333333333333,1.0,0.0,0.0689655172413793,0.0519480519480519,0,1,0,0.5255546297617482,1,H
0.0,0.8,0.8,0.0,1.0,0.0,0.0,0.4545454545454545,0,0,0,0.7761858557076726,0,H
0.0,0.2,1.0,0.0,1.0,0.0,0.0689655172413793,0.2597402597402597,0,0,0,0.7488765933719761,0,H
0.0,0.2,0.6,0.0,1.0,0.0,0.0,0.3636363636363636,1,0,1,0.824122776253863,0,M
0.0,0.2,1.0,0.0,1.0,0.0,0.1724137931034483,0.1558441558441558,1,0,1,0.6105200164176526,1,H
0.0,0.6,0.8,0.0,1.0,0.0,0.0689655172413793,0.2467532467532467,0,0,0,0.7692266789786331,0,H
0.0,0.6,0.4,0.0,1.0,0.0,0.0,0.3246753246753247,0,0,0,0.852767550011175,0,H
0.0,0.4,0.4,0.0,1.0,0.0,0.0689655172413793,0.0779220779220779,0,0,1,0.6790342983601075,0,H
0.0,0.4,0.8,0.0,1.0,0.0,0.0,0.0519480519480519,0,0,0,0.7105663174765015,0,H
0.0,0.8,0.4,0.0,0.0,0.0,0.0,0.1038961038961039,1,0,1,0.8120034682088243,1,H
0.0,0.6,1.0,0.0,1.0,0.0,0.0344827586206896,0.3636363636363636,1,0,1,0.7135881482024728,1,H
0.0,0.6,1.0,0.0,1.0,0.0,0.4137931034482758,0.4025974025974026,1,1,1,0.723255063960946,1,H
0.0,1.0,1.0,0.0,0.0,0.0,0.1034482758620689,0.2337662337662337,0,0,0,0.6077444894434197,0,H
0.0,0.4,1.0,0.0,1.0,0.0,0.1724137931034483,0.2207792207792207,1,0,1,0.5934642853203215,1,H
0.0,0.6,0.6,0.0,1.0,0.0,0.1379310344827586,0.2467532467532467,0,0,0,0.6493108074375257,0,H
0.0,0.6,1.0,0.0,1.0,0.0,0.2758620689655172,0.2207792207792207,0,1,0,0.6230057665608479,1,H
0.0,1.0,1.0,0.0,0.0,0.0,0.0344827586206896,0.1298701298701298,0,0,0,0.5955213689642386,0,H
0.0,0.8,1.0,0.0,1.0,0.0,0.0689655172413793,0.1818181818181818,1,0,1,0.5157726949234791,1,H
0.0,0.6,1.0,0.0,1.0,0.0,0.1724137931034483,0.1298701298701298,1,1,1,0.5424709186638802,1,H
0.0,0.6,0.2,0.0,1.0,0.0,0.0689655172413793,0.2857142857142857,1,0,1,0.8406026900937044,1,H
0.4285714285714285,0.6,1.0,0.0,1.0,0.0,0.2068965517241379,0.0779220779220779,1,1,0,0.7024743338087037,1,H
0.0,0.6,1.0,0.0,1.0,0.0,0.0689655172413793,0.2727272727272727,0,0,0,0.5559067963207937,0,H
0.0,0.6,0.8,0.0,0.0,0.0,0.0689655172413793,0.4025974025974026,1,0,1,0.7515222177985968,1,H
0.0,0.6,0.6,0.0,0.0,0.0,0.1379310344827586,0.3766233766233766,1,0,1,0.6881011109030097,1,H
0.0,0.6,0.8,0.0,0.0,0.0,0.0,0.5324675324675324,1,0,1,0.7168571283696407,1,H
0.0,0.6,0.8,0.0,1.0,0.0,0.2068965517241379,0.3116883116883117,1,0,1,0.6446621131869331,1,H
0.0,0.6,0.8,0.0,1.0,0.0,0.1724137931034483,0.0909090909090909,1,0,1,0.6244367105324743,1,H
0.0,0.4,0.6,0.0,0.0,0.0,0.0689655172413793,0.4155844155844156,0,0,0,0.7446351384024618,0,H
0.0,0.6,0.6,0.0,1.0,0.0,0.2068965517241379,0.2337662337662337,1,0,1,0.7535942689927919,1,H
0.0,0.6,0.8,0.0,1.0,0.0,0.1724137931034483,0.2467532467532467,0,0,0,0.5930455094451208,0,H
0.0,0.6,0.6,0.0,1.0,0.0,0.0689655172413793,0.0779220779220779,1,0,1,0.7230436137146283,1,H
0.0,0.8,1.0,0.0,1.0,0.0,0.0,0.2597402597402597,0,1,0,0.5079494537422441,0,H
0.0,0.6,1.0,0.0,0.0,0.0,0.0689655172413793,0.2727272727272727,1,0,0,0.6700221637518409,1,H
0.0,0.6,0.8,0.0,1.0,0.0,0.1724137931034483,0.1948051948051948,0,0,0,0.6066478821676841,0,H
0.0,0.4,1.0,0.0,1.0,0.0,0.0344827586206896,0.4415584415584415,0,0,0,0.7442635781218616,0,H
0.0,0.2,1.0,0.0,1.0,0.0,0.0,0.0909090909090909,0,0,0,0.6170533185892595,0,H
0.0,0.8,0.8,0.0,1.0,0.0,0.0,0.0259740259740259,0,0,0,0.6226404769914718,0,H
0.0,0.4,1.0,0.0,1.0,0.0,0.5517241379310345,0.4025974025974026,0,1,0,0.7474996549935543,1,H
0.0,0.6,1.0,0.0,1.0,0.0,0.0344827586206896,0.2207792207792207,1,0,1,0.6916151745915485,1,H
0.0,0.6,0.4,0.0,1.0,0.0,0.0,0.1428571428571428,0,0,0,0.7973547143571932,0,H
0.0,0.6,1.0,0.0833333333333333,1.0,0.0,0.0689655172413793,0.0,1,1,1,0.5983217377962892,1,H
0.0,0.8,1.0,0.0,1.0,0.0,0.3103448275862069,0.0909090909090909,1,1,1,0.7216661869353703,1,H
0.5714285714285714,0.6,1.0,0.25,1.0,0.0,0.5172413793103449,0.1558441558441558,1,1,1,0.7279436615369751,1,H
0.0,0.6,1.0,0.0,1.0,0.0,0.0689655172413793,0.3246753246753247,0,0,0,0.5581965332885894,0,H
0.0,0.6,1.0,0.0,0.0,0.0,0.1034482758620689,0.1428571428571428,0,1,0,0.593345948150954,0,H
0.0,0.2,1.0,0.0833333333333333,1.0,0.0,0.2068965517241379,0.1818181818181818,1,1,1,0.5646939390876335,1,H
0.0,0.8,0.8,0.0,1.0,0.0,0.0344827586206896,0.3376623376623376,0,0,1,0.6162817841611465,0,H
0.0,0.6,0.2,0.0,1.0,0.0,0.0,0.4285714285714285,1,0,0,0.7790121124404176,0,M
0.0,0.4,1.0,0.0,1.0,0.0,0.1724137931034483,0.1038961038961039,1,1,1,0.529707955009559,1,H
0.1428571428571428,0.6,0.6,0.0,1.0,0.0,0.0,0.2077922077922078,0,0,0,0.6961522467219796,0,H
0.0,0.4,1.0,0.0,1.0,0.0,0.0,0.2077922077922078,1,0,1,0.7135800405387186,0,M
0.0,0.2,0.8,0.0,0.0,0.0,0.0,0.4935064935064935,0,0,0,0.8608416717908403,0,H
0.1428571428571428,0.6,1.0,0.0,1.0,0.0,0.0,0.0129870129870129,1,0,1,0.5549699906610609,1,H
0.0,0.6,0.8,0.0,1.0,0.0,0.0344827586206896,0.1428571428571428,1,0,1,0.7665930760778968,0,M
0.0,0.6,0.2,0.0,1.0,0.0,0.0344827586206896,0.4155844155844156,1,0,1,0.8260864721088725,1,H
0.0,0.4,0.8,0.0,1.0,0.0,0.0689655172413793,0.0259740259740259,0,0,0,0.721521841684543,0,H
0.0,0.4,0.8,0.0,1.0,0.0,0.1034482758620689,0.1168831168831168,1,0,1,0.709892671397972,1,H
0.0,0.6,1.0,0.0,1.0,0.0,0.2413793103448276,0.0779220779220779,1,1,1,0.5307438359990096,1,H
0.0,0.4,0.8,0.0,1.0,0.0,0.1379310344827586,0.0909090909090909,1,1,1,0.5236053516553932,1,H
0.0,0.6,0.8,0.0,0.0,0.0,0.0344827586206896,0.4155844155844156,0,0,0,0.6286240747728392,0,H
0.1428571428571428,0.4,1.0,0.0,1.0,0.0,0.2413793103448276,0.0779220779220779,0,1,1,0.6750094534477529,1,H
0.0,0.6,0.8,0.0,1.0,0.0,0.1724137931034483,0.1428571428571428,0,0,0,0.5100756311484974,1,H
0.0,0.4,0.8,0.0,1.0,0.0,0.0,0.4805194805194805,1,0,1,0.8433389828530828,1,H
0.0,0.6,0.8,0.0,0.0,0.0,0.2413793103448276,0.0519480519480519,0,1,0,0.5837572378096058,1,H
0.0,0.4,1.0,0.0,1.0,0.0,0.0,0.1948051948051948,0,0,0,0.7439327000271594,0,H
0.0,0.4,0.4,0.0,1.0,0.0,0.0689655172413793,0.4285714285714285,0,0,0,0.8375189529088666,0,H
0.0,0.6,0.8,0.0,1.0,0.0,0.0344827586206896,0.4155844155844156,0,0,0,0.7991956641145113,0,H
0.2857142857142857,0.6,0.8,0.0,1.0,0.0,0.0689655172413793,0.0519480519480519,1,0,1,0.5208835652820853,1,H
0.2857142857142857,0.6,1.0,0.1666666666666666,1.0,0.0,0.5517241379310345,0.1818181818181818,1,1,1,0.8047524924220535,1,H
0.0,0.6,1.0,0.0,1.0,0.0,0.1724137931034483,0.1558441558441558,0,1,0,0.528261684278792,1,H
0.0,0.8,0.8,0.0,1.0,0.0,0.0689655172413793,0.1298701298701298,0,0,0,0.6514322480810095,0,H
0.0,0.4,0.4,0.0,1.0,0.0,0.0,0.0649350649350649,0,0,1,0.7319306968056234,0,H
0.0,0.6,1.0,0.0,0.0,0.0,0.0344827586206896,0.0519480519480519,0,0,0,0.7064099337012165,0,H
0.0,0.4,1.0,0.0,0.0,0.0,0.0,0.2077922077922078,0,0,0,0.7776954107555101,0,H
0.0,0.6,0.0,0.0,1.0,0.0,0.1724137931034483,0.2857142857142857,0,1,0,0.6176894153189494,0,H
0.0,0.4,1.0,0.0,1.0,0.0,0.1379310344827586,0.1428571428571428,1,0,1,0.5174385966984881,1,H
0.0,0.8,1.0,0.0833333333333333,1.0,0.0,0.2068965517241379,0.1038961038961039,1,1,1,0.6842787966645828,1,H
0.0,0.6,0.8,0.0,1.0,0.0,0.0344827586206896,0.7402597402597403,0,0,0,0.7892419637783715,0,H
0.0,0.6,0.6,0.0,1.0,0.0,0.0344827586206896,0.0649350649350649,1,0,1,0.6676614282819013,1,H
0.0,0.2,1.0,0.0,0.0,0.0,0.0,0.1558441558441558,0,0,0,0.8157797928110401,0,H
0.0,0.6,1.0,0.0,0.0,0.0,0.1034482758620689,0.0779220779220779,0,0,0,0.55897712686056,0,H
0.0,0.6,1.0,0.0,1.0,0.0,0.1034482758620689,0.1038961038961039,0,1,0,0.5430649755429038,0,H
0.0,0.4,0.6,0.0,0.0,0.0,0.0344827586206896,0.4935064935064935,0,0,0,0.8292946063780892,0,H
0.0,1.0,0.8,0.0,0.0,0.0,0.0344827586206896,0.3506493506493506,0,0,0,0.7712774318319808,0,H
0.2857142857142857,0.6,0.8,0.0833333333333333,1.0,0.0,0.2758620689655172,0.0649350649350649,1,1,1,0.6139069092954573,1,H
0.0,0.6,1.0,0.0,1.0,0.0,0.1724137931034483,0.0389610389610389,1,1,1,0.5460482433887759,1,H
0.0,0.4,0.0,0.0,1.0,0.0,0.0344827586206896,0.1038961038961039,0,0,0,0.6807451688885268,0,H
0.0,0.6,0.6,0.0,1.0,0.0,0.0,0.5324675324675324,0,0,0,0.778962394785503,0,H
0.0,0.4,1.0,0.0,1.0,0.0,0.0344827586206896,0.1298701298701298,1,0,1,0.7105770361661377,1,H
0.0,0.6,0.4,0.0833333333333333,1.0,0.0,0.1724137931034483,0.1558441558441558,0,1,0,0.6185980289271713,1,H
0.0,0.6,1.0,0.0,0.0,0.0,0.0,0.3766233766233766,0,0,0,0.7510738886259428,0,H
0.0,0.4,1.0,0.0,1.0,0.0,0.0689655172413793,0.3506493506493506,0,0,0,0.7121568921869702,0,H
0.1428571428571428,0.6,1.0,0.0833333333333333,1.0,0.0,0.2758620689655172,0.1298701298701298,1,1,1,0.779058431978582,1,H
0.0,0.2,1.0,0.0,1.0,0.0,0.3103448275862069,0.4545454545454545,0,1,0,0.5567008731264995,1,H
0.1428571428571428,0.6,1.0,0.0,1.0,0.2,0.1034482758620689,0.0519480519480519,0,1,0,0.7959767085868849,1,H
0.0,0.2,1.0,0.0,1.0,1.0,0.4827586206896552,0.2727272727272727,0,1,0,0.6257226302809302,0,H
0.1428571428571428,0.6,1.0,0.1666666666666666,1.0,0.0,0.2413793103448276,0.1298701298701298,0,1,1,0.7041225939199335,1,H
0.0,0.4,1.0,0.0,0.0,0.0,0.0,0.1298701298701298,0,0,0,0.8200013808300722,0,H
0.0,0.6,1.0,0.0,1.0,0.0,0.1034482758620689,0.4285714285714285,1,0,1,0.710161908693819,1,H
0.0,0.6,1.0,0.0,1.0,0.0,0.0,0.0519480519480519,0,0,0,0.5218889348430313,0,H
0.0,0.8,1.0,0.0,1.0,0.0,0.1724137931034483,0.1558441558441558,1,1,1,0.573827258763775,1,H
0.1428571428571428,0.6,1.0,0.1666666666666666,1.0,0.2,0.6551724137931034,0.2597402597402597,1,1,1,0.7450934086468711,1,H
0.0,0.6,1.0,0.0,0.0,0.0,0.2068965517241379,0.1948051948051948,0,1,0,0.6794084159719914,1,H
0.0,0.4,0.8,0.0,1.0,0.0,0.0344827586206896,0.4025974025974026,1,0,1,0.8356894929980969,0,M
0.1428571428571428,0.6,1.0,0.0,1.0,0.0,0.3793103448275862,0.3246753246753247,0,1,1,0.675669041804174,1,H
0.0,0.6,1.0,0.0833333333333333,0.0,0.0,0.0689655172413793,0.0259740259740259,1,1,1,0.5223769805589569,1,H
0.0,0.6,1.0,0.0,1.0,0.0,0.3793103448275862,0.1038961038961039,1,1,1,0.6979067145807742,1,H
0.0,0.8,1.0,0.0,0.0,0.0,0.2758620689655172,0.1038961038961039,1,1,1,0.6045075307083956,1,H
0.0,0.8,1.0,0.0,0.0,0.0,0.0,0.4415584415584415,0,0,0,0.7277037392598419,0,H
0.0,0.4,1.0,0.0,1.0,0.0,0.0344827586206896,0.1168831168831168,1,0,1,0.6087229542769849,1,H
0.0,0.6,0.8,0.0,1.0,0.0,0.0,0.5194805194805194,0,0,0,0.8120178206851528,0,H
0.0,0.4,0.8,0.0,1.0,0.0,0.1724137931034483,0.3506493506493506,0,0,0,0.6988610302245941,0,H
0.0,0.6,0.4,0.0,1.0,0.0,0.0689655172413793,0.2597402597402597,0,0,0,0.7625359659682359,0,H
0.0,0.4,1.0,0.0,0.0,0.0,0.0,0.1038961038961039,0,0,0,0.8334370895416249,0,H
0.0,0.6,0.8,0.0,1.0,0.0,0.0,0.5844155844155844,1,0,0,0.842011523784537,0,M
0.0,0.2,1.0,0.0,0.0,0.0,0.0344827586206896,0.1038961038961039,0,0,0,0.8053335386801234,0,H
0.0,0.6,0.8,0.0,1.0,0.0,0.3103448275862069,0.2077922077922078,0,0,0,0.5613027510121409,1,H
0.0,0.6,0.6,0.0,1.0,0.0,0.0,0.1168831168831168,0,0,0,0.7492356926956122,0,H
0.0,0.4,0.4,0.0,1.0,0.0,0.0,0.2987012987012987,0,0,0,0.7847831540641305,0,H
0.0,0.2,0.8,0.0,1.0,0.0,0.0689655172413793,0.0779220779220779,1,0,1,0.7167744879365823,1,H
0.0,0.2,0.6,0.0,1.0,0.0,0.0689655172413793,0.4285714285714285,0,0,0,0.8043071280303655,0,H
0.0,0.2,1.0,0.3333333333333333,1.0,0.0,0.3448275862068966,0.2597402597402597,1,1,0,0.6608851671649082,1,H
0.0,0.6,1.0,0.0,0.0,0.0,0.0344827586206896,0.4025974025974026,0,0,0,0.6886385340197999,0,H
0.0,1.0,0.8,0.25,1.0,0.0,0.2758620689655172,0.0909090909090909,1,1,1,0.651776482950607,1,H
0.0,1.0,1.0,0.0,0.0,0.0,0.1724137931034483,0.1298701298701298,1,0,1,0.5949746906792521,1,H
0.2857142857142857,0.6,1.0,0.1666666666666666,1.0,0.0,0.1379310344827586,0.0519480519480519,1,1,1,0.7195362006142229,1,H
0.0,0.2,0.8,0.0,1.0,0.0,0.2413793103448276,0.0909090909090909,0,1,0,0.6301463325904028,1,H
0.0,0.6,0.6,0.0,1.0,0.0,0.0344827586206896,0.2337662337662337,0,0,0,0.7602945552290783,0,H
0.0,0.6,0.8,0.0,1.0,0.0,0.2068965517241379,0.2987012987012987,0,0,0,0.5999932521375403,0,H
0.0,0.4,0.8,0.0,0.0,0.0,0.0344827586206896,0.5064935064935064,0,0,0,0.8649737476338989,0,H
0.0,0.6,0.8,0.0,0.0,0.0,0.1034482758620689,0.1818181818181818,1,0,1,0.6923070917883881,1,H
0.0,0.6,1.0,0.0,0.0,0.0,0.0689655172413793,0.0779220779220779,1,0,0,0.6676840098423152,1,H
0.0,0.6,1.0,0.0,1.0,0.0,0.1724137931034483,0.1948051948051948,1,0,1,0.5572295473673935,1,H
0.0,0.4,0.8,0.0,1.0,0.0,0.0,0.5324675324675324,1,0,1,0.8519712019854857,1,H
0.0,0.2,1.0,0.0,1.0,0.0,0.1724137931034483,0.1818181818181818,1,1,1,0.5484507445543492,1,H
0.0,0.4,0.8,0.0,0.0,0.0,0.0,0.1298701298701298,0,0,0,0.8364695862652212,0,H
0.0,0.4,1.0,0.0833333333333333,1.0,0.0,0.2068965517241379,0.0519480519480519,0,1,0,0.7479962347389535,1,M
0.0,0.4,0.8,0.0,1.0,0.0,0.0344827586206896,0.5324675324675324,0,0,0,0.8422602571442349,0,H
0.0,0.4,0.8,0.0,1.0,0.0,0.1724137931034483,0.1948051948051948,0,0,0,0.6388919215096095,1,H
0.0,0.6,1.0,0.0,1.0,0.0,0.1724137931034483,0.4805194805194805,0,0,0,0.6268690341041746,0,H
0.0,0.6,0.8,0.0,0.0,0.0,0.1379310344827586,0.3246753246753247,1,0,1,0.5664203669421999,1,H
0.0,0.6,0.8,0.0,1.0,0.0,0.1379310344827586,0.2857142857142857,1,0,1,0.6292159105686964,1,H
0.0,0.4,0.8,0.0,0.0,0.0,0.0344827586206896,0.1558441558441558,1,0,1,0.7970291475347252,1,H
0.0,0.6,1.0,0.0,1.0,0.0,0.4827586206896552,0.2337662337662337,0,1,0,0.6540366054692898,1,H
0.0,0.4,0.8,0.0,1.0,0.0,0.0344827586206896,0.4155844155844156,1,0,1,0.8559308369171872,0,M
0.0,0.6,1.0,0.0,1.0,0.0,0.0689655172413793,0.0779220779220779,0,0,0,0.5006371939908848,0,H
0.0,0.6,1.0,0.0,1.0,0.0,0.3103448275862069,0.5324675324675324,0,1,0,0.6586844736728709,0,H
0.0,0.6,1.0,0.1666666666666666,1.0,0.0,0.7241379310344828,0.1168831168831168,1,1,1,0.7644412326768517,1,H
0.0,0.6,0.8,0.0,0.0,0.0,0.0689655172413793,0.3506493506493506,0,0,0,0.6558659385055192,0,H
0.0,0.6,1.0,0.0,0.0,0.0,0.2068965517241379,0.4545454545454545,0,0,0,0.6563521714041128,0,H
0.0,0.6,1.0,0.0,1.0,0.0,0.0,0.5064935064935064,1,0,1,0.7916913978313156,1,H
0.0,0.8,1.0,0.0,1.0,0.0,0.4482758620689655,0.1168831168831168,0,1,0,0.6803907574477378,1,H
0.0,0.6,1.0,0.0,1.0,0.0,0.5517241379310345,0.1818181818181818,1,1,1,0.7558968718073924,1,H
0.0,0.4,0.8,0.0,0.0,0.0,0.0,0.4805194805194805,0,0,0,0.8865232682968784,0,H
0.0,0.6,0.8,0.0,0.0,0.0,0.0689655172413793,0.1168831168831168,1,0,1,0.6897681791251504,1,H
0.0,0.6,1.0,0.1666666666666666,1.0,0.1,0.2068965517241379,0.1298701298701298,1,1,1,0.7504096135860348,1,H
0.0,0.2,1.0,0.0,0.0,0.0,0.0344827586206896,0.2207792207792207,0,0,0,0.8403776141247448,0,H
0.0,0.4,1.0,0.0,0.0,0.0,0.0,0.2987012987012987,0,0,0,0.892061807824936,0,H
0.0,0.6,1.0,0.25,1.0,0.0,0.1034482758620689,0.0389610389610389,0,1,0,0.5794344799180083,1,H
0.0,0.6,1.0,0.0,0.0,0.0,0.0,0.2467532467532467,0,0,0,0.8083574408999686,0,H
0.0,0.6,1.0,0.0,1.0,0.0,0.1379310344827586,0.1948051948051948,1,0,1,0.5029348153053687,1,H
0.0,0.6,1.0,0.0,1.0,0.0,0.2068965517241379,0.1558441558441558,1,1,1,0.5433386494461733,1,H
0.0,0.4,0.8,0.0,1.0,0.0,0.0,0.4415584415584415,0,0,1,0.8294525661003423,0,H
0.0,0.6,1.0,0.0,1.0,0.0,0.0,0.3376623376623376,0,0,0,0.6905338317364097,0,H
0.0,0.6,1.0,0.0,1.0,0.0,0.1724137931034483,0.5454545454545454,0,0,0,0.6687645712779073,0,H
0.0,0.4,1.0,0.0,1.0,0.0,0.0344827586206896,0.2597402597402597,1,0,1,0.7194423761985429,1,H
0.0,0.6,1.0,0.0,1.0,0.0,0.7931034482758621,0.4935064935064935,1,1,1,0.7391187644378523,1,H
0.0,0.8,0.8,0.0,1.0,0.0,0.1034482758620689,0.1818181818181818,0,0,0,0.6108022125516133,0,H
0.0,0.6,1.0,0.0,1.0,0.0,0.1034482758620689,0.1688311688311688,0,1,0,0.5364405648221401,0,H
0.4285714285714285,0.8,1.0,0.0833333333333333,1.0,0.2,0.7241379310344828,0.1948051948051948,1,1,1,0.7449130283251925,1,H
0.0,0.4,0.8,0.0,1.0,0.0,0.1724137931034483,0.2207792207792207,0,0,0,0.6660874690923131,0,H
0.0,0.6,0.4,0.0,1.0,0.0,0.0344827586206896,0.2077922077922078,0,0,0,0.7305942955625859,0,H
0.0,0.6,1.0,0.0,1.0,0.0,0.2068965517241379,0.4545454545454545,1,0,1,0.6939936670030219,1,H
0.0,0.6,0.8,0.0,1.0,0.0,0.0344827586206896,0.0519480519480519,0,0,0,0.6842080925233762,0,H
0.0,0.4,0.4,0.0,1.0,0.0,0.1034482758620689,0.1298701298701298,0,0,0,0.5976940272176019,0,H
0.0,0.6,1.0,0.0,0.0,0.0,0.0689655172413793,0.0649350649350649,0,0,0,0.6210971207978184,0,H
0.0,0.6,0.8,0.0,0.0,0.0,0.0,0.0389610389610389,1,0,1,0.7467103213179286,1,H
0.0,0.4,1.0,0.0,1.0,0.0,0.0689655172413793,0.1688311688311688,0,0,0,0.6150776584535925,0,H
0.0,0.2,0.6,0.0,1.0,0.0,0.2068965517241379,0.1428571428571428,1,0,1,0.5860490490450564,1,H
0.0,0.2,1.0,0.0,1.0,0.0,0.0344827586206896,0.1688311688311688,1,0,1,0.7329965554213217,0,M
0.0,0.6,1.0,0.0,1.0,0.0,0.5517241379310345,0.2857142857142857,1,1,0,0.6541235224406434,1,H
0.0,0.4,1.0,0.0,1.0,0.0,0.4482758620689655,0.4415584415584415,0,1,0,0.7676043697330698,1,H
0.0,0.4,1.0,0.0,0.0,0.0,0.0,0.1948051948051948,0,0,0,0.8651834407669399,0,H
0.0,0.6,1.0,0.0,0.0,0.0,0.1724137931034483,0.2337662337662337,0,0,0,0.5887851964170902,0,H
0.0,0.6,0.6,0.0,1.0,0.0,0.0,0.2857142857142857,0,0,0,0.8189099028536012,0,H
0.0,0.6,1.0,0.0,1.0,0.0,0.0689655172413793,0.3506493506493506,0,0,0,0.6686129873649822,0,H
0.0,0.4,0.8,0.0,1.0,0.0,0.0,0.0259740259740259,0,0,1,0.7601950075145907,0,H
0.0,0.4,0.4,0.0,1.0,0.0,0.0,0.2337662337662337,1,0,1,0.8212272087997561,1,H
0.0,0.6,0.8,0.0,1.0,0.0,0.2413793103448276,0.4805194805194805,1,0,1,0.6550329439939424,1,H
0.0,0.6,0.8,0.0,1.0,0.0,0.3793103448275862,0.1168831168831168,1,1,1,0.6790122208874636,1,H
0.0,0.6,0.6,0.0,0.0,0.0,0.0,0.2857142857142857,0,0,0,0.7789129066221433,0,H
0.0,0.6,1.0,0.0,1.0,0.0,0.2413793103448276,0.4025974025974026,0,0,0,0.5901505664477233,0,H
0.0,0.2,1.0,0.0,1.0,0.0,0.2758620689655172,0.5844155844155844,0,0,1,0.6162666198426313,0,H
0.0,0.6,1.0,0.0,1.0,0.0,0.2758620689655172,0.5584415584415584,0,0,0,0.5547496893550605,0,H
0.0,0.2,0.8,0.0,0.0,0.0,0.0,0.0649350649350649,0,0,0,0.7713923546059622,0,H
0.0,0.6,1.0,0.0,1.0,0.0,0.0,0.4935064935064935,0,0,0,0.7009269856438786,0,H
0.0,0.8,0.6,0.0,1.0,0.0,0.0344827586206896,0.0389610389610389,1,0,1,0.7698757916817057,0,M
0.0,0.2,0.8,0.0,1.0,0.0,0.1034482758620689,0.3246753246753247,0,0,0,0.7237204098828118,0,H
0.0,0.6,0.0,0.0,1.0,0.0,0.0,0.3376623376623376,0,0,0,0.7526558171808874,0,H
0.0,0.6,1.0,0.0,1.0,0.0,0.0344827586206896,0.0519480519480519,1,0,1,0.6584446573075341,1,H
0.0,0.6,0.8,0.0833333333333333,1.0,0.0,0.2068965517241379,0.0779220779220779,1,1,1,0.6510453876731893,1,H
0.0,0.6,1.0,0.0833333333333333,1.0,0.0,0.2413793103448276,0.0519480519480519,1,1,1,0.7318813573528429,1,H
0.1428571428571428,0.4,1.0,0.0,1.0,0.0,0.0344827586206896,0.0519480519480519,0,1,0,0.5211095244488244,0,H
0.0,0.6,0.8,0.0,0.0,0.0,0.0,0.1298701298701298,1,0,1,0.6411756271277899,1,H
0.0,0.6,0.8,0.0,0.0,0.0,0.2413793103448276,0.6103896103896104,0,0,0,0.6502848343424158,0,H
0.0,0.4,0.8,0.0,0.0,0.0,0.1034482758620689,0.4675324675324675,0,0,0,0.6405202063491743,0,H
0.2857142857142857,0.6,1.0,0.0,1.0,0.0,0.1379310344827586,0.0519480519480519,1,1,1,0.6621117231347649,1,H
0.0,0.6,1.0,0.0,1.0,0.0,0.0344827586206896,0.4935064935064935,1,0,1,0.7331268937786943,1,H
0.0,0.6,1.0,0.0,1.0,0.0,0.0,0.3116883116883117,0,0,0,0.6454706741753954,0,H
0.0,0.4,1.0,0.0,1.0,0.0,0.2068965517241379,0.3896103896103896,1,0,1,0.6107573077660311,1,H
0.0,0.4,0.8,0.0,0.0,0.0,0.0,0.3896103896103896,0,0,0,0.8845116640398386,0,H
0.0,0.6,1.0,0.1666666666666666,1.0,0.0,0.6551724137931034,0.2597402597402597,0,1,0,0.7991143724263868,1,H
0.0,0.4,1.0,0.0,1.0,0.1,0.2758620689655172,0.2207792207792207,0,1,0,0.6585788093643894,1,H
0.0,0.4,0.4,0.0,1.0,0.0,0.0344827586206896,0.2597402597402597,0,0,0,0.80399780627831,0,H
0.0,0.4,0.6,0.0,1.0,0.0,0.2068965517241379,0.1688311688311688,1,0,1,0.6578345515715269,1,H
0.0,0.6,1.0,0.0,1.0,0.1,0.5172413793103449,0.2727272727272727,0,1,0,0.7407426608456062,1,H
0.1428571428571428,0.4,0.8,0.0,1.0,0.0,0.0344827586206896,0.0389610389610389,1,1,1,0.551989643986566,0,H
0.0,0.6,1.0,0.25,1.0,0.0,0.9310344827586208,0.1558441558441558,0,1,0,0.7573952467298024,1,H
0.1428571428571428,0.6,0.6,0.0,1.0,0.0,0.0689655172413793,0.0259740259740259,1,0,1,0.6218500335744985,0,M
0.0,0.8,0.8,0.0,1.0,0.0,0.1379310344827586,0.2597402597402597,0,0,0,0.6912673826629996,0,H
0.0,0.6,0.8,0.0,1.0,0.0,0.0689655172413793,0.0519480519480519,1,0,1,0.7410581636798237,1,H
0.0,0.8,1.0,0.0,1.0,0.0,0.0,0.0779220779220779,0,0,0,0.5279519670040085,0,H
0.0,0.6,0.8,0.0,0.0,0.0,0.1034482758620689,0.2207792207792207,0,0,0,0.6397808059533907,0,H
0.0,0.6,0.8,0.0,1.0,0.0,0.0689655172413793,0.0389610389610389,0,0,0,0.6796965305230994,0,H
0.0,0.4,0.8,0.0,1.0,0.0,0.0689655172413793,0.3766233766233766,0,0,0,0.8190386323638212,0,H
0.0,0.6,1.0,0.0,1.0,0.0,0.6206896551724138,0.1168831168831168,1,1,1,0.7986922548569231,1,H
0.0,0.8,0.8,0.0,0.0,0.0,0.0,0.2857142857142857,0,0,0,0.7439013556873759,0,H
0.0,0.6,0.8,0.0,0.0,0.0,0.1034482758620689,0.2857142857142857,1,0,0,0.6651783698572197,1,H
0.0,0.6,1.0,0.0,1.0,0.0,0.1379310344827586,0.1818181818181818,0,0,0,0.5087572700558157,0,H
0.0,0.4,1.0,0.0,0.0,0.0,0.1724137931034483,0.1168831168831168,1,0,0,0.5808775863687976,1,H
0.0,0.4,0.6,0.0,0.0,0.0,0.0,0.0649350649350649,0,0,0,0.7364430883948554,0,H
0.0,0.6,1.0,0.0,0.0,0.0,0.0689655172413793,0.0259740259740259,1,0,1,0.5926557903400385,1,H
0.0,0.4,1.0,0.0,1.0,0.0,0.1034482758620689,0.3376623376623376,0,0,0,0.6555043276862705,0,H
0.0,0.6,1.0,0.0,1.0,0.0,0.0,0.4545454545454545,0,0,0,0.716793578373788,0,H
0.0,0.6,0.8,0.0,1.0,0.0,0.4482758620689655,0.1948051948051948,1,1,1,0.5941044668820044,1,H
0.0,0.6,0.8,0.0,0.0,0.0,0.1379310344827586,0.3376623376623376,0,0,0,0.5661728624772158,0,H
0.0,0.6,1.0,0.0,1.0,0.0,0.4827586206896552,0.4155844155844156,0,1,0,0.757857303225288,1,M
0.2857142857142857,0.2,0.8,0.0833333333333333,1.0,0.0,0.1034482758620689,0.0649350649350649,0,1,0,0.650773946055978,1,H
0.0,0.4,0.2,0.0,1.0,0.0,0.0,0.1948051948051948,0,0,0,0.7409031132897752,0,H
0.0,0.6,1.0,0.0,1.0,0.0,0.2413793103448276,0.1168831168831168,1,1,1,0.6023793864155781,1,H
0.0,0.6,1.0,0.0,0.0,0.0,0.0344827586206896,0.1558441558441558,0,0,0,0.6028651591994454,0,H
0.0,0.4,0.4,0.0,1.0,0.0,0.0,0.0129870129870129,0,0,1,0.7923290733763209,1,H
0.0,0.6,1.0,0.0,1.0,0.0,0.3103448275862069,0.1298701298701298,0,1,0,0.7663727775260026,1,H
0.0,0.4,1.0,0.0,0.0,0.0,0.0,0.3896103896103896,0,0,0,0.8465102344681498,0,H
0.0,0.6,1.0,0.0,0.0,0.0,0.0,0.0389610389610389,1,0,1,0.7063046088521754,1,H
0.0,0.6,1.0,0.0,1.0,0.0,0.0689655172413793,0.3116883116883117,0,0,0,0.6756434639869632,0,H
0.0,0.6,0.6,0.0,1.0,0.0,0.2758620689655172,0.1558441558441558,1,1,1,0.5922718081102702,1,H
0.1428571428571428,0.6,1.0,0.0,1.0,0.0,0.3793103448275862,0.1558441558441558,1,1,1,0.8009201504505337,1,H
0.0,0.6,0.8,0.0,1.0,0.0,0.1724137931034483,0.1818181818181818,1,0,1,0.6374142351264728,1,H
0.0,0.4,1.0,0.0,1.0,0.0,0.0689655172413793,0.2467532467532467,1,0,1,0.6794267937449388,1,H
0.0,0.4,0.8,0.0,1.0,0.0,0.0,0.0389610389610389,1,0,1,0.7258523277921598,1,H
0.0,0.6,0.8,0.0,0.0,0.0,0.2413793103448276,0.2337662337662337,1,0,1,0.5592790192590774,1,H
0.0,0.6,1.0,0.0,1.0,0.0,0.6206896551724138,0.2857142857142857,0,1,0,0.6631104479743143,1,H
0.0,0.6,0.8,0.0,1.0,0.0,0.1034482758620689,0.2857142857142857,0,0,0,0.7093177398428095,0,H
0.0,0.4,1.0,0.0,1.0,0.0,0.1379310344827586,0.2337662337662337,1,0,1,0.5723762625625703,1,H
0.0,0.4,1.0,0.1666666666666666,1.0,0.0,0.2758620689655172,0.1948051948051948,0,1,0,0.6879490328975202,1,H
0.0,0.6,1.0,0.0,0.0,0.0,0.3103448275862069,0.1558441558441558,1,1,1,0.7230382404960827,1,H
0.0,0.6,0.8,0.0,0.0,0.0,0.0344827586206896,0.2207792207792207,0,0,0,0.680557543089867,0,H
0.0,0.4,0.8,0.0,1.0,0.0,0.0344827586206896,0.6623376623376623,0,0,0,0.8728526169316037,0,H
0.0,0.2,0.8,0.0,1.0,0.0,0.0,0.4935064935064935,0,0,0,0.8558965674802383,0,H
0.0,0.6,1.0,0.0,1.0,0.0,0.2758620689655172,0.4415584415584415,1,1,1,0.5216665967090902,1,H
0.0,0.2,0.8,0.0,0.0,0.0,0.0,0.3506493506493506,0,0,0,0.9226548588365058,0,H
0.0,0.8,0.8,0.0,1.0,0.0,0.0689655172413793,0.4935064935064935,0,0,0,0.8561562564430003,0,H
0.0,0.4,1.0,0.0,1.0,0.0,0.1034482758620689,0.5324675324675324,0,0,0,0.6697213899007254,0,H
0.0,0.6,1.0,0.0833333333333333,1.0,0.0,0.3103448275862069,0.1038961038961039,1,1,1,0.7376507913454035,1,H
0.0,0.6,1.0,0.0,1.0,0.0,0.1379310344827586,0.0779220779220779,0,1,0,0.5716048461268484,0,H
0.0,0.6,1.0,0.0,1.0,0.0,0.4137931034482758,0.1688311688311688,1,1,1,0.752206534176788,1,H
0.0,0.6,1.0,0.0,1.0,0.0,0.3103448275862069,0.2077922077922078,0,1,0,0.6219940464201721,1,H
0.0,0.6,0.8,0.0,0.0,0.0,0.1379310344827586,0.1948051948051948,0,0,0,0.5786835600449822,0,H
0.0,0.6,1.0,0.0,0.0,0.0,0.1379310344827586,0.1688311688311688,1,0,1,0.535487577191806,1,H
0.1428571428571428,0.4,0.8,0.0,1.0,0.0,0.1034482758620689,0.1948051948051948,0,0,0,0.6244292397861945,0,H
0.0,0.4,0.8,0.0,1.0,0.0,0.0,0.5194805194805194,0,0,0,0.8249822067474226,0,H
0.0,0.6,0.8,0.0,0.0,0.0,0.1379310344827586,0.1428571428571428,0,0,0,0.5206630745089164,0,H
0.0,0.6,0.8,0.0,1.0,0.0,0.0689655172413793,0.3246753246753247,0,0,0,0.778367924376742,0,H
0.0,0.6,0.8,0.0,1.0,0.0,0.0,0.0779220779220779,0,0,0,0.6009717915366058,0,H
0.0,0.2,0.8,0.0,1.0,0.0,0.0689655172413793,0.5324675324675324,0,0,0,0.8933051348421224,0,H
0.0,0.4,0.8,0.0,0.0,0.0,0.0344827586206896,0.4155844155844156,0,0,0,0.8996004494364553,0,H
0.0,0.4,0.8,0.0,1.0,0.0,0.1034482758620689,0.5194805194805194,1,0,1,0.8423508234397574,1,H
0.0,0.6,0.8,0.0,1.0,0.0,0.1724137931034483,0.1558441558441558,1,0,1,0.6366479149869604,1,H
0.0,0.4,0.4,0.0,0.0,0.0,0.0344827586206896,0.0129870129870129,0,0,0,0.7853920406786741,0,H
0.0,0.6,1.0,0.0,1.0,0.0,0.0,0.3246753246753247,0,0,0,0.7162034668169887,0,H
0.0,0.4,0.4,0.0,0.0,0.0,0.0,0.2987012987012987,0,0,0,0.8386566820305913,0,H
0.0,0.4,0.4,0.0,1.0,0.0,0.0344827586206896,0.2727272727272727,0,0,0,0.8606476834820316,0,H
0.0,0.4,1.0,0.0,0.0,0.0,0.0,0.2467532467532467,0,0,0,0.8605493936145161,0,H
0.0,0.6,0.6,0.0,1.0,0.0,0.1034482758620689,0.4935064935064935,0,0,0,0.6414511715928003,0,H
0.0,0.8,0.4,0.0,1.0,0.0,0.0344827586206896,0.0779220779220779,0,0,0,0.7022015269206393,0,H
0.5714285714285714,0.6,0.6,0.0,1.0,0.1,0.0689655172413793,0.0649350649350649,0,0,0,0.5261642491110551,0,H
0.0,0.4,1.0,0.0,0.0,0.0,0.0689655172413793,0.0779220779220779,0,0,0,0.644841207836086,0,H
0.5714285714285714,0.6,1.0,0.3333333333333333,1.0,0.0,0.4827586206896552,0.0779220779220779,1,1,1,0.7864453775837495,1,H
0.0,0.2,0.8,0.0833333333333333,1.0,0.0,0.3103448275862069,0.1168831168831168,0,1,0,0.7137235567778122,1,H
0.0,0.6,1.0,0.0,0.0,0.0,0.1379310344827586,0.0779220779220779,1,1,1,0.5299006815627432,1,H
0.0,0.6,1.0,0.0,1.0,0.0,0.0,0.3766233766233766,0,0,0,0.7318304702477711,0,H
0.0,0.6,1.0,0.0,0.0,0.0,0.3103448275862069,0.1428571428571428,1,1,1,0.7896784233862745,1,H
0.2857142857142857,0.6,0.6,0.0,1.0,0.0,0.1724137931034483,0.0389610389610389,0,1,0,0.5015468913346651,0,H
0.0,0.2,0.8,0.0,1.0,0.0,0.0344827586206896,0.3896103896103896,0,0,0,0.8976312449181646,0,H
0.0,0.6,0.8,0.0,0.0,0.0,0.0344827586206896,0.4675324675324675,0,0,0,0.6993311943174136,0,H
0.0,0.4,0.8,0.0,0.0,0.0,0.0,0.1038961038961039,1,0,1,0.8018169397906456,1,H
0.0,0.4,0.4,0.0,1.0,0.0,0.3103448275862069,0.1428571428571428,0,1,0,0.6049666989227634,1,H
0.0,1.0,1.0,0.0833333333333333,1.0,0.0,0.5517241379310345,0.2467532467532467,1,1,1,0.5513166443886481,1,H
0.0,0.6,0.6,0.0833333333333333,1.0,0.0,0.5862068965517241,0.1298701298701298,1,1,1,0.7798838100921593,1,H
0.5714285714285714,0.4,0.8,0.0,0.0,0.0,0.0344827586206896,0.0649350649350649,0,0,0,0.5856655344272729,0,H
0.4285714285714285,0.6,1.0,0.0,1.0,0.0,0.0344827586206896,0.0649350649350649,0,1,0,0.5196553517860528,0,H
0.0,0.2,0.6,0.0,1.0,0.0,0.0344827586206896,0.3506493506493506,0,0,0,0.9654879169668568,0,H
0.0,0.4,0.8,0.0,0.0,0.0,0.0344827586206896,0.0519480519480519,0,0,0,0.7636064391604825,0,H
0.0,0.6,1.0,0.0,1.0,0.0,0.1724137931034483,0.2597402597402597,0,1,0,0.5288264760731584,0,H
0.0,0.6,0.2,0.0,1.0,0.0,0.0,0.0519480519480519,0,0,0,0.7597802685320438,0,H
0.0,0.6,0.8,0.0,1.0,0.0,0.0,0.3506493506493506,1,0,1,0.8628792631773973,0,M
0.0,0.6,1.0,0.0,1.0,0.0,0.0,0.2987012987012987,1,0,1,0.7261202433390097,0,M
0.0,0.6,0.6,0.0,1.0,0.0,0.0344827586206896,0.4155844155844156,0,0,0,0.8251340051697291,0,H
0.0,0.8,1.0,0.0,1.0,0.0,0.0344827586206896,0.0129870129870129,1,1,1,0.5278406442021084,1,H
0.0,0.4,0.6,0.0,1.0,0.0,0.0344827586206896,0.5064935064935064,0,0,0,0.9022561037239945,0,H
0.0,0.4,1.0,0.0,1.0,0.0,0.0,0.4415584415584415,1,0,1,0.7061850630903105,1,H
0.0,0.6,1.0,0.0,0.0,0.0,0.1724137931034483,0.2207792207792207,1,1,1,0.5393690994663223,1,H
0.1428571428571428,0.8,0.8,0.1666666666666666,1.0,0.0,0.3103448275862069,0.0779220779220779,0,1,0,0.7799451740294959,1,M
0.0,0.6,1.0,0.0,1.0,0.0,0.3103448275862069,0.2207792207792207,1,1,1,0.658394646039317,1,H
0.2857142857142857,0.6,0.8,0.0,1.0,0.0,0.0689655172413793,0.0649350649350649,0,0,0,0.5549517755256203,0,H
0.0,0.4,0.6,0.0,1.0,0.0,0.3448275862068966,0.4805194805194805,1,1,1,0.5099256832463303,1,H
0.0,0.6,0.6,0.0,1.0,0.0,0.0,0.2987012987012987,0,0,0,0.8268142863183822,0,H
0.0,0.6,1.0,0.0,0.0,0.0,0.1379310344827586,0.0909090909090909,1,1,1,0.6586900967885496,1,H
0.0,0.2,1.0,0.0,1.0,0.0,0.0689655172413793,0.0519480519480519,1,0,1,0.6132089973818754,1,H
0.0,0.4,0.6,0.0,0.0,0.0,0.0,0.4675324675324675,0,0,0,0.8854165388495087,0,H
0.0,0.6,1.0,0.0,1.0,0.0,0.0689655172413793,0.1818181818181818,0,0,0,0.5936919078421253,0,H
0.0,0.6,0.8,0.0,1.0,0.0,0.0,0.3116883116883117,1,0,1,0.7881939560478955,1,H
0.0,0.8,1.0,0.0,1.0,0.0,0.2758620689655172,0.3376623376623376,1,0,1,0.5038420809105828,1,H
0.1428571428571428,0.4,0.8,0.0,1.0,0.0,0.0689655172413793,0.1428571428571428,0,0,0,0.5830993572935341,0,H
0.0,0.6,0.8,0.0833333333333333,1.0,0.0,0.0344827586206896,0.1038961038961039,0,0,0,0.524844104585419,1,H
0.0,0.6,1.0,0.0,1.0,0.0,0.3103448275862069,0.1168831168831168,0,1,0,0.7561020570583746,1,M
0.1428571428571428,0.4,1.0,0.0,1.0,0.0,0.0,0.0259740259740259,0,0,1,0.5069190474480126,0,H
0.0,0.6,1.0,0.0,1.0,0.0,0.4827586206896552,0.1948051948051948,0,1,0,0.7828929044596595,1,M
0.0,0.6,1.0,0.0833333333333333,0.0,0.0,0.0344827586206896,0.1038961038961039,0,0,0,0.6227169977824574,1,H
0.0,0.6,1.0,0.0,0.0,0.0,0.0689655172413793,0.1558441558441558,0,0,0,0.6072767837787977,0,H
0.0,0.6,1.0,0.0,1.0,0.0,0.5172413793103449,0.2207792207792207,0,1,0,0.7638800096345958,1,M
0.1428571428571428,0.6,1.0,0.0,0.0,0.0,0.1379310344827586,0.1168831168831168,0,0,0,0.636589726233957,0,H
0.1428571428571428,0.6,1.0,0.0,1.0,0.0,0.1034482758620689,0.0649350649350649,1,0,1,0.5893674788246568,1,H
0.1428571428571428,0.4,1.0,0.0,1.0,0.0,0.3103448275862069,0.1688311688311688,1,1,1,0.7562127585001343,1,H
0.0,0.6,1.0,0.0,1.0,0.0,0.4482758620689655,0.4935064935064935,0,1,0,0.7751188705914415,1,H
0.0,0.6,0.6,0.0,1.0,0.0,0.1034482758620689,0.1688311688311688,0,0,0,0.6518669484404608,0,H
0.0,0.4,0.8,0.0,0.0,0.0,0.0,0.4935064935064935,0,0,0,0.8939836571936888,0,H
0.2857142857142857,0.8,1.0,0.0833333333333333,1.0,0.1,0.1379310344827586,0.0519480519480519,0,1,0,0.7619112835206351,1,M
0.0,0.0,0.8,0.0,1.0,0.1,0.0344827586206896,0.2597402597402597,0,0,0,0.5193037468572511,0,H
0.0,0.6,1.0,0.0,1.0,0.2,0.5172413793103449,0.1688311688311688,1,1,1,0.7687629478929192,1,H
0.0,0.6,1.0,0.0,0.0,0.0,0.1034482758620689,0.2207792207792207,1,0,1,0.5131331909943209,1,H
0.0,0.6,1.0,0.0,1.0,0.0,0.6896551724137931,0.5844155844155844,0,1,0,0.6243701496610757,1,H
0.1428571428571428,0.8,1.0,0.0,1.0,0.0,0.6896551724137931,0.1298701298701298,0,1,0,0.7687605570476158,1,H
0.0,0.6,1.0,0.0,1.0,0.0,0.7241379310344828,0.4155844155844156,1,1,1,0.7680512065299451,1,H
0.1428571428571428,0.6,0.8,0.0,1.0,0.0,0.0689655172413793,0.0649350649350649,0,0,0,0.6467670383254991,0,H
0.0,0.8,0.4,0.0,1.0,0.0,0.2068965517241379,0.1038961038961039,0,1,0,0.5135426569937218,0,H
0.0,0.6,0.6,0.0,1.0,0.0,0.0,0.5194805194805194,1,0,0,0.8915796489536144,0,M
0.0,0.6,1.0,0.0,0.0,0.0,0.1379310344827586,0.2207792207792207,0,1,1,0.6207197839395115,0,H
0.1428571428571428,0.4,0.8,0.0,1.0,0.0,0.1034482758620689,0.1558441558441558,1,0,1,0.6854051443699375,1,H
0.0,0.6,0.6,0.0,1.0,0.0,0.0344827586206896,0.5844155844155844,0,0,0,0.8432023144146928,0,H
0.0,0.8,1.0,0.0,1.0,0.0,0.1034482758620689,0.0129870129870129,1,1,1,0.5431294224250587,1,H
0.0,0.8,1.0,0.0,1.0,0.0,0.0344827586206896,0.1428571428571428,1,0,1,0.5670402503691248,1,H
0.0,0.4,0.8,0.0,1.0,0.0,0.0689655172413793,0.3506493506493506,0,0,0,0.8766836669327642,0,H
0.0,0.4,0.6,0.0,1.0,0.0,0.0344827586206896,0.2337662337662337,0,0,0,0.8126787355212941,0,H
0.0,0.8,1.0,0.0,0.0,0.0,0.0344827586206896,0.2467532467532467,0,0,0,0.6782441164161283,0,H
0.1428571428571428,0.6,0.8,0.0,1.0,0.0,0.0,0.1948051948051948,0,0,0,0.6134950133129345,0,H
0.0,0.6,1.0,0.0,0.0,0.0,0.1724137931034483,0.1818181818181818,0,1,0,0.6134930124442579,0,H
0.0,0.4,0.8,0.0,1.0,0.0,0.1034482758620689,0.4285714285714285,0,0,0,0.7311806377666171,0,H
0.0,0.8,0.6,0.0,1.0,0.0,0.0,0.0129870129870129,1,0,1,0.7806157394708502,1,H
0.0,0.8,1.0,0.0,0.0,0.0,0.4482758620689655,0.1168831168831168,0,1,1,0.8329965007028406,1,M
0.0,0.2,0.8,0.0,0.0,0.0,0.0,0.7142857142857143,0,0,0,0.9118054938911488,0,H
0.0,0.8,1.0,0.0,1.0,0.0,0.0344827586206896,0.5064935064935064,0,0,0,0.6819306424929324,0,H
0.0,0.6,1.0,0.0,1.0,0.0,0.2068965517241379,0.1298701298701298,1,1,1,0.6882148422870237,1,H
0.0,0.6,1.0,0.0,1.0,0.0,0.1379310344827586,0.0389610389610389,0,1,0,0.5386032904816512,0,H
0.0,0.6,0.8,0.0,0.0,0.0,0.0689655172413793,0.4935064935064935,0,0,0,0.7587652014224544,0,H
0.0,0.4,1.0,0.0,1.0,0.0,0.7241379310344828,0.1818181818181818,1,1,1,0.8013239772381292,1,H
0.0,0.2,1.0,0.0,0.0,0.0,0.0,0.2207792207792207,0,0,0,0.9063522613588412,0,H
0.0,0.8,1.0,0.0,1.0,0.0,0.1034482758620689,0.1818181818181818,0,0,0,0.583440990046276,0,H
0.1428571428571428,0.4,0.8,0.0,1.0,0.0,0.0,0.0,0,0,0,0.7126857099812444,0,H
0.0,0.6,0.8,0.0,0.0,0.0,0.0,0.1818181818181818,0,0,0,0.7638545275324962,0,H
0.0,0.6,1.0,0.0,1.0,0.0,0.1379310344827586,0.3766233766233766,0,0,0,0.6821132349661926,0,H
0.0,0.8,0.6,0.0,1.0,0.0,0.0,0.2727272727272727,0,0,0,0.8844544615532595,0,H
0.0,0.8,0.4,0.0,1.0,0.0,0.0,0.1818181818181818,1,0,1,0.8453913819917885,1,H
0.1428571428571428,0.6,0.8,0.0,1.0,0.0,0.0,0.0129870129870129,0,0,0,0.7193680496395294,1,H
0.0,0.4,1.0,0.0833333333333333,1.0,0.0,0.1034482758620689,0.0779220779220779,1,1,1,0.5774953748454328,1,H
0.0,0.6,1.0,0.0,1.0,0.0,0.2068965517241379,0.2727272727272727,0,1,0,0.6012726862428429,1,H
0.0,0.6,1.0,0.0833333333333333,1.0,0.0,0.6206896551724138,0.0909090909090909,0,1,0,0.7208158019218835,1,M
0.0,0.6,0.8,0.0,1.0,0.0,0.0689655172413793,0.1688311688311688,1,0,1,0.7194605870494126,1,H
0.0,0.4,1.0,0.0,1.0,0.0,0.0344827586206896,0.3896103896103896,1,0,1,0.6800146305018018,1,H
0.0,0.6,1.0,0.0,0.0,0.0,0.0344827586206896,0.3896103896103896,0,0,0,0.7985907543564296,0,H
0.0,0.6,0.8,0.0,0.0,0.0,0.0689655172413793,0.3896103896103896,0,0,0,0.7712121087007434,0,H
0.0,0.8,1.0,0.0,0.0,0.0,0.0689655172413793,0.0649350649350649,1,0,1,0.5486162456877325,1,H
0.0,0.4,1.0,0.0,1.0,0.0,0.7586206896551724,0.2207792207792207,0,1,0,0.8503916363203532,1,H
0.0,0.6,1.0,0.0,1.0,0.1,0.1724137931034483,0.1168831168831168,1,1,1,0.7926442735622614,1,H
0.0,0.8,0.8,0.0,1.0,0.0,0.0344827586206896,0.2077922077922078,0,0,0,0.7680210029616872,0,H
0.0,0.6,1.0,0.0,1.0,0.0,0.1379310344827586,0.1168831168831168,0,1,0,0.5064729249026874,0,H
0.0,0.6,1.0,0.0,1.0,0.0,0.2068965517241379,0.1428571428571428,1,1,1,0.6497023177131355,1,H
0.0,0.6,0.6,0.0,1.0,0.0,0.1034482758620689,0.3376623376623376,0,0,0,0.7662233706941618,0,H
0.0,0.2,1.0,0.0,1.0,0.0,0.5517241379310345,0.1818181818181818,1,1,1,0.7829529712212777,1,H
0.0,0.8,1.0,0.0833333333333333,1.0,0.0,0.2068965517241379,0.0259740259740259,1,1,1,0.7493099491787233,1,H
0.0,0.2,0.8,0.0,1.0,0.0,0.1034482758620689,0.2857142857142857,0,0,0,0.795048689437107,0,H
0.0,0.6,0.8,0.0,1.0,0.0,0.0344827586206896,0.0649350649350649,1,0,1,0.5948166473352519,1,H
0.0,0.4,1.0,0.0,1.0,0.0,0.0344827586206896,0.4805194805194805,0,0,0,0.6372891619369998,0,H
0.0,0.4,1.0,0.0,1.0,0.0,0.0,0.2597402597402597,1,0,1,0.6254014267427372,1,H
0.0,0.8,1.0,0.0,1.0,0.0,0.2068965517241379,0.2857142857142857,1,0,1,0.5164092559912296,1,H
0.0,0.4,0.8,0.0,1.0,0.0,0.0689655172413793,0.5974025974025974,0,0,0,0.9080443364089597,0,H
0.0,0.2,0.6,0.0,1.0,0.0,0.0344827586206896,0.2857142857142857,0,0,0,0.8784639276681373,0,H
0.0,0.4,0.6,0.0,1.0,0.0,0.0,0.1168831168831168,0,0,0,0.7642472573337029,0,H
0.0,0.6,1.0,0.0,1.0,0.0,0.6206896551724138,0.2337662337662337,0,1,0,0.8215163517600174,1,H
0.0,0.6,1.0,0.0,0.0,0.0,0.0344827586206896,0.1428571428571428,0,0,0,0.708618385651821,0,H
0.0,0.6,0.8,0.0,1.0,0.0,0.1379310344827586,0.1038961038961039,1,1,1,0.5201365712074835,1,H
0.0,0.6,0.6,0.0,1.0,0.0,0.2068965517241379,0.3376623376623376,0,0,0,0.6192743541674028,0,H
0.1428571428571428,0.6,0.8,0.0,1.0,0.2,0.5172413793103449,0.1688311688311688,1,1,1,0.7313872783760147,1,H
0.1428571428571428,0.4,0.8,0.0833333333333333,1.0,0.0,0.2413793103448276,0.1038961038961039,1,1,1,0.6338001406677899,1,H
0.0,0.6,0.4,0.0,0.0,0.0,0.0344827586206896,0.0389610389610389,0,0,0,0.7548990620466959,0,H
0.0,0.8,0.8,0.0,1.0,0.0,0.0344827586206896,0.1558441558441558,0,0,0,0.7180956980054992,0,H
0.1428571428571428,0.6,1.0,0.0833333333333333,1.0,0.1,0.1379310344827586,0.0129870129870129,1,1,1,0.9124013422961988,1,H
0.0,0.6,1.0,0.0,1.0,0.0,0.1379310344827586,0.0909090909090909,0,0,1,0.5769534029031437,0,H
0.0,0.2,1.0,0.0,1.0,0.0,0.2758620689655172,0.2727272727272727,1,1,1,0.6169451302654771,1,H
0.0,0.8,1.0,0.0,1.0,0.0,0.0,0.0519480519480519,0,0,0,0.5197826067490416,0,H
0.0,0.6,1.0,0.0,1.0,0.0,0.2413793103448276,0.0649350649350649,1,1,1,0.5312446491313871,1,H
0.0,0.6,1.0,0.0,1.0,0.0,0.0,0.5324675324675324,1,0,1,0.7752612816744203,0,M
0.0,0.4,0.6,0.0,1.0,0.0,0.0344827586206896,0.4025974025974026,0,0,0,0.9167889148969284,0,H
0.0,0.6,0.6,0.0,1.0,0.0,0.1724137931034483,0.2337662337662337,0,0,0,0.7339073407187078,0,H
0.0,0.4,1.0,0.0,1.0,0.0,0.3448275862068966,0.1428571428571428,1,1,1,0.8181598412072623,1,H
0.0,0.4,1.0,0.0,1.0,0.0,0.2068965517241379,0.1558441558441558,1,1,1,0.7036919011698534,1,H
0.0,0.6,0.8,0.0,1.0,0.0,0.2758620689655172,0.0909090909090909,0,1,0,0.6975924095765352,1,H
0.0,0.6,0.8,0.0,1.0,0.0,0.3103448275862069,0.3116883116883117,0,1,0,0.6162932944837962,1,H
0.0,0.6,0.4,0.0,1.0,0.0,0.0,0.0259740259740259,0,0,0,0.8005580850954204,0,H
0.0,0.4,0.8,0.0,0.0,0.0,0.1379310344827586,0.1948051948051948,0,0,0,0.6003559489278764,0,H
0.0,0.4,1.0,0.0,1.0,0.0,0.2758620689655172,0.3116883116883117,0,1,0,0.7105353359072454,1,H
0.0,0.6,0.8,0.0833333333333333,0.0,0.0,0.2413793103448276,0.3376623376623376,1,0,1,0.6881707110812973,1,H
0.0,0.8,0.8,0.0,1.0,0.0,0.0344827586206896,0.1428571428571428,0,0,0,0.7792171134642897,0,H
0.0,0.2,1.0,0.0,1.0,0.0,0.0344827586206896,0.3246753246753247,0,0,0,0.745585906599904,0,H
0.0,0.6,0.4,0.0,1.0,0.0,0.0689655172413793,0.1688311688311688,0,0,0,0.7114939478519101,0,H
0.0,0.8,1.0,0.0,1.0,0.0,0.2758620689655172,0.2337662337662337,0,1,0,0.576350411659399,1,H
0.0,0.8,1.0,0.0,1.0,0.0,0.0,0.2467532467532467,0,0,0,0.6893485077664608,0,H
0.0,0.4,0.4,0.0,1.0,0.0,0.0344827586206896,0.5324675324675324,0,0,0,0.8812056633444676,0,H
0.0,0.4,0.2,0.0,1.0,0.0,0.0,0.3636363636363636,0,0,0,0.8391534663340304,0,H
0.0,0.4,1.0,0.0,1.0,0.0,0.1034482758620689,0.4025974025974026,0,0,0,0.6980010071953161,0,H
0.0,1.0,0.6,0.0,1.0,0.0,0.0344827586206896,0.4155844155844156,0,0,0,0.9062658781965262,0,H
0.0,0.8,0.8,0.0,0.0,0.0,0.0,0.0259740259740259,0,0,0,0.6178499332505403,0,H
0.0,1.0,1.0,0.0,1.0,0.0,0.2758620689655172,0.2597402597402597,0,1,0,0.5126131713961395,1,H
0.0,0.6,0.8,0.0,0.0,0.0,0.0689655172413793,0.4545454545454545,0,0,0,0.7528977833233544,0,H
0.0,0.4,0.8,0.0,1.0,0.0,0.3103448275862069,0.1688311688311688,1,1,1,0.7032505316718913,1,H
0.0,0.4,1.0,0.0833333333333333,1.0,0.0,0.2413793103448276,0.1298701298701298,0,1,0,0.7990504764966682,1,M
0.0,0.6,0.8,0.0,1.0,0.0,0.0344827586206896,0.1168831168831168,0,0,0,0.6122405002810924,0,H
0.0,0.6,1.0,0.0,1.0,0.0,0.0689655172413793,0.2857142857142857,0,0,0,0.7683948933618961,0,H
0.0,0.4,0.8,0.0,0.0,0.0,0.1034482758620689,0.0909090909090909,0,0,0,0.6325525694608131,0,H
0.0,0.2,0.8,0.0,1.0,0.0,0.0,0.7142857142857143,0,0,0,0.8724623658799542,0,H
0.0,0.6,0.8,0.0,1.0,0.0,0.0344827586206896,0.4545454545454545,1,0,0,0.8503481948585607,1,H
0.0,0.6,1.0,0.0,1.0,0.0,0.5862068965517241,0.4155844155844156,1,1,1,0.8576273631111487,1,H
0.0,0.8,1.0,0.0,1.0,0.0,0.0344827586206896,0.0259740259740259,1,1,1,0.6062236980407371,1,H
0.0,0.6,1.0,0.0,1.0,0.0,0.1034482758620689,0.1428571428571428,0,0,0,0.6480137920628057,0,H
0.0,0.6,1.0,0.0833333333333333,1.0,0.1,0.3103448275862069,0.2467532467532467,1,1,1,0.8096495992361019,1,H
0.0,0.6,1.0,0.0,1.0,0.2,0.1379310344827586,0.0779220779220779,1,1,1,0.8421950066704071,1,H
0.0,0.6,1.0,0.0,1.0,0.0,0.1034482758620689,0.2857142857142857,0,0,1,0.7123389540049773,0,H
0.0,0.2,0.6,0.0,1.0,0.0,0.0689655172413793,0.1948051948051948,1,0,1,0.8299598217367063,1,H
0.0,0.6,1.0,0.0,0.0,0.0,0.0689655172413793,0.2337662337662337,0,0,0,0.6499168119820927,0,H
0.0,0.8,0.4,0.0,1.0,0.0,0.0344827586206896,0.1428571428571428,0,0,0,0.7701972806860515,0,H
0.0,0.6,1.0,0.0,1.0,0.3,0.7931034482758621,0.4285714285714285,0,1,0,0.5696979568758328,1,H
0.0,0.6,0.8,0.0,0.0,0.0,0.0344827586206896,0.3636363636363636,1,0,1,0.7802710525431783,1,H
0.0,0.6,1.0,0.0,1.0,0.0,0.1034482758620689,0.2077922077922078,0,0,0,0.6615718737083275,0,H
0.0,0.6,0.4,0.0,1.0,0.0,0.0,0.4935064935064935,1,0,1,0.8834147855508327,1,H
0.0,0.8,0.8,0.0,1.0,0.0,0.0344827586206896,0.1948051948051948,0,0,0,0.7884460188635373,0,H
0.0,0.2,0.8,0.0,1.0,0.0,0.0344827586206896,0.3376623376623376,0,0,1,0.8492227509337696,0,H
0.0,0.6,0.6,0.0,1.0,0.0,0.0689655172413793,0.0519480519480519,0,0,0,0.6732190421167134,0,H
0.0,0.6,1.0,0.0,1.0,0.0,0.1379310344827586,0.0259740259740259,1,0,1,0.5996799263359428,1,H
0.0,0.6,0.8,0.0,1.0,0.0,0.3793103448275862,0.1948051948051948,1,1,0,0.6925650239890656,1,H
0.0,0.6,0.6,0.0,1.0,0.0,0.0344827586206896,0.3896103896103896,1,0,1,0.8246637425698632,1,H
0.0,0.6,1.0,0.0,0.0,0.0,0.1034482758620689,0.4415584415584415,0,0,0,0.7135802450884123,0,H
0.0,0.6,1.0,0.0,1.0,0.0,0.5862068965517241,0.4285714285714285,0,1,0,0.7828942029710021,1,M
0.0,0.4,0.8,0.0,1.0,0.0,0.1379310344827586,0.1558441558441558,1,0,1,0.5190507318784899,1,H
0.0,0.2,1.0,0.25,1.0,0.0,0.1034482758620689,0.0909090909090909,1,1,1,0.6227053555951753,1,H
0.0,0.4,0.6,0.0,1.0,0.0,0.1034482758620689,0.3636363636363636,0,0,0,0.8254251302091132,0,H
0.4285714285714285,0.6,1.0,0.0833333333333333,1.0,0.0,0.1379310344827586,0.0649350649350649,1,1,1,0.6948804202539974,1,H
0.0,0.6,0.6,0.0,1.0,0.0,0.0689655172413793,0.3636363636363636,0,0,0,0.7763846098846817,0,H
0.0,0.2,1.0,0.0,0.0,0.0,0.0,0.0,1,0,1,0.7959140576166711,1,H
0.0,0.4,1.0,0.0,1.0,0.0,0.0344827586206896,0.0389610389610389,1,0,1,0.5540401780027332,1,H
0.1428571428571428,0.6,1.0,0.0,1.0,0.0,0.0,0.0519480519480519,0,0,0,0.591902333037059,0,H
0.0,0.6,1.0,0.0,1.0,0.0,0.0344827586206896,0.4415584415584415,1,0,0,0.6428829556652556,1,H
0.0,0.6,1.0,0.0833333333333333,1.0,0.0,0.2068965517241379,0.0909090909090909,1,1,1,0.8407321975318471,1,H
0.0,0.2,0.4,0.0,1.0,0.0,0.2068965517241379,0.2987012987012987,0,0,0,0.6789907085492233,0,H
0.0,0.4,0.4,0.0,0.0,0.0,0.0,0.3896103896103896,0,0,0,0.8593853634453771,0,H
0.0,0.6,0.4,0.0833333333333333,1.0,0.3,0.1379310344827586,0.0129870129870129,0,1,0,0.5497809124855778,0,H
0.1428571428571428,0.4,1.0,0.0,1.0,0.0,0.4827586206896552,0.1948051948051948,0,1,0,0.7594073424016586,1,M
0.0,0.4,1.0,0.0,0.0,0.0,0.0,0.0779220779220779,0,0,0,0.7553482256094733,0,H
0.0,0.4,1.0,0.0,1.0,0.0,0.1379310344827586,0.0779220779220779,0,1,0,0.5040311693931016,0,H
0.0,0.6,0.8,0.0,0.0,0.0,0.0689655172413793,0.1818181818181818,0,0,0,0.618638170997532,0,H
0.0,0.6,0.8,0.0,1.0,0.0,0.0344827586206896,0.3116883116883117,1,0,1,0.7052442933715316,1,H
0.0,0.6,0.8,0.0,0.0,0.0,0.1724137931034483,0.1428571428571428,1,1,1,0.547424704931574,1,H
0.0,0.4,1.0,0.0,1.0,0.0,0.0689655172413793,0.5194805194805194,0,0,0,0.6512733461901135,0,H
0.0,1.0,0.8,0.0,1.0,0.0,0.1034482758620689,0.1428571428571428,0,0,0,0.6374618000510526,0,H
0.0,0.4,0.4,0.0,1.0,0.0,0.0689655172413793,0.1168831168831168,0,0,0,0.7563110365560929,1,H
0.0,0.2,1.0,0.0833333333333333,1.0,0.0,0.1724137931034483,0.0909090909090909,0,1,0,0.8290337150318995,1,M
0.0,1.0,1.0,0.0,0.0,0.0,0.0344827586206896,0.2337662337662337,0,0,0,0.7997621564452595,0,H
0.0,0.2,1.0,0.0,1.0,0.0,0.3793103448275862,0.1688311688311688,1,1,1,0.837342264733675,1,H
0.0,0.8,0.2,0.0,1.0,0.0,0.3103448275862069,0.1168831168831168,1,0,1,0.5292417646903367,1,H
0.1428571428571428,0.2,0.8,0.0,1.0,0.0,0.0344827586206896,0.0389610389610389,0,0,0,0.5601879280923168,1,H
0.0,0.6,0.4,0.0,1.0,0.0,0.0,0.2337662337662337,1,0,1,0.8291695286633662,1,H
0.0,1.0,1.0,0.0,1.0,0.0,0.2413793103448276,0.0909090909090909,0,1,0,0.5216376510450359,0,H
0.0,0.8,1.0,0.0,0.0,0.0,0.0344827586206896,0.1428571428571428,1,0,0,0.6842033088691761,1,H
0.0,0.6,1.0,0.0,0.0,0.0,0.1724137931034483,0.4415584415584415,0,0,0,0.6823852925011473,0,H
0.0,0.4,0.8,0.0,0.0,0.0,0.1379310344827586,0.2077922077922078,0,0,0,0.7106806928953181,0,H
0.0,0.2,0.8,0.0,1.0,0.0,0.0344827586206896,0.2077922077922078,1,0,1,0.637457821705655,1,H
0.0,0.0,0.8,0.0,1.0,0.0,0.0,0.3506493506493506,0,0,0,0.7498568382806751,0,H
0.1428571428571428,0.6,1.0,0.0,1.0,0.0,0.0344827586206896,0.0649350649350649,1,0,1,0.5593421570705223,1,H
0.0,0.6,1.0,0.0,0.0,0.0,0.2413793103448276,0.0779220779220779,0,1,0,0.6762521696983601,0,H
0.0,0.4,1.0,0.0,1.0,0.0,0.0,0.3636363636363636,0,0,0,0.6785537355997474,0,H
0.0,0.4,0.8,0.0,1.0,0.0,0.0689655172413793,0.6103896103896104,0,0,0,0.8093919977055143,0,H
0.0,0.6,1.0,0.0,0.0,0.0,0.4482758620689655,0.2337662337662337,1,1,1,0.8317796029655803,1,H
0.0,0.6,0.8,0.0,0.0,0.0,0.1034482758620689,0.2597402597402597,1,0,0,0.6966184194733834,1,H
0.0,0.6,0.8,0.0,0.0,0.0,0.2068965517241379,0.1038961038961039,0,1,0,0.583566691508209,0,H
0.0,0.6,0.8,0.0,1.0,0.0,0.0689655172413793,0.1558441558441558,0,1,0,0.52596877160675,0,H
0.0,0.2,1.0,0.0,1.0,0.0,0.1034482758620689,0.2077922077922078,0,0,0,0.5512147227460982,0,H
0.0,0.6,1.0,0.0,0.0,0.0,0.4482758620689655,0.2207792207792207,1,1,1,0.8927145662511533,1,H
0.0,0.6,1.0,0.0,0.0,0.0,0.3448275862068966,0.4415584415584415,1,1,1,0.6077038146062874,1,H
0.0,0.4,1.0,0.0,1.0,0.0,0.0689655172413793,0.1298701298701298,0,0,0,0.6393223091600851,0,H
0.0,0.8,1.0,0.0,1.0,0.0,0.0,0.1038961038961039,0,0,0,0.5908259403225955,0,H
0.0,0.6,0.8,0.0,1.0,0.0,0.1034482758620689,0.4675324675324675,1,0,1,0.6410803901604064,1,H
0.0,0.8,1.0,0.0,1.0,0.1,0.896551724137931,0.2207792207792207,1,1,1,0.6519392484541965,1,H
0.4285714285714285,0.6,0.8,0.0,1.0,0.0,0.0344827586206896,0.0389610389610389,1,0,1,0.5564529712212769,1,H
0.0,0.6,1.0,0.0,1.0,0.0,0.1724137931034483,0.2077922077922078,1,1,1,0.5019027702096335,1,H
0.0,0.2,0.8,0.0,1.0,0.0,0.1034482758620689,0.4285714285714285,0,0,0,0.7242161042878449,0,H
0.0,0.6,1.0,0.0,1.0,0.0,0.0,0.5974025974025974,0,0,0,0.7873158608190984,0,H
0.0,0.6,1.0,0.0,1.0,0.0,0.0344827586206896,0.4155844155844156,0,0,0,0.6506899088824275,0,H
0.0,0.4,1.0,0.0,1.0,0.0,0.3448275862068966,0.4415584415584415,0,1,0,0.7522589191284658,1,M
0.0,0.6,0.4,0.0,1.0,0.0,0.0,0.0519480519480519,1,0,1,0.7975516812676664,0,M
0.0,0.6,1.0,0.0,1.0,0.0,0.2068965517241379,0.0519480519480519,1,1,0,0.6464130672565378,1,H
0.0,0.6,0.4,0.0,1.0,0.0,0.7931034482758621,0.5714285714285714,1,1,1,0.582066916946765,1,H
0.0,0.4,0.4,0.0,1.0,0.0,0.0,0.1688311688311688,0,0,0,0.7027415891871335,0,H
0.0,0.2,1.0,0.0,1.0,0.0,0.0,0.1168831168831168,1,0,1,0.671703667258316,1,H
0.0,1.0,0.8,0.0,1.0,0.0,0.0689655172413793,0.3116883116883117,0,0,0,0.8048591882451899,0,H
0.0,0.2,1.0,0.0,1.0,0.0,0.4827586206896552,0.3896103896103896,0,1,0,0.7115336672982635,1,H
0.0,0.4,0.8,0.0,1.0,0.0,0.0689655172413793,0.6233766233766234,1,0,1,0.862715592276188,1,H
0.0,0.8,1.0,0.0,1.0,0.0,0.1724137931034483,0.1038961038961039,1,1,1,0.5599954011575005,1,H
0.0,0.4,1.0,0.0,1.0,0.0,0.0,0.0389610389610389,0,1,0,0.5451655488585162,0,H
0.0,0.6,0.4,0.0,1.0,0.0,0.0689655172413793,0.3506493506493506,0,0,0,0.8532055579912268,0,H
0.1428571428571428,0.2,0.6,0.0,0.0,0.0,0.2758620689655172,0.1688311688311688,1,1,1,0.5529670974947284,1,H
0.0,0.8,1.0,0.0833333333333333,1.0,0.0,0.0344827586206896,0.0259740259740259,1,1,1,0.7082301353655636,1,H
0.0,0.2,1.0,0.0,1.0,0.0,0.0344827586206896,0.2727272727272727,1,0,0,0.8028833800075436,1,H
0.0,0.6,1.0,0.0,0.0,0.0,0.0344827586206896,0.3376623376623376,0,0,0,0.6750760904390763,0,H
0.0,0.6,1.0,0.0,1.0,0.0,0.3448275862068966,0.1038961038961039,1,1,1,0.7817019477213969,1,H
0.0,0.6,1.0,0.0,0.0,0.0,0.1034482758620689,0.0649350649350649,1,0,1,0.5007901259841221,1,H
0.0,0.8,0.6,0.0,1.0,0.0,0.0689655172413793,0.4285714285714285,0,0,0,0.8190854678180335,0,H
0.0,0.4,0.8,0.0,1.0,0.0,0.2068965517241379,0.4155844155844156,1,0,1,0.6390083528373106,1,H
0.0,0.2,1.0,0.0,1.0,0.0,0.1379310344827586,0.1038961038961039,0,1,0,0.5241426666303257,0,H
0.0,0.2,1.0,0.0,0.0,0.0,0.0344827586206896,0.4675324675324675,0,0,0,0.7592610781182402,0,H
0.0,0.4,0.8,0.0,1.0,0.0,0.1034482758620689,0.1948051948051948,1,0,1,0.5394422069795749,1,H
0.0,0.6,0.8,0.0,1.0,0.0,0.0,0.6103896103896104,0,0,0,0.7942663602575206,0,H
0.0,0.6,1.0,0.0,1.0,0.0,0.2758620689655172,0.1818181818181818,1,1,1,0.7193053621420151,1,H
0.0,0.2,0.8,0.0,1.0,0.0,0.0344827586206896,0.3116883116883117,0,0,0,0.8083965417875753,0,H
0.0,0.6,1.0,0.0,1.0,0.1,0.6551724137931034,0.4155844155844156,1,1,1,0.7100233845810606,1,H
0.0,0.6,1.0,0.1666666666666666,0.0,0.0,0.3448275862068966,0.1558441558441558,0,1,0,0.8157945995484865,1,H
0.0,0.6,0.8,0.0,0.0,0.0,0.0,0.4415584415584415,0,0,0,0.8240578250305434,0,H
0.1428571428571428,0.6,1.0,0.0,1.0,0.0,0.1724137931034483,0.0519480519480519,1,1,1,0.6684209342408227,1,H
0.0,0.6,0.8,0.0,1.0,0.0,0.4482758620689655,0.4675324675324675,1,1,1,0.8228875726650112,1,H
0.0,0.6,0.6,0.0,1.0,0.0,0.1034482758620689,0.2077922077922078,1,0,1,0.7733500279514444,0,M
0.1428571428571428,0.6,1.0,0.0,1.0,0.0,0.0689655172413793,0.0649350649350649,1,1,1,0.5284137914108926,1,H
0.0,0.6,0.8,0.0,1.0,0.0,0.0344827586206896,0.4935064935064935,0,0,0,0.629410567898607,0,H
0.2857142857142857,0.6,1.0,0.0,1.0,0.0,0.3793103448275862,0.1558441558441558,1,1,1,0.8477812410848002,1,H
0.0,0.8,0.8,0.0,1.0,0.0,0.1724137931034483,0.4025974025974026,1,0,1,0.6760798026951804,1,H
0.0,0.6,1.0,0.1666666666666666,1.0,0.2,0.1379310344827586,0.0129870129870129,1,1,1,0.7744623447234047,1,H
0.0,0.6,1.0,0.0,0.0,0.0,0.3448275862068966,0.3506493506493506,0,1,0,0.6110918642475553,0,H
0.2857142857142857,0.8,0.6,0.0833333333333333,0.0,0.0,0.4827586206896552,0.0779220779220779,0,1,0,0.5088277493414298,0,H
0.0,0.6,1.0,0.0,1.0,0.1,0.1034482758620689,0.0909090909090909,1,1,1,0.821599016069464,1,H
0.0,0.2,0.8,0.0,1.0,0.0,0.0344827586206896,0.4675324675324675,0,0,0,0.8075866834711038,0,H
0.0,0.6,0.8,0.0,1.0,0.0,0.2068965517241379,0.0129870129870129,0,1,0,0.6404008930818997,0,H
0.0,0.4,0.6,0.0,0.0,0.0,0.0,0.0519480519480519,0,0,0,0.8614082783839521,0,H
0.0,0.6,0.8,0.0,1.0,0.0,0.1724137931034483,0.0779220779220779,1,1,1,0.58916701546195,1,H
0.0,0.4,0.8,0.0,1.0,0.0,0.1034482758620689,0.1818181818181818,0,1,0,0.5098212703588727,0,H
0.0,0.6,1.0,0.0,1.0,0.0,0.4827586206896552,0.2987012987012987,1,1,1,0.8443096021171008,1,H
0.1428571428571428,0.6,1.0,0.0,1.0,0.0,0.2413793103448276,0.1168831168831168,0,1,0,0.8102961359922825,0,H
0.0,0.6,0.8,0.0,1.0,0.0,0.2068965517241379,0.3376623376623376,0,0,0,0.522497294972758,0,H
0.0,0.2,0.8,0.0,0.0,0.0,0.0,0.0389610389610389,0,0,0,0.7588883007000256,0,H
0.0,0.4,1.0,0.0,1.0,0.0,0.3103448275862069,0.1168831168831168,0,1,0,0.8212435749553488,1,H
0.0,0.8,0.8,0.0,1.0,0.0,0.0689655172413793,0.3636363636363636,0,0,0,0.7934834528133252,0,H
0.1428571428571428,0.6,0.8,0.0,1.0,0.0,0.0,0.0259740259740259,1,1,1,0.5635309151520732,1,H
0.0,0.4,1.0,0.0,1.0,0.0,0.0344827586206896,0.0909090909090909,0,0,0,0.619584366659924,0,H
0.0,0.6,0.8,0.0,1.0,0.0,0.2068965517241379,0.1818181818181818,1,1,1,0.5482196782220946,1,H
0.0,0.6,0.8,0.0,1.0,0.0,0.0344827586206896,0.4675324675324675,1,0,1,0.7532083029217745,1,H
0.2857142857142857,0.2,1.0,0.0,1.0,0.0,0.1034482758620689,0.0779220779220779,0,1,0,0.5634401695478735,0,H
0.0,0.2,0.6,0.0,1.0,0.0,0.0344827586206896,0.5844155844155844,0,0,0,0.873750199768153,0,H
0.0,0.6,1.0,0.0,0.0,0.0,0.1379310344827586,0.1038961038961039,1,1,1,0.556996128355219,1,H
0.0,0.6,1.0,0.0,1.0,0.0,0.0689655172413793,0.1038961038961039,1,0,1,0.6314914512574713,1,H
0.0,0.0,1.0,0.0,1.0,0.0,0.0,0.6103896103896104,1,0,0,0.8273113985655658,1,H
0.0,0.8,0.6,0.0,0.0,0.0,0.0,0.1168831168831168,0,0,0,0.6873437076289425,0,H
0.0,0.6,0.6,0.0,0.0,0.0,0.0689655172413793,0.2597402597402597,0,0,0,0.7894951485702424,0,H
0.0,0.6,1.0,0.0,1.0,0.0,0.0344827586206896,0.1948051948051948,0,0,0,0.5840137270471687,0,H
0.0,0.6,0.2,0.0,0.0,0.0,0.0344827586206896,0.1948051948051948,0,0,0,0.6053608467082051,0,H
0.0,0.6,1.0,0.0833333333333333,1.0,0.0,0.2068965517241379,0.0779220779220779,1,1,1,0.8438903806717238,1,H
0.0,0.4,0.8,0.0,1.0,0.0,0.0344827586206896,0.4935064935064935,0,0,0,0.7304876206740928,0,H
0.0,0.6,1.0,0.0833333333333333,1.0,0.0,0.0689655172413793,0.0779220779220779,1,1,1,0.7890157366652469,1,H
0.0,0.8,0.6,0.0,1.0,0.0,0.1724137931034483,0.4285714285714285,1,0,1,0.6224880235923295,1,H
0.0,0.4,1.0,0.0,1.0,0.0,0.0,0.4155844155844156,0,0,0,0.740886836169609,0,H
0.0,0.6,0.4,0.0,1.0,0.0,0.0344827586206896,0.0259740259740259,1,0,1,0.7409203020342902,1,H
0.0,0.6,1.0,0.0,1.0,0.0,0.1724137931034483,0.3506493506493506,1,1,1,0.556735579863907,1,H
0.0,0.6,1.0,0.0,1.0,0.0,0.0,0.1168831168831168,0,0,0,0.6221430247076281,0,H
0.0,0.4,0.8,0.0,1.0,0.0,0.1379310344827586,0.1948051948051948,0,0,0,0.5026014547344951,0,H
0.0,0.6,1.0,0.0,1.0,0.0,0.3448275862068966,0.3766233766233766,0,1,0,0.7004529162970198,1,H
0.0,0.4,0.8,0.0,1.0,0.0,0.0,0.6493506493506493,0,0,0,0.7596111948536668,0,H
0.1428571428571428,0.4,0.4,0.0833333333333333,1.0,0.0,0.1034482758620689,0.1428571428571428,0,1,0,0.5890632269503306,0,H
0.0,0.2,0.8,0.0,1.0,0.0,0.0689655172413793,0.1298701298701298,0,0,0,0.5629382979124635,0,H
0.0,0.2,0.6,0.0,0.0,0.0,0.0344827586206896,0.0649350649350649,0,0,0,0.7822408533586456,0,H
0.0,0.8,0.8,0.0,0.0,0.0,0.2068965517241379,0.5324675324675324,0,0,0,0.5686373257364925,0,H
0.0,0.2,0.4,0.0,0.0,0.0,0.0689655172413793,0.3376623376623376,0,0,0,0.8162584750645674,0,H
0.0,0.4,0.8,0.0,0.0,0.0,0.0344827586206896,0.3246753246753247,1,0,1,0.8171316070039993,1,H
0.0,0.4,1.0,0.0,0.0,0.0,0.0,0.4155844155844156,0,0,0,0.85036263419927,0,H
0.0,0.4,1.0,0.0,1.0,0.0,0.1034482758620689,0.0779220779220779,1,0,1,0.5707035133257721,1,H
0.0,0.6,0.8,0.0,1.0,0.0,0.0,0.2857142857142857,1,0,1,0.7366170154851625,0,M
0.0,0.6,1.0,0.0,1.0,0.0,0.5517241379310345,0.4285714285714285,1,1,1,0.7551618353263251,1,H
0.0,0.2,1.0,0.0,0.0,0.0,0.0,0.1038961038961039,0,0,0,0.7967196969381148,0,H
0.0,0.6,1.0,0.0,0.0,0.0,0.0,0.1818181818181818,0,0,0,0.6786484909011857,0,H
0.0,0.6,0.6,0.0,1.0,0.0,0.0344827586206896,0.5584415584415584,0,0,0,0.7843997578189216,0,H
0.1428571428571428,0.6,0.8,0.0,1.0,0.0,0.0344827586206896,0.0389610389610389,0,1,0,0.6026286996405058,1,M
0.0,0.4,0.6,0.0,1.0,0.0,0.0,0.1428571428571428,0,0,0,0.7489808025872505,0,H
0.0,0.6,0.4,0.0,1.0,0.0,0.0344827586206896,0.6493506493506493,0,0,0,0.7253610111594921,0,H
0.0,0.2,1.0,0.0,0.0,0.0,0.0,0.1428571428571428,0,0,0,0.8192190543555457,0,H
0.0,0.8,0.8,0.0,1.0,0.0,0.1034482758620689,0.0389610389610389,0,0,0,0.583405260571733,0,H
0.0,0.4,1.0,0.0,1.0,0.0,0.0,0.3116883116883117,1,0,1,0.6792760581298641,1,H
0.0,0.6,0.8,0.0,1.0,0.0,0.0344827586206896,0.2467532467532467,0,0,0,0.6793492882502047,0,H
0.0,0.2,0.0,0.0,1.0,0.0,0.0,0.2987012987012987,0,0,0,0.7454677760018378,0,H
0.1428571428571428,0.6,1.0,0.0833333333333333,1.0,0.0,0.2758620689655172,0.0519480519480519,1,1,1,0.801710888690031,1,H
0.0,0.8,1.0,0.0,1.0,0.0,0.1379310344827586,0.1688311688311688,1,0,1,0.5645774858321968,1,H
0.0,0.6,1.0,0.0,1.0,0.0,0.0689655172413793,0.4285714285714285,1,0,1,0.6579392451001854,1,H
0.0,0.6,0.8,0.0,1.0,0.0,0.1724137931034483,0.1688311688311688,1,1,1,0.5874087958618323,1,H
0.0,0.8,1.0,0.0,1.0,0.0,0.4482758620689655,0.1038961038961039,1,1,1,0.7783681254561574,1,H
0.1428571428571428,0.4,1.0,0.0833333333333333,1.0,0.1,0.4137931034482758,0.1558441558441558,1,1,1,0.8702872523073506,1,H
0.1428571428571428,0.6,1.0,0.0833333333333333,1.0,0.0,0.0344827586206896,0.0259740259740259,1,1,1,0.8277440317221939,1,H
0.0,0.6,1.0,0.0,0.0,0.0,0.0689655172413793,0.1038961038961039,1,0,1,0.575262837185834,1,H
0.0,0.6,1.0,0.0,1.0,0.0,0.0689655172413793,0.1168831168831168,0,0,0,0.5515338328888575,0,H
0.0,0.4,0.8,0.0833333333333333,0.0,0.0,0.0,0.0259740259740259,1,1,1,0.5405865182030677,1,H
0.0,0.4,1.0,0.0,1.0,0.0,0.2758620689655172,0.1948051948051948,1,1,1,0.8651535940780282,1,H
0.0,0.6,1.0,0.0,1.0,0.0,0.2068965517241379,0.5064935064935064,0,1,0,0.6740192904857437,0,H
0.0,0.6,1.0,0.0,1.0,0.0,0.2068965517241379,0.2207792207792207,0,1,0,0.7368519798456596,1,M
0.0,0.6,0.4,0.0,1.0,0.0,0.0689655172413793,0.2077922077922078,0,0,0,0.752786379044511,0,H
0.0,0.4,1.0,0.0,1.0,0.0,0.2068965517241379,0.1818181818181818,0,1,0,0.8071067387910481,1,M
0.0,0.4,0.8,0.0,1.0,0.0,0.0,0.0909090909090909,0,0,0,0.6728804752833747,0,H
0.0,0.6,0.6,0.0,1.0,0.0,0.0,0.1038961038961039,1,0,1,0.758944755379055,1,H
0.0,0.8,1.0,0.0,1.0,0.0,0.0344827586206896,0.1688311688311688,0,1,0,0.50579149236504,0,H
0.0,0.6,1.0,0.0833333333333333,1.0,0.0,0.2758620689655172,0.2077922077922078,1,1,1,0.8759542952176291,1,H
0.0,0.4,1.0,0.0,1.0,0.0,0.0,0.5194805194805194,0,0,0,0.754421720203049,0,H
0.0,0.4,0.6,0.0,1.0,0.0,0.1724137931034483,0.2857142857142857,0,0,0,0.6692280264647474,0,H
0.0,0.6,0.6,0.0,1.0,0.0,0.0,0.1948051948051948,0,0,0,0.7550425266491698,0,H
0.0,0.6,1.0,0.0,0.0,0.0,0.1379310344827586,0.1168831168831168,1,1,1,0.6292663273079993,1,H
0.0,0.4,1.0,0.0,1.0,0.0,0.1724137931034483,0.2467532467532467,0,1,0,0.7205098218628182,0,H
0.0,0.6,0.6,0.0,1.0,0.0,0.0,0.2077922077922078,1,0,1,0.7886690530316071,1,H
