juv_misd_count,age,juv_fel_count,c_charge_degree,sex,race,juv_other_count,priors_count,expert prediction,machine prediction,ground truth,proba_model,did_recid,provider
0.0,0.3116883116883117,0.0,0.2,1.0,0.6,0.0,0.03571428571428571,1,0,1,0.7029149269991837,1,H
0.0,0.3116883116883117,0.0,0.8,1.0,0.8,0.0,0.14285714285714285,1,0,1,0.6746357218742478,1,H
0.0,0.012987012987012988,0.0,0.6,1.0,0.8,0.6,0.0,1,0,1,0.6020037356568192,1,H
0.0,0.22077922077922077,0.0,0.2,1.0,1.0,0.0,0.32142857142857145,0,1,0,0.5849582982594524,0,H
0.0,0.14285714285714285,0.0,0.4,1.0,0.4,0.0,0.0,1,0,1,0.7079763795899396,1,H
0.0,0.4155844155844156,0.0,0.4,0.0,0.8,0.0,0.0,1,0,1,0.6553638584625292,1,H
0.0,0.03896103896103896,0.0,0.4,1.0,0.2,0.0,0.03571428571428571,0,0,0,0.6553816619456784,0,H
0.0,0.025974025974025976,0.0,0.6,0.0,0.8,0.0,0.17857142857142858,0,0,0,0.5347709130765282,0,H
0.0,0.07792207792207792,0.0,0.8,1.0,0.8,0.0,0.0,1,0,1,0.5666914703864983,1,H
0.0,0.09090909090909091,0.0,0.4,1.0,1.0,0.0,0.10714285714285714,0,0,1,0.5019455422795015,0,H
0.0,0.4805194805194805,0.0,0.4,0.0,0.6,0.0,0.07142857142857142,1,0,1,0.6701379208618431,1,H
0.0,0.12987012987012986,0.0,0.6,1.0,1.0,0.0,1.0,1,1,1,0.6024165722881182,1,H
0.0,0.36363636363636365,0.0,0.4,1.0,0.6,0.0,0.0,0,0,0,0.5415300473158244,0,H
0.0,0.42857142857142855,0.0,0.8,0.0,0.8,0.0,0.0,0,0,0,0.6760471729378784,0,H
0.0,0.012987012987012988,0.0,0.6,1.0,1.0,0.0,0.034482758620689655,1,0,1,0.6086984138171319,1,H
0.0,0.06493506493506493,0.0,0.4,1.0,0.4,0.0,0.06896551724137931,0,0,0,0.6155325055090016,0,H
0.0,0.03896103896103896,0.0,0.6,1.0,0.6,0.2,0.0,0,0,0,0.6167738358218764,0,H
0.0,0.09090909090909091,0.0,0.0,1.0,1.0,0.0,0.10344827586206896,1,0,1,0.6187560744274021,1,H
0.0,0.025974025974025976,0.0,0.0,1.0,1.0,0.0,0.06896551724137931,1,0,1,0.5756860980861737,1,H
0.0,0.2987012987012987,0.0,0.6,1.0,0.8,0.0,0.034482758620689655,1,0,1,0.521205838029584,1,H
0.0,0.11688311688311688,0.0,0.8,1.0,0.6,0.0,0.10344827586206896,1,1,1,0.5502706644475569,1,H
0.0,0.2857142857142857,0.0,0.4,1.0,0.8,0.0,0.0,1,1,1,0.5069882518831833,1,H
0.0,0.2077922077922078,0.0,0.6,0.0,1.0,0.0,0.0,1,0,1,0.678896908898841,1,H
0.0,0.3246753246753247,0.0,0.4,1.0,0.8,0.0,0.3793103448275862,0,1,0,0.6637599866343313,0,H
0.0,0.18181818181818182,0.0,0.2,1.0,0.8,0.0,0.0,0,1,0,0.513136949457052,0,H
0.0,0.2857142857142857,0.0,0.2,1.0,1.0,0.0,0.034482758620689655,0,0,0,0.601503890191646,0,H
0.0,0.2597402597402597,0.0,1.0,1.0,0.8,0.0,0.0,0,0,0,0.6178000293395571,0,H
0.0,0.11688311688311688,0.0,0.6,0.0,0.4,0.0,0.034482758620689655,0,0,0,0.6135998395206759,0,H
0.0,0.05194805194805195,0.0,0.4,0.0,0.8,0.0,0.0,0,0,0,0.6541105903459881,0,H
0.0,0.19480519480519481,0.0,0.4,1.0,0.8,0.0,0.0,1,0,1,0.5501645949369016,1,H
0.0,0.025974025974025976,0.0,0.8,1.0,1.0,0.0,0.0,0,0,0,0.6197674247653995,0,H
0.0,0.4805194805194805,0.0,0.6,1.0,1.0,0.0,0.5517241379310345,0,1,0,0.5803125583042875,1,H
0.0,0.4805194805194805,0.0,0.2,1.0,1.0,0.0,0.10344827586206896,0,0,0,0.6672012368860851,0,H
0.0,0.4675324675324675,0.0,0.6,1.0,1.0,0.0,0.6551724137931034,0,0,0,0.5695510129056199,1,H
0.0,0.14285714285714285,0.0,0.2,1.0,0.8,0.0,0.0,0,0,0,0.595483575715806,0,H
1.0,0.14285714285714285,0.0,0.6,0.0,1.0,0.4,0.4827586206896552,1,1,1,0.709668141440949,1,H
0.0,0.23376623376623376,0.0,0.6,1.0,0.6,0.0,0.27586206896551724,1,1,1,0.5114905468246822,1,H
0.0,0.03896103896103896,0.0,0.6,1.0,0.4,0.0,0.034482758620689655,1,0,1,0.6793586053717565,1,H
0.0,0.36363636363636365,0.0,0.2,1.0,0.4,0.0,0.06896551724137931,0,0,0,0.5725966981726955,0,H
0.0,0.18181818181818182,0.0,0.4,0.0,1.0,0.0,0.10344827586206896,0,0,0,0.6198158075046966,0,H
0.0,0.38961038961038963,0.0,0.2,1.0,1.0,0.0,0.034482758620689655,0,0,1,0.6780265309441654,0,H
0.0,0.12987012987012986,0.0,0.6,1.0,1.0,0.0,0.0,1,0,1,0.5513270891370275,1,H
0.0,0.0,0.0,0.6,1.0,1.0,0.0,0.0,1,0,1,0.5180422961642418,1,H
0.0,0.23376623376623376,0.0,0.6,1.0,1.0,0.0,0.41379310344827586,0,0,0,0.5158950456899464,0,H
0.0,0.45454545454545453,0.0,0.6,1.0,1.0,0.0,0.3793103448275862,0,0,0,0.6294080911551625,0,H
0.0,0.7922077922077922,0.0,0.4,1.0,0.8,0.0,0.0,0,0,0,0.619299551729845,0,H
0.0,0.35064935064935066,0.3333333333333333,0.6,1.0,1.0,0.2,0.3103448275862069,1,1,1,0.6757270540347152,1,H
0.0,0.06493506493506493,0.0,0.4,0.0,0.4,0.0,0.0,0,0,0,0.628966847527603,0,H
0.0,0.24675324675324675,0.0,0.6,1.0,0.4,0.0,0.0,0,0,0,0.6421855896531682,0,H
0.0,0.5974025974025974,0.0,0.4,1.0,1.0,0.0,0.06896551724137931,1,0,1,0.670123371011355,1,H
0.0,0.06493506493506493,0.0,0.8,1.0,0.4,0.0,0.0,0,0,0,0.6268523086029172,0,H
0.0,0.16883116883116883,0.0,0.8,1.0,1.0,0.0,0.10344827586206896,1,0,1,0.6377108033165889,1,H
0.3333333333333333,0.15584415584415584,0.0,0.6,1.0,1.0,0.6,0.3448275862068966,1,1,1,0.640372027300413,1,H
0.0,0.05194805194805195,0.0,0.8,1.0,0.4,0.0,0.0,0,0,0,0.6780504469621789,0,H
0.0,0.2727272727272727,0.0,0.2,1.0,0.8,0.0,0.06896551724137931,0,0,0,0.5704768231626837,0,H
0.0,0.5194805194805194,0.0,0.0,1.0,0.6,0.0,0.034482758620689655,0,0,0,0.6213512041254912,0,H
0.0,0.1038961038961039,0.0,0.6,1.0,1.0,0.0,0.3103448275862069,0,1,0,0.6132867794838521,0,H
0.0,0.2077922077922078,0.0,0.6,0.0,1.0,0.0,0.10344827586206896,0,0,0,0.6722458513746188,0,H
0.0,0.15584415584415584,0.0,0.2,1.0,0.6,0.0,0.0,0,0,0,0.5963763487813547,0,H
0.0,0.07792207792207792,0.0,0.4,1.0,0.4,0.0,0.06896551724137931,0,0,0,0.6243131940105147,0,H
0.0,0.11688311688311688,0.0,0.0,1.0,1.0,0.0,0.0,0,0,0,0.5350589599455414,0,H
0.0,0.19480519480519481,0.0,0.6,1.0,0.8,0.0,0.0,0,0,0,0.5199162508873401,0,H
0.3333333333333333,0.2077922077922078,0.0,0.6,1.0,0.6,0.0,0.41379310344827586,0,1,0,0.516031511890736,0,H
0.0,0.5454545454545454,0.0,0.4,1.0,1.0,0.0,0.0,0,0,0,0.5529241509947617,0,H
0.0,0.2077922077922078,0.0,0.4,1.0,0.8,0.0,0.0,0,0,0,0.5821880010257559,0,H
0.0,0.5324675324675324,0.0,0.6,1.0,1.0,0.0,0.2413793103448276,0,0,0,0.6202375056911192,0,H
0.6666666666666666,0.025974025974025976,0.0,0.8,1.0,1.0,0.0,0.10344827586206896,1,1,1,0.548088731296208,1,H
0.0,0.2727272727272727,0.0,0.4,0.0,1.0,0.0,0.0,0,0,0,0.6540964602022254,0,H
0.0,0.24675324675324675,0.0,0.4,0.0,0.8,0.0,0.034482758620689655,1,0,1,0.616080002419866,1,H
0.0,0.12987012987012986,0.0,0.4,1.0,1.0,0.2,0.06896551724137931,1,1,1,0.5378943282993734,1,H
0.0,0.4025974025974026,0.0,0.6,0.0,1.0,0.0,0.10344827586206896,0,0,0,0.7108414261235427,0,H
0.0,0.2857142857142857,0.3333333333333333,0.6,1.0,1.0,0.0,0.6206896551724138,1,1,1,0.5362517481940847,1,H
0.0,0.2857142857142857,0.0,0.8,0.0,0.4,0.0,0.06896551724137931,0,0,0,0.7140242730225903,0,H
0.0,0.24675324675324675,0.0,0.2,1.0,0.8,0.0,0.1724137931034483,1,0,1,0.5224709652422606,1,H
0.0,0.05194805194805195,0.0,0.4,1.0,0.8,0.2,0.034482758620689655,0,0,0,0.6129499938304783,1,H
0.0,0.11688311688311688,0.0,0.4,1.0,1.0,0.0,0.034482758620689655,0,0,0,0.572232224639642,0,H
0.0,0.19480519480519481,0.0,0.6,1.0,0.4,0.0,0.0,1,0,1,0.6730225898851742,1,H
0.3333333333333333,0.03896103896103896,0.0,0.6,0.0,1.0,0.0,0.034482758620689655,0,0,0,0.5087961753668421,0,H
0.0,0.07792207792207792,1.0,0.6,1.0,0.8,0.2,0.4482758620689655,1,1,1,0.5802399307848395,1,H
0.0,0.2727272727272727,0.0,0.6,0.0,0.4,0.0,0.0,0,0,0,0.6831537548670836,0,H
0.0,0.3246753246753247,0.0,0.8,1.0,0.8,0.0,0.034482758620689655,0,0,0,0.6236405903730718,0,H
0.0,0.42857142857142855,0.0,0.6,1.0,0.8,0.0,0.5517241379310345,0,1,1,0.5413138257812795,0,H
0.0,0.5064935064935064,0.0,0.4,1.0,1.0,0.0,0.41379310344827586,1,0,1,0.6182705184787453,1,H
0.0,0.06493506493506493,0.0,0.4,1.0,1.0,0.0,0.034482758620689655,0,0,0,0.5833496485107866,0,H
0.0,0.7792207792207793,0.0,0.2,1.0,0.8,0.0,0.034482758620689655,0,0,0,0.7458602387800986,0,H
0.0,0.3246753246753247,0.0,0.6,1.0,0.8,0.0,0.7931034482758621,0,1,0,0.5214256537926618,0,H
0.0,0.4155844155844156,0.0,0.2,0.0,0.8,0.0,0.0,0,0,0,0.7348086100319974,0,H
0.3333333333333333,0.07792207792207792,0.0,0.2,1.0,1.0,0.2,0.2413793103448276,1,0,1,0.501081030379134,1,H
0.0,0.03896103896103896,0.0,0.8,1.0,0.8,0.0,0.0,0,0,0,0.684924682098352,0,H
0.0,0.14285714285714285,0.0,0.6,0.0,1.0,0.0,0.5172413793103449,1,0,1,0.5496810470083684,1,H
0.0,0.06493506493506493,0.0,0.2,1.0,0.8,0.0,0.0,0,0,0,0.7332958378091216,0,H
0.0,0.05194805194805195,0.0,0.8,1.0,1.0,0.0,0.0,1,0,1,0.6405552382610634,1,H
0.0,0.2857142857142857,0.0,0.6,0.0,0.8,0.0,0.0,1,0,0,0.6119365526335097,1,H
0.0,0.6233766233766234,0.0,0.4,1.0,0.2,0.0,0.0,0,0,0,0.7412002315225757,0,H
0.0,0.22077922077922077,0.0,0.4,1.0,0.4,0.0,0.034482758620689655,1,0,1,0.6750259445070196,1,H
0.0,0.24675324675324675,0.0,0.4,1.0,1.0,0.0,0.06896551724137931,0,0,0,0.5745056059612149,0,H
0.0,0.19480519480519481,0.0,0.6,1.0,1.0,0.0,0.27586206896551724,0,1,0,0.5058134999506688,0,H
0.0,0.09090909090909091,0.25,0.6,1.0,1.0,0.0,0.3448275862068966,1,1,1,0.5059429213130615,1,H
0.0,0.025974025974025976,0.25,0.8,1.0,1.0,0.4,0.034482758620689655,1,1,1,0.5433270676150884,1,H
0.0,0.1038961038961039,0.25,0.6,1.0,1.0,0.0,0.13793103448275862,1,1,1,0.5572306509111306,1,H
0.0,0.2727272727272727,0.0,0.6,0.0,0.4,0.0,0.034482758620689655,0,0,0,0.6233728869870746,0,H
0.0,0.12987012987012986,0.0,1.0,1.0,1.0,0.2,0.3103448275862069,1,1,1,0.631898442699913,1,H
0.3333333333333333,0.05194805194805195,0.0,0.4,0.0,0.6,0.0,0.06896551724137931,0,0,0,0.5270705593682455,0,H
0.0,0.16883116883116883,0.0,0.6,1.0,0.8,0.0,0.06896551724137931,0,0,0,0.6021732814754679,0,H
0.0,0.3246753246753247,0.0,0.8,1.0,0.8,0.0,0.13793103448275862,0,0,0,0.6052083163924383,0,H
0.0,0.6623376623376623,0.0,1.0,0.0,1.0,0.0,0.034482758620689655,1,0,0,0.6237529134795685,1,H
0.0,0.07792207792207792,0.0,0.6,1.0,0.8,0.0,0.3103448275862069,1,0,1,0.5067535249964569,1,H
0.0,0.5194805194805194,0.0,0.6,1.0,1.0,0.0,0.13793103448275862,1,0,1,0.723564665439562,0,M
0.3333333333333333,0.09090909090909091,0.0,0.6,1.0,1.0,0.0,0.8275862068965517,1,1,1,0.5634412383182676,1,H
0.0,0.012987012987012988,0.0,0.6,0.0,0.8,0.0,0.0,1,0,1,0.7563055608367604,0,M
0.0,0.4805194805194805,0.0,0.8,1.0,0.6,0.0,0.0,0,0,0,0.7050162593339497,0,H
0.0,0.4935064935064935,0.0,0.6,1.0,1.0,0.0,0.10344827586206896,0,0,0,0.7763966128227128,0,H
0.0,0.22077922077922077,0.0,0.4,0.0,1.0,0.0,0.0,0,0,0,0.6589157269696457,0,H
0.0,0.4935064935064935,0.0,0.6,1.0,1.0,0.0,0.6896551724137931,1,0,1,0.595979385143248,1,H
0.0,0.2077922077922078,0.0,0.6,1.0,0.8,0.0,0.06896551724137931,1,0,1,0.6055494022133643,1,H
0.0,0.0,0.0,0.2,1.0,0.4,0.0,0.0,1,0,1,0.6730232328803735,1,H
0.0,0.012987012987012988,0.25,0.6,0.0,1.0,0.0,0.034482758620689655,0,1,0,0.5207060937846928,0,H
0.0,0.24675324675324675,0.0,0.2,1.0,0.8,0.0,0.0,1,0,1,0.5980442912736156,1,H
0.0,0.6233766233766234,0.0,0.6,1.0,0.8,0.0,0.0,0,0,1,0.7598527161003679,0,H
0.0,0.11688311688311688,0.0,0.6,1.0,0.6,0.2,0.10344827586206896,1,0,1,0.5110064671381254,1,H
0.0,0.4025974025974026,0.0,0.6,1.0,0.4,0.0,0.0,1,0,1,0.7819821772932409,0,M
0.0,0.38961038961038963,0.0,0.6,1.0,1.0,0.0,0.0,0,0,0,0.6061499012118313,0,H
0.0,0.11688311688311688,0.0,0.6,0.0,0.8,0.0,0.0,0,0,0,0.7376544722634164,0,H
0.0,0.36363636363636365,0.0,0.6,1.0,1.0,0.0,0.1724137931034483,0,0,0,0.6126579860238575,0,H
0.0,0.07792207792207792,0.0,0.6,1.0,1.0,0.0,0.1724137931034483,1,1,1,0.5448348106408404,1,H
0.0,0.05194805194805195,0.0,0.6,1.0,1.0,0.2,0.06896551724137931,1,1,1,0.685025171592243,1,H
0.0,0.2597402597402597,0.0,0.4,1.0,0.4,0.0,0.0,1,0,1,0.7195653599335665,1,H
0.0,0.35064935064935066,0.0,0.4,0.0,0.8,0.0,0.0,0,0,0,0.670993198926019,0,H
0.0,0.19480519480519481,0.0,0.4,1.0,1.0,0.0,0.1724137931034483,0,1,0,0.5548768117525579,0,H
0.0,0.1038961038961039,0.0,0.0,1.0,1.0,0.0,0.5172413793103449,0,1,0,0.5850803006154082,1,H
0.0,0.4935064935064935,0.0,0.2,1.0,1.0,0.0,0.9310344827586207,0,0,0,0.5646494777432289,1,H
0.0,0.16883116883116883,0.25,0.8,1.0,0.8,0.0,0.27586206896551724,1,0,1,0.5101427519312004,1,H
0.0,0.2077922077922078,0.0,0.6,1.0,1.0,0.2,0.0,1,1,0,0.6303579674751122,1,H
0.0,0.012987012987012988,0.0,0.6,1.0,0.8,0.0,0.0,1,0,0,0.5699387924516552,1,H
0.0,0.18181818181818182,0.0,0.4,0.0,0.6,0.0,0.0,0,0,0,0.6121974443647181,0,H
0.0,0.3246753246753247,0.0,0.4,1.0,0.6,0.0,0.0,1,0,1,0.6677988248798177,1,H
0.0,0.16883116883116883,0.0,0.4,0.0,0.8,0.0,0.034482758620689655,1,0,1,0.7134700163635135,1,H
0.0,0.4675324675324675,0.0,0.4,1.0,1.0,0.0,0.034482758620689655,0,0,0,0.7238084338342693,0,H
0.0,0.5714285714285714,0.0,0.6,1.0,0.6,0.0,0.034482758620689655,0,0,0,0.6960978225489185,0,H
0.0,0.09090909090909091,0.0,0.6,1.0,1.0,0.2,0.1724137931034483,1,1,1,0.7135584741079897,1,H
0.0,0.1038961038961039,0.0,0.4,1.0,0.4,0.4,0.06896551724137931,0,0,0,0.5493437782073853,0,H
0.0,0.15584415584415584,0.0,0.8,1.0,0.8,0.0,0.3793103448275862,1,1,1,0.5607649662008615,1,H
0.0,0.07792207792207792,0.0,0.8,1.0,0.0,0.0,0.2413793103448276,1,0,1,0.6073103224447911,1,H
0.0,0.06493506493506493,0.0,0.6,1.0,0.8,0.0,0.06896551724137931,0,0,0,0.5769674995511624,0,H
0.3333333333333333,0.09090909090909091,0.25,0.6,1.0,1.0,0.0,0.6206896551724138,1,1,1,0.782219654948072,1,H
0.3333333333333333,0.14285714285714285,0.0,0.6,1.0,1.0,0.0,0.2413793103448276,1,1,1,0.5607504800694469,1,H
0.0,0.2857142857142857,0.0,0.2,1.0,0.8,0.0,0.0,1,0,0,0.5394680917539827,1,H
0.0,0.5064935064935064,0.0,0.6,1.0,0.8,0.0,0.2413793103448276,1,0,1,0.7545513269697453,0,M
0.0,0.22077922077922077,0.0,0.8,1.0,1.0,0.0,0.3103448275862069,1,1,1,0.5624968938037311,1,H
0.0,0.23376623376623376,0.0,0.4,1.0,0.4,0.0,0.20689655172413793,0,1,0,0.5405561181376597,0,H
0.0,0.14285714285714285,0.0,0.6,0.0,0.8,0.2,0.034482758620689655,0,0,0,0.5800047187009181,0,H
0.0,0.23376623376623376,0.0,1.0,1.0,0.6,0.0,0.034482758620689655,0,0,0,0.6830340784626057,0,H
0.6666666666666666,0.19480519480519481,0.0,0.6,1.0,1.0,0.2,0.6551724137931034,1,1,1,0.6870088398943026,1,H
0.0,0.22077922077922077,0.75,0.6,1.0,1.0,0.0,0.5517241379310345,1,1,1,0.6621262225774799,1,H
0.0,0.2987012987012987,0.0,0.2,0.0,0.8,0.0,0.0,0,0,0,0.5954398136490099,0,H
0.3333333333333333,0.07792207792207792,0.0,0.8,1.0,0.8,0.0,0.3103448275862069,1,1,1,0.5826711856944805,1,H
0.0,0.38961038961038963,0.0,0.6,1.0,0.8,0.0,0.034482758620689655,0,0,0,0.6993773729383597,0,H
0.0,0.12987012987012986,0.0,0.6,1.0,0.8,0.0,0.034482758620689655,0,0,1,0.6458895910877474,0,H
0.0,0.11688311688311688,0.0,0.2,1.0,0.8,0.0,0.20689655172413793,1,1,1,0.5810687545245625,1,H
0.0,0.2597402597402597,0.0,0.6,1.0,1.0,0.0,0.7241379310344828,1,0,1,0.5676396960560661,1,H
0.3333333333333333,0.07792207792207792,0.0,0.6,1.0,0.6,0.2,0.06896551724137931,1,0,1,0.6530842421857656,1,H
0.0,0.025974025974025976,0.0,0.6,1.0,0.6,0.0,0.034482758620689655,1,0,1,0.6342997716159986,1,H
0.0,0.23376623376623376,0.0,0.2,0.0,0.8,0.0,0.034482758620689655,0,0,0,0.5975751730826795,0,H
0.0,0.4025974025974026,0.0,0.6,1.0,1.0,0.0,0.13793103448275862,1,0,1,0.792136824521558,0,M
0.0,0.19480519480519481,0.0,0.8,1.0,1.0,0.0,0.0,0,0,0,0.5621141629792401,0,H
0.0,0.2987012987012987,0.0,0.8,0.0,1.0,0.0,0.0,0,0,0,0.6310633438622242,0,H
0.3333333333333333,0.06493506493506493,0.0,0.4,0.0,0.8,0.0,0.10344827586206896,1,0,1,0.5256229121839736,1,H
0.0,0.2727272727272727,0.0,0.4,1.0,0.4,0.0,0.0,0,0,0,0.6613833486616596,0,H
0.0,0.2077922077922078,0.0,0.4,1.0,0.8,0.0,0.10344827586206896,1,0,1,0.5857716851717786,1,H
0.0,0.07792207792207792,0.0,0.6,1.0,0.8,0.0,0.10344827586206896,0,1,0,0.5346942255419274,0,H
0.0,0.3116883116883117,0.0,0.4,1.0,1.0,0.0,0.0,0,0,0,0.7047429546814372,0,H
0.0,0.025974025974025976,0.0,0.8,0.0,1.0,0.0,0.0,0,0,0,0.6300529774904099,0,H
0.0,0.42857142857142855,0.0,0.6,0.0,1.0,0.0,0.0,0,0,0,0.8023336635668831,0,H
0.0,0.11688311688311688,0.0,0.6,1.0,0.6,0.0,0.1724137931034483,0,1,0,0.6707960374646905,0,H
0.0,0.7402597402597403,0.0,0.6,1.0,1.0,0.0,0.0,0,0,0,0.7700743413570131,0,H
0.0,0.03896103896103896,0.25,0.6,1.0,1.0,0.0,0.10344827586206896,0,1,0,0.6597754886380858,0,H
0.0,0.19480519480519481,0.0,0.4,0.0,0.6,0.0,0.034482758620689655,0,0,0,0.6880483836308734,0,H
0.0,0.12987012987012986,0.0,0.6,0.0,0.8,0.0,0.0,0,0,0,0.7453871689177531,0,H
0.0,0.03896103896103896,0.0,0.8,1.0,1.0,0.0,0.10344827586206896,1,0,1,0.606821228316614,1,H
0.0,0.2077922077922078,0.0,0.6,1.0,1.0,0.0,0.13793103448275862,0,0,0,0.5732928721669087,0,H
0.0,0.06493506493506493,0.0,0.6,1.0,0.8,0.0,0.1724137931034483,1,0,1,0.5110076544264461,1,H
0.0,0.36363636363636365,0.25,0.6,1.0,1.0,0.0,0.3448275862068966,0,1,0,0.6885740932078211,1,H
0.0,0.16883116883116883,0.0,0.8,1.0,1.0,0.0,0.0,1,0,0,0.6678327793712533,1,H
0.0,0.2727272727272727,0.0,0.6,1.0,0.8,0.0,0.0,0,0,0,0.6307137959320053,0,H
0.0,0.2597402597402597,0.0,0.6,1.0,0.8,0.0,0.10344827586206896,0,0,0,0.6799083426243094,0,H
0.0,0.6233766233766234,0.0,0.2,1.0,1.0,0.0,0.13793103448275862,1,0,1,0.7318772274388536,0,M
0.0,0.35064935064935066,0.0,0.4,1.0,0.8,0.2,0.06896551724137931,1,0,1,0.546526881776791,1,H
0.0,0.16883116883116883,0.0,0.6,1.0,1.0,0.0,0.2413793103448276,0,1,0,0.5078815590338126,0,H
0.0,0.19480519480519481,0.0,0.8,1.0,1.0,0.0,0.4827586206896552,0,1,0,0.618520264070563,0,H
0.0,0.5454545454545454,0.0,0.6,1.0,1.0,0.0,0.06896551724137931,0,0,0,0.7742883442577522,0,H
0.0,0.2987012987012987,0.0,0.4,1.0,1.0,0.0,0.034482758620689655,0,0,1,0.6891735988821441,0,H
0.0,0.2857142857142857,0.0,0.6,1.0,0.6,0.0,0.3103448275862069,0,1,0,0.5560686536221942,0,H
0.0,0.07792207792207792,0.0,0.2,1.0,0.8,0.0,0.0,1,0,1,0.6122137283714985,1,H
0.0,0.35064935064935066,0.0,0.6,0.0,1.0,0.0,0.13793103448275862,0,0,0,0.6564277651425147,0,H
0.6666666666666666,0.14285714285714285,0.0,0.6,1.0,1.0,0.0,0.10344827586206896,0,1,0,0.5843746841588427,0,H
0.0,0.05194805194805195,0.0,0.6,1.0,1.0,0.0,0.13793103448275862,0,0,0,0.557010891651681,0,H
0.0,0.35064935064935066,0.0,0.6,1.0,0.8,0.0,0.1724137931034483,1,0,1,0.661740446217886,1,H
0.0,0.4935064935064935,0.0,0.6,1.0,1.0,0.0,0.0,1,0,1,0.7905552309731759,1,H
0.0,0.06493506493506493,0.0,0.6,1.0,0.6,0.0,0.0,1,0,1,0.5926830471378853,1,H
0.0,0.15584415584415584,0.0,0.6,1.0,1.0,0.0,0.27586206896551724,1,0,1,0.5078040096162492,1,H
0.0,0.24675324675324675,0.0,0.6,1.0,1.0,0.0,0.4482758620689655,1,0,0,0.5299169488947602,1,H
0.6666666666666666,0.06493506493506493,0.0,0.4,0.0,0.8,0.0,0.2413793103448276,0,1,0,0.5623980356422086,0,H
0.0,0.18181818181818182,0.0,0.4,1.0,0.8,0.0,0.3448275862068966,0,1,0,0.5945801078789145,0,H
0.0,0.23376623376623376,0.0,0.6,1.0,0.6,0.0,0.10344827586206896,1,0,1,0.6133795886555687,1,H
0.0,0.025974025974025976,0.0,0.2,1.0,1.0,0.0,0.034482758620689655,0,0,0,0.5478654244074569,0,H
0.3333333333333333,0.15584415584415584,0.0,0.4,1.0,0.6,0.0,0.034482758620689655,0,0,0,0.5902860999943892,0,H
0.0,0.06493506493506493,0.0,0.6,1.0,0.8,0.4,0.10344827586206896,1,1,1,0.5136706093736648,1,H
0.0,0.2597402597402597,0.0,0.6,1.0,1.0,0.0,0.034482758620689655,0,0,0,0.666357973980972,0,H
0.0,0.11688311688311688,0.0,0.4,1.0,0.8,0.0,0.0,1,0,1,0.6396790481138326,1,H
0.0,0.23376623376623376,0.0,0.2,1.0,0.4,0.0,0.0,0,0,0,0.5818922297495448,0,H
0.0,0.5454545454545454,0.0,0.6,0.0,0.8,0.0,0.0,0,0,0,0.7585387847715866,0,H
0.0,0.18181818181818182,0.0,0.6,1.0,0.4,0.0,0.06896551724137931,1,0,1,0.653891734494329,1,H
0.0,0.4155844155844156,0.0,0.6,0.0,0.8,0.0,0.0,0,0,0,0.7572757828757911,0,H
0.0,0.4025974025974026,0.0,0.6,1.0,0.2,0.0,0.1724137931034483,1,0,1,0.7017964872967157,1,H
0.3333333333333333,0.03896103896103896,0.0,0.6,1.0,0.8,0.0,0.034482758620689655,1,0,1,0.5456877681546086,1,H
0.0,0.3116883116883117,0.0,0.6,0.0,1.0,0.0,0.06896551724137931,0,0,1,0.6342956427067665,0,H
0.0,0.09090909090909091,0.0,0.4,1.0,0.8,0.0,0.034482758620689655,0,0,0,0.56625068516382,0,H
0.0,0.15584415584415584,0.0,0.6,1.0,0.8,0.0,0.10344827586206896,1,0,1,0.5727619290214017,1,H
0.0,0.42857142857142855,0.0,0.6,0.0,1.0,0.0,0.034482758620689655,0,0,0,0.7002538704654032,0,H
0.0,0.07792207792207792,0.0,0.4,1.0,0.6,0.0,0.06896551724137931,1,0,1,0.5654405105250473,1,H
0.0,0.22077922077922077,0.0,0.6,1.0,0.8,0.0,0.20689655172413793,0,0,0,0.5473240547073515,0,H
0.0,0.11688311688311688,0.0,0.6,1.0,1.0,0.0,0.13793103448275862,1,0,1,0.6374317349578127,1,H
0.0,0.09090909090909091,0.0,0.6,1.0,1.0,0.0,0.06896551724137931,0,0,0,0.5919444533652575,0,H
0.0,0.11688311688311688,0.0,0.6,1.0,1.0,0.0,0.034482758620689655,0,0,0,0.7123904831986249,0,H
0.0,0.14285714285714285,0.0,0.6,1.0,1.0,0.2,0.10344827586206896,0,1,0,0.6642441816482099,0,H
0.0,0.16883116883116883,0.0,0.4,1.0,0.8,0.0,0.06896551724137931,0,0,0,0.5990980681323084,0,H
0.0,0.36363636363636365,0.0,0.6,1.0,1.0,0.0,0.3103448275862069,1,0,1,0.6232295130606199,1,H
0.0,0.15584415584415584,0.0,0.2,0.0,0.8,0.0,0.0,0,0,0,0.7390132554397661,0,H
0.0,0.06493506493506493,0.0,0.8,1.0,1.0,0.0,0.13793103448275862,1,1,1,0.5218102345106185,1,H
0.0,0.07792207792207792,0.0,0.6,1.0,0.8,0.2,0.06896551724137931,0,1,0,0.6138483963872265,0,H
0.0,0.4025974025974026,0.0,0.8,1.0,0.8,0.0,0.034482758620689655,0,0,0,0.6903504292530224,0,H
0.0,0.0,0.0,0.4,1.0,0.8,0.0,0.0,0,0,0,0.6337288405630589,0,H
0.0,0.19480519480519481,0.0,0.6,1.0,1.0,0.0,0.5517241379310345,1,0,1,0.5169272764108571,1,H
0.0,0.11688311688311688,0.0,0.6,1.0,0.6,0.0,0.10344827586206896,1,1,1,0.5913664963827143,1,H
0.0,0.5064935064935064,0.0,0.4,1.0,0.8,0.0,0.27586206896551724,0,0,0,0.6413868530622074,0,H
0.0,0.5454545454545454,0.0,0.6,1.0,0.6,0.0,0.06896551724137931,1,0,1,0.6326949269647909,1,H
0.0,0.16883116883116883,0.0,0.6,1.0,0.8,0.0,0.034482758620689655,0,0,0,0.6657633041373355,0,H
0.0,0.12987012987012986,0.0,0.4,1.0,0.8,0.0,0.13793103448275862,1,0,1,0.5831504852162578,1,H
0.0,0.2857142857142857,1.0,0.6,1.0,0.8,0.0,0.5517241379310345,0,1,0,0.6602062995586886,0,H
0.0,0.07792207792207792,0.0,0.8,1.0,0.8,0.0,0.13793103448275862,0,1,0,0.5313488605783141,0,H
0.0,0.2077922077922078,0.0,0.2,0.0,1.0,0.0,0.034482758620689655,0,0,0,0.744524147211419,0,H
0.0,0.3116883116883117,0.0,0.6,1.0,0.8,0.0,0.27586206896551724,0,0,0,0.5582408784957456,0,H
0.0,0.38961038961038963,0.0,0.4,1.0,0.6,0.0,0.0,0,0,0,0.6686515591076664,0,H
0.0,0.2727272727272727,0.0,0.6,1.0,0.6,0.0,0.06896551724137931,0,0,0,0.5164165781361068,0,H
0.0,0.11688311688311688,0.0,1.0,0.0,1.0,0.0,0.0,0,0,0,0.6352587777686839,0,H
0.0,0.24675324675324675,0.0,0.6,0.0,0.8,0.0,0.1724137931034483,0,0,0,0.6497624633288853,0,H
0.3333333333333333,0.16883116883116883,0.0,0.6,1.0,1.0,0.6,0.2413793103448276,1,1,1,0.6566780385781049,1,H
0.0,0.4155844155844156,0.0,0.6,1.0,0.8,0.0,0.20689655172413793,1,0,1,0.7380314032523586,1,H
0.3333333333333333,0.12987012987012986,0.0,0.6,0.0,1.0,0.0,0.2413793103448276,1,1,1,0.5608653299414206,1,H
0.0,0.35064935064935066,0.0,0.4,1.0,1.0,0.0,0.0,0,0,0,0.7436734169770985,0,H
0.0,0.5844155844155844,0.0,0.6,1.0,1.0,0.0,0.0,0,0,0,0.8106510289057036,0,H
0.0,0.1038961038961039,0.0,0.6,1.0,0.8,0.0,0.2413793103448276,0,0,0,0.5935685196909305,0,H
0.0,0.38961038961038963,0.0,0.6,1.0,0.8,0.0,0.27586206896551724,0,0,0,0.5904549301670544,0,H
0.0,0.06493506493506493,0.0,0.6,1.0,0.8,0.4,0.20689655172413793,0,1,0,0.7075943559077305,1,H
0.0,0.24675324675324675,0.0,0.4,0.0,0.8,0.0,0.4827586206896552,0,1,0,0.5325438778989507,0,H
0.0,0.05194805194805195,0.0,0.6,0.0,0.6,0.0,0.0,1,0,1,0.6995224911099792,1,H
0.0,0.05194805194805195,0.0,0.6,1.0,0.8,0.2,0.10344827586206896,0,0,0,0.5023167164122525,0,H
0.0,0.09090909090909091,0.0,0.6,1.0,1.0,0.0,0.6896551724137931,1,1,1,0.545348141915363,1,H
0.0,0.15584415584415584,0.0,0.4,1.0,0.6,0.2,0.06896551724137931,0,0,0,0.5070833376232141,0,H
0.0,0.2987012987012987,0.0,0.6,1.0,1.0,0.0,0.034482758620689655,0,0,0,0.6795573632097003,0,H
0.0,0.14285714285714285,0.0,0.4,1.0,0.6,0.0,0.034482758620689655,0,0,0,0.5855129028375082,0,H
0.0,0.09090909090909091,0.0,0.8,1.0,1.0,0.0,0.5172413793103449,0,1,0,0.6841200074119713,0,H
0.0,0.36363636363636365,0.0,0.6,1.0,0.4,0.0,0.13793103448275862,0,0,0,0.5158060934967258,0,H
0.0,0.06493506493506493,0.0,0.4,0.0,1.0,0.0,0.0,1,0,1,0.824608215593033,0,M
0.0,0.12987012987012986,0.0,0.4,1.0,0.8,0.0,0.2413793103448276,0,0,1,0.6447574529906244,0,H
0.0,0.2857142857142857,0.0,0.6,1.0,0.8,0.0,0.3793103448275862,1,0,1,0.5989040973614318,1,H
0.0,0.16883116883116883,0.0,0.4,1.0,0.8,0.0,0.034482758620689655,0,0,0,0.7096843646107417,0,H
0.0,0.012987012987012988,0.0,0.8,1.0,1.0,0.8,0.0,0,1,0,0.6856641466401844,1,H
0.0,0.24675324675324675,0.0,0.6,1.0,1.0,0.0,0.034482758620689655,1,0,1,0.6972376392948773,1,H
0.0,0.06493506493506493,0.2,0.6,1.0,1.0,0.0,0.06896551724137931,0,1,0,0.5691329485663921,1,H
0.0,0.14285714285714285,0.0,0.4,1.0,0.8,0.0,0.10344827586206896,1,0,0,0.6341447952355053,1,H
0.0,0.09090909090909091,0.0,0.4,1.0,1.0,0.0,0.4482758620689655,1,0,1,0.54366935277907,1,H
0.0,0.11688311688311688,0.0,0.6,1.0,0.8,0.0,0.4827586206896552,0,0,0,0.5731034650152617,0,H
0.0,0.4155844155844156,0.0,0.6,1.0,1.0,0.0,0.06896551724137931,0,0,0,0.7634010694889223,0,H
0.0,0.16883116883116883,0.0,0.6,1.0,0.8,0.0,0.3793103448275862,0,0,0,0.5526983557188921,0,H
0.0,0.0,0.0,0.2,0.0,1.0,0.0,0.0,0,0,0,0.8099386881619288,0,H
0.0,0.1038961038961039,0.0,0.6,0.0,1.0,0.0,0.10344827586206896,0,0,1,0.6557599057214754,0,H
0.0,0.33766233766233766,0.0,0.6,1.0,0.8,0.0,0.0,1,0,1,0.7026800549636987,1,H
0.0,0.09090909090909091,0.0,0.8,1.0,1.0,0.0,0.13793103448275862,1,1,1,0.530186067080838,1,H
0.0,0.11688311688311688,0.0,0.2,0.0,0.8,0.0,0.034482758620689655,0,0,0,0.7340858544531719,0,H
0.0,0.45454545454545453,0.0,0.4,1.0,1.0,0.0,0.06896551724137931,0,0,0,0.813831963831778,0,H
0.0,0.5974025974025974,0.0,0.4,1.0,0.4,0.0,0.0,0,0,0,0.7036664194815617,0,H
0.0,0.36363636363636365,0.0,0.6,1.0,0.6,0.0,0.0,0,0,0,0.7710180650240465,0,H
0.0,0.2077922077922078,0.0,0.4,1.0,1.0,0.0,0.0,0,0,0,0.6838415108675239,0,H
0.0,0.23376623376623376,0.0,0.4,1.0,0.6,0.0,0.10344827586206896,1,1,1,0.5389794584738283,1,H
0.0,0.2987012987012987,0.0,0.6,0.0,1.0,0.0,0.10344827586206896,0,0,0,0.7818692206570305,0,H
0.0,0.4935064935064935,0.0,0.8,1.0,0.4,0.0,0.0,0,0,0,0.8275407699403521,0,H
0.0,0.19480519480519481,0.0,0.6,1.0,1.0,0.0,0.20689655172413793,1,0,1,0.5908733420872102,1,H
0.0,0.11688311688311688,0.0,0.8,1.0,1.0,0.0,0.5172413793103449,0,1,0,0.5717137475832812,0,H
0.0,0.35064935064935066,0.0,0.6,1.0,1.0,0.0,0.06896551724137931,1,0,1,0.7472280188455125,0,M
0.0,0.37662337662337664,0.0,0.6,1.0,0.8,0.0,0.034482758620689655,0,0,0,0.7714000526854875,0,H
0.0,0.4675324675324675,0.0,0.6,1.0,1.0,0.0,0.3103448275862069,0,0,0,0.5927912535033206,1,H
0.0,0.025974025974025976,0.0,0.6,0.0,1.0,0.0,0.0,0,0,0,0.7247919866095783,0,H
0.0,0.4155844155844156,0.0,0.2,1.0,1.0,0.0,0.27586206896551724,1,0,1,0.6475666152143719,1,H
0.0,0.37662337662337664,0.0,0.6,0.0,1.0,0.0,0.13793103448275862,0,0,0,0.7835901466251664,0,H
0.0,0.23376623376623376,0.0,0.4,0.0,0.4,0.0,0.0,1,0,1,0.7250695797409789,1,H
0.0,0.44155844155844154,0.0,0.6,1.0,1.0,0.0,0.6896551724137931,0,0,0,0.6312097406464708,1,H
0.0,0.06493506493506493,0.0,0.6,1.0,0.6,0.0,0.06896551724137931,1,0,1,0.6440718393606444,1,H
0.0,0.0,0.0,0.6,1.0,0.6,0.0,0.0,0,0,0,0.6138054930962902,0,H
0.3333333333333333,0.012987012987012988,0.0,0.6,1.0,1.0,0.0,0.034482758620689655,0,1,0,0.5807904551210294,0,H
0.0,0.42857142857142855,0.0,0.2,0.0,0.8,0.0,0.10344827586206896,0,0,0,0.7754596184065237,0,H
0.0,0.2077922077922078,0.0,0.2,1.0,1.0,0.0,0.13793103448275862,0,0,0,0.5225393490696819,0,H
0.0,0.09090909090909091,0.0,0.2,0.0,1.0,0.0,0.0,0,0,0,0.8303724753192328,0,H
0.0,0.15584415584415584,0.0,0.6,0.0,1.0,0.0,0.0,0,0,0,0.7611382093173004,0,H
0.0,0.14285714285714285,0.0,0.8,1.0,0.6,0.0,0.0,0,0,0,0.7648418041094626,0,H
0.0,0.16883116883116883,0.0,0.6,1.0,1.0,0.0,0.06896551724137931,0,0,0,0.627039451296529,0,H
0.0,0.6363636363636364,0.0,0.4,1.0,0.6,0.0,0.0,0,0,0,0.8002510456690445,0,H
0.0,0.23376623376623376,0.6,0.6,1.0,1.0,0.0,0.5862068965517241,0,1,0,0.6448472948079725,0,H
0.0,0.4675324675324675,0.0,0.6,1.0,1.0,0.0,0.1724137931034483,1,0,1,0.7633353893640087,0,M
0.0,0.15584415584415584,0.0,0.6,1.0,1.0,0.0,0.3103448275862069,0,1,0,0.5007145454086085,0,H
0.0,0.5844155844155844,0.0,0.4,1.0,0.6,0.0,0.0,0,0,0,0.8154238790668756,0,H
0.0,0.11688311688311688,0.0,0.8,1.0,1.0,0.0,0.06896551724137931,1,0,1,0.5430705357892304,1,H
0.3333333333333333,0.012987012987012988,0.0,0.6,1.0,0.0,0.0,0.034482758620689655,0,0,1,0.5379955239247798,0,H
0.3333333333333333,0.19480519480519481,0.0,0.8,1.0,1.0,0.0,0.3448275862068966,1,1,1,0.6437510602660877,1,H
0.0,0.012987012987012988,0.0,0.6,1.0,0.4,0.0,0.0,1,0,0,0.6080653856126406,1,H
0.0,0.4805194805194805,0.0,0.6,1.0,1.0,0.0,0.0,0,0,0,0.7734998846833873,0,H
0.3333333333333333,0.05194805194805195,0.0,0.6,1.0,0.6,0.0,0.06896551724137931,0,0,0,0.5805496171131923,0,H
0.0,0.1038961038961039,0.0,0.4,1.0,1.0,0.0,0.13793103448275862,0,0,0,0.5707464780077453,0,H
0.0,0.09090909090909091,0.0,0.6,1.0,1.0,0.0,0.27586206896551724,1,0,1,0.5511179846399703,1,H
0.0,0.5194805194805194,0.0,0.8,1.0,1.0,0.0,0.27586206896551724,1,0,1,0.642685885040285,1,H
0.0,0.4675324675324675,0.0,0.6,1.0,0.8,0.0,0.034482758620689655,0,0,0,0.8335908484595722,0,H
0.0,0.2597402597402597,0.0,0.6,1.0,0.8,0.0,0.034482758620689655,0,0,0,0.6798184523502319,0,H
0.0,0.1038961038961039,0.0,0.2,1.0,0.8,0.0,0.034482758620689655,1,0,1,0.6853329158735713,1,H
0.0,0.38961038961038963,0.0,0.6,0.0,0.8,0.0,0.10344827586206896,0,0,0,0.8011798446800202,0,H
0.0,0.18181818181818182,0.0,0.6,1.0,0.8,0.0,0.2413793103448276,1,0,1,0.6267141982110133,1,H
0.0,0.2597402597402597,0.0,0.8,0.0,1.0,0.0,0.06896551724137931,0,0,0,0.7644855138137762,0,H
0.0,0.2987012987012987,0.0,0.4,1.0,0.8,0.0,0.0,1,0,0,0.6853015273310967,1,H
0.0,0.5454545454545454,0.0,0.4,1.0,1.0,0.0,0.06896551724137931,0,0,0,0.8308189027806538,0,H
0.0,0.05194805194805195,0.0,0.6,1.0,1.0,0.4,0.10344827586206896,1,1,1,0.5885323302833994,1,H
0.0,0.11688311688311688,0.0,0.6,1.0,1.0,0.0,0.6896551724137931,1,1,1,0.5015300297711708,1,H
0.0,0.37662337662337664,0.0,0.4,1.0,1.0,0.0,0.034482758620689655,0,0,0,0.8107616547175399,0,H
0.0,0.3116883116883117,0.0,0.6,1.0,1.0,0.0,0.7241379310344828,0,0,0,0.5732257726965533,1,H
0.0,0.07792207792207792,0.0,0.2,1.0,1.0,0.4,0.20689655172413793,0,1,1,0.5259057307011447,1,H
0.0,0.19480519480519481,0.0,0.8,1.0,0.6,0.0,0.034482758620689655,0,0,0,0.768983784423931,0,H
0.0,0.09090909090909091,0.0,0.4,1.0,0.4,0.0,0.034482758620689655,0,0,0,0.6096951114890218,0,H
0.0,0.11688311688311688,0.0,0.8,0.0,1.0,0.0,0.034482758620689655,0,0,0,0.7460749159651329,0,H
0.0,0.09090909090909091,0.0,0.4,0.0,1.0,0.0,0.06896551724137931,1,0,1,0.809581236034252,0,M
0.0,0.18181818181818182,0.0,0.6,1.0,0.8,0.0,0.0,0,0,0,0.6878147719610153,0,H
0.3333333333333333,0.05194805194805195,0.0,0.2,1.0,1.0,0.4,0.034482758620689655,1,1,1,0.6182818071569831,1,H
0.0,0.09090909090909091,0.0,0.4,1.0,0.8,0.0,0.0,1,0,1,0.6889242144126382,1,H
0.0,0.05194805194805195,0.0,0.2,1.0,0.8,0.0,0.0,0,0,0,0.6691964760531846,0,H
0.0,0.03896103896103896,0.0,0.8,1.0,1.0,0.0,0.06896551724137931,0,0,0,0.5522151245109933,0,H
0.0,0.012987012987012988,0.2,0.8,1.0,0.8,0.0,0.034482758620689655,1,1,1,0.5471513587376579,1,H
0.0,0.18181818181818182,0.0,0.4,0.0,0.8,0.0,0.034482758620689655,1,0,1,0.79055539674435,0,M
0.0,0.03896103896103896,0.0,0.8,1.0,0.6,0.0,0.034482758620689655,0,0,0,0.750452417261709,0,H
0.0,0.2077922077922078,0.0,0.6,1.0,1.0,0.0,0.3793103448275862,0,0,0,0.558880758308959,0,H
0.0,0.14285714285714285,0.0,0.4,1.0,1.0,0.0,0.1724137931034483,0,0,0,0.6470077387749028,0,H
0.0,0.09090909090909091,0.0,0.8,0.0,1.0,0.0,0.034482758620689655,1,0,1,0.7512064533219462,0,M
0.0,0.16883116883116883,0.0,0.8,1.0,1.0,0.8,0.3103448275862069,0,1,0,0.6906654031548709,1,H
0.0,0.07792207792207792,0.0,0.6,1.0,1.0,0.0,0.06896551724137931,1,0,1,0.6705236954129862,1,H
0.0,0.19480519480519481,0.0,0.2,1.0,0.8,0.0,0.1724137931034483,1,0,1,0.5346128282101957,1,H
0.0,0.05194805194805195,0.0,0.4,0.0,1.0,0.0,0.0,0,0,0,0.8732732120080714,0,H
0.0,0.14285714285714285,0.0,0.6,1.0,1.0,0.0,0.27586206896551724,0,0,0,0.5341293223867885,0,H
0.0,0.5324675324675324,0.0,0.4,1.0,0.6,0.0,0.0,0,0,0,0.7921445829826779,0,H
0.0,0.35064935064935066,0.0,0.6,1.0,1.0,0.2,0.5172413793103449,1,0,1,0.501196686583793,1,H
0.0,0.2727272727272727,0.0,0.4,1.0,0.8,0.0,0.10344827586206896,0,0,0,0.6276464661722504,0,H
0.0,0.5324675324675324,0.0,0.6,1.0,0.6,0.0,0.034482758620689655,0,0,0,0.7935285356636383,0,H
0.0,0.2727272727272727,0.0,0.6,1.0,0.8,0.0,0.2413793103448276,0,0,0,0.6616892130306533,0,H
0.0,0.5454545454545454,0.0,0.4,1.0,0.2,0.0,0.034482758620689655,0,0,0,0.785795042569062,0,H
0.0,0.012987012987012988,0.0,0.4,1.0,1.0,0.0,0.034482758620689655,0,0,1,0.7616046333928191,0,H
0.0,0.19480519480519481,0.0,0.4,1.0,0.4,0.0,0.10344827586206896,0,1,0,0.5712838518625691,0,H
0.0,0.05194805194805195,0.2,0.8,1.0,1.0,0.0,0.06896551724137931,0,1,0,0.6780133529789064,1,H
0.0,0.07792207792207792,0.0,0.8,1.0,1.0,0.0,0.034482758620689655,1,0,1,0.6651070789921784,1,H
0.0,0.07792207792207792,0.0,0.4,1.0,0.8,0.2,0.1724137931034483,1,0,1,0.5726725791447324,1,H
0.0,0.14285714285714285,0.0,0.4,0.0,1.0,0.0,0.2413793103448276,1,0,1,0.5393015737352794,1,H
0.3333333333333333,0.012987012987012988,0.2,0.6,1.0,1.0,0.2,0.06896551724137931,1,1,1,0.6699080830876102,1,H
0.0,0.1038961038961039,0.0,0.4,1.0,0.8,0.0,0.034482758620689655,0,0,0,0.6760793763972814,0,H
0.0,0.19480519480519481,0.0,0.6,0.0,1.0,0.0,0.034482758620689655,0,0,0,0.8354880559417169,0,H
0.0,0.025974025974025976,0.0,0.4,1.0,0.8,0.0,0.10344827586206896,0,0,0,0.6256793285291143,0,H
0.0,0.24675324675324675,0.4,0.6,1.0,0.4,0.0,0.3103448275862069,1,0,0,0.5503885862114283,1,H
0.0,0.23376623376623376,0.0,0.4,1.0,0.8,0.0,0.13793103448275862,1,0,1,0.6694674807128208,1,H
0.0,0.11688311688311688,0.0,0.8,1.0,1.0,0.0,0.1724137931034483,1,0,1,0.5596378111427255,1,H
0.0,0.2727272727272727,0.0,0.4,1.0,1.0,0.0,0.034482758620689655,0,0,0,0.7152251324089645,0,H
0.0,0.24675324675324675,0.0,0.4,0.0,0.8,0.0,0.0,0,0,0,0.7263500887337762,0,H
0.0,0.06493506493506493,0.0,0.4,1.0,1.0,0.0,0.0,0,0,0,0.7362863747611025,0,H
0.0,0.14285714285714285,0.0,0.6,1.0,1.0,0.0,0.3793103448275862,1,0,1,0.5978991725277324,1,H
0.0,0.09090909090909091,0.2,0.6,1.0,0.8,0.0,0.06896551724137931,1,1,1,0.645172077442329,1,H
0.0,0.12987012987012986,0.0,0.0,1.0,1.0,0.0,0.034482758620689655,0,0,0,0.6935490380208643,0,H
0.0,0.5064935064935064,0.0,0.6,0.0,1.0,0.0,0.13793103448275862,1,0,1,0.8050944611941803,0,M
0.0,0.23376623376623376,0.2,0.2,1.0,1.0,0.2,0.41379310344827586,1,1,1,0.7129959560877712,1,H
0.0,0.35064935064935066,0.0,0.6,1.0,1.0,0.0,0.034482758620689655,0,0,0,0.7638542271542823,0,H
0.0,0.35064935064935066,0.0,0.6,1.0,1.0,0.0,0.0,1,0,1,0.7616602846065285,0,M
0.0,0.09090909090909091,0.0,0.6,0.0,0.8,0.0,0.06896551724137931,1,0,1,0.7527085687781794,0,M
0.0,0.2077922077922078,0.0,0.6,1.0,0.8,0.4,0.10344827586206896,0,1,0,0.5677575265303241,0,H
0.0,0.12987012987012986,0.0,1.0,1.0,0.6,0.0,0.0,1,0,1,0.6683416962011439,1,H
0.3333333333333333,0.14285714285714285,0.8,0.6,1.0,1.0,0.0,0.3793103448275862,0,1,0,0.6934170180665403,0,H
0.3333333333333333,0.14285714285714285,0.0,0.6,1.0,1.0,0.0,0.27586206896551724,0,1,0,0.6542063409733114,1,H
0.0,0.2727272727272727,0.0,0.6,0.0,0.8,0.0,0.13793103448275862,1,0,1,0.7380106252013955,1,H
0.0,0.35064935064935066,0.0,0.6,1.0,0.8,0.0,0.034482758620689655,0,0,0,0.7281034058857185,0,H
0.0,0.19480519480519481,0.0,0.6,1.0,1.0,0.0,0.1724137931034483,0,0,0,0.5224097418502434,0,H
0.6666666666666666,0.025974025974025976,0.0,0.8,1.0,1.0,1.0,0.27586206896551724,1,1,1,0.6764459422501203,1,H
0.0,0.44155844155844154,0.0,1.0,1.0,0.8,0.0,0.034482758620689655,0,0,0,0.7496483546503159,0,H
0.0,0.38961038961038963,0.0,0.4,0.0,1.0,0.0,0.4827586206896552,1,0,1,0.5749747428559167,1,H
0.0,0.16883116883116883,0.0,0.6,1.0,0.8,0.0,0.13793103448275862,0,0,0,0.5829134932811523,0,H
0.0,0.12987012987012986,0.0,0.8,0.0,1.0,0.0,0.0,1,0,1,0.8631142150139397,1,H
0.0,0.2857142857142857,0.0,0.8,1.0,0.8,0.0,0.034482758620689655,0,0,0,0.7141319558647917,0,H
0.0,0.18181818181818182,0.0,0.2,1.0,0.8,0.0,0.06896551724137931,0,0,0,0.6154281178493834,0,H
0.0,0.11688311688311688,0.0,0.6,1.0,1.0,0.0,0.20689655172413793,0,0,0,0.6030867106973922,0,H
0.0,0.2077922077922078,0.0,0.6,1.0,1.0,0.0,0.06896551724137931,0,0,0,0.6659070764379262,0,H
0.0,0.06493506493506493,0.0,0.6,0.0,0.4,0.0,0.0,0,0,0,0.7462003657921931,0,H
0.0,0.4805194805194805,0.0,0.4,1.0,1.0,0.0,0.5862068965517241,0,0,0,0.6339268165810562,0,H
0.0,0.5454545454545454,0.0,0.6,1.0,0.8,0.0,0.034482758620689655,1,0,1,0.8415232482417206,0,M
0.0,0.09090909090909091,0.0,0.2,1.0,0.8,0.5,0.3448275862068966,1,1,1,0.5414036469362592,1,H
0.0,0.03896103896103896,0.0,0.6,1.0,1.0,0.0,0.27586206896551724,0,0,0,0.5634540072269637,0,H
0.0,0.22077922077922077,0.0,0.6,0.0,1.0,0.0,0.2413793103448276,1,1,1,0.6147791142349344,1,H
1.0,0.07792207792207792,0.4,0.8,1.0,0.8,1.0,0.6551724137931034,0,1,0,0.7603307852494956,1,H
0.0,0.1038961038961039,0.0,0.2,1.0,0.8,0.0,0.1724137931034483,0,0,0,0.5913425570097084,0,H
0.3333333333333333,0.012987012987012988,0.0,0.6,1.0,0.8,0.0,0.13793103448275862,0,0,0,0.5372689253153096,0,H
0.0,0.07792207792207792,0.4,0.8,1.0,1.0,0.14285714285714285,0.06896551724137931,0,1,0,0.7098699355114162,1,H
0.0,0.16883116883116883,0.0,0.6,0.0,1.0,0.0,0.20689655172413793,1,1,1,0.5524014689188363,1,H
0.0,0.11688311688311688,0.0,0.6,1.0,1.0,0.0,0.8620689655172413,1,1,1,0.5775379317049335,1,H
0.08333333333333333,0.03896103896103896,0.0,0.4,0.0,1.0,0.0,0.06896551724137931,1,0,1,0.7421986318712929,0,M
0.0,0.012987012987012988,0.0,0.6,0.0,1.0,0.0,0.034482758620689655,0,0,0,0.8134663878279311,0,H
0.0,0.23376623376623376,0.0,0.4,1.0,0.6,0.0,0.13793103448275862,1,0,0,0.6013436979916172,1,H
0.0,0.3246753246753247,0.0,0.6,1.0,0.8,0.0,0.0,0,0,0,0.6990816527256734,0,H
0.0,0.2077922077922078,0.0,0.6,1.0,1.0,0.0,0.034482758620689655,0,0,1,0.7526174852873732,0,H
0.0,0.42857142857142855,0.0,0.4,0.0,1.0,0.0,0.0,0,0,0,0.877407466440567,0,H
0.08333333333333333,0.14285714285714285,0.0,0.6,1.0,1.0,0.2857142857142857,0.41379310344827586,0,1,0,0.6716874869343242,0,H
0.0,0.025974025974025976,0.0,0.6,1.0,0.8,0.0,0.06896551724137931,0,0,0,0.7386232542677678,0,H
0.0,0.33766233766233766,0.0,0.6,1.0,0.4,0.0,0.0,0,0,0,0.7140205539356504,0,H
0.0,0.19480519480519481,0.0,0.6,1.0,0.8,0.14285714285714285,0.1724137931034483,1,1,1,0.5219790107106712,1,H
0.0,0.4675324675324675,0.0,0.6,1.0,1.0,0.0,0.5862068965517241,1,0,1,0.7183958541591725,1,H
0.0,0.3246753246753247,0.0,0.6,1.0,1.0,0.0,0.034482758620689655,0,0,0,0.8148972140211729,0,H
0.0,0.07792207792207792,0.0,0.2,1.0,1.0,0.0,0.0,1,0,1,0.7575547797168083,0,M
0.0,0.23376623376623376,0.0,0.4,0.0,1.0,0.0,0.0,0,0,0,0.8061280032527537,0,H
0.0,0.07792207792207792,0.0,0.4,1.0,1.0,0.0,0.034482758620689655,1,0,1,0.8147917425428653,0,M
0.0,0.2857142857142857,0.0,0.6,0.0,0.8,0.0,0.034482758620689655,0,0,0,0.7934907364969663,0,H
0.0,0.36363636363636365,0.0,0.4,1.0,0.2,0.0,0.034482758620689655,0,0,0,0.7438200196296842,0,H
0.0,0.5454545454545454,0.0,0.6,1.0,1.0,0.0,0.4482758620689655,0,0,0,0.6460455019552436,0,H
0.0,0.11688311688311688,0.0,0.4,1.0,0.6,0.0,0.3793103448275862,0,0,0,0.5032416699820461,0,H
0.0,0.09090909090909091,0.0,0.6,1.0,0.6,0.0,0.2413793103448276,1,0,1,0.6340140324899033,1,H
0.0,0.4155844155844156,0.0,0.6,1.0,0.4,0.0,0.06896551724137931,0,0,0,0.6689396452159695,0,H
0.0,0.025974025974025976,0.0,0.8,0.0,1.0,0.0,0.06896551724137931,0,0,0,0.8201430574968761,0,H
0.0,0.11688311688311688,0.0,0.6,1.0,0.6,0.0,0.06896551724137931,0,0,0,0.6445894268336639,0,H
0.0,0.38961038961038963,0.0,0.6,1.0,1.0,0.0,0.06896551724137931,0,0,0,0.9003465480630016,0,H
0.0,0.05194805194805195,0.0,0.8,1.0,1.0,0.0,0.06896551724137931,1,0,0,0.6281932772080769,1,H
0.0,0.15584415584415584,0.0,0.8,1.0,1.0,0.0,0.2413793103448276,0,0,1,0.565489564526912,0,H
0.0,0.4675324675324675,0.0,0.6,1.0,0.8,0.0,0.3103448275862069,0,0,0,0.6576277266230531,0,H
0.0,0.3116883116883117,0.0,0.2,1.0,1.0,0.0,0.0,0,0,0,0.7183702557369954,0,H
0.0,0.16883116883116883,0.0,0.6,1.0,0.8,0.0,0.10344827586206896,0,0,0,0.7008057202425412,0,H
0.0,0.3116883116883117,0.0,0.6,1.0,1.0,0.0,0.034482758620689655,1,0,1,0.8597454466783536,1,H
0.0,0.36363636363636365,0.0,0.6,1.0,1.0,0.0,0.7586206896551724,1,0,1,0.5605402215664673,1,H
0.0,0.012987012987012988,0.2,0.8,1.0,1.0,0.0,0.034482758620689655,1,1,1,0.7853757705752838,1,H
0.0,0.4025974025974026,0.0,0.4,1.0,0.6,0.0,0.06896551724137931,0,0,0,0.7691685498357592,0,H
0.0,0.2077922077922078,0.0,0.4,0.0,0.8,0.0,0.034482758620689655,0,0,0,0.8455962018550659,0,H
0.0,0.23376623376623376,0.0,0.6,1.0,1.0,0.0,0.13793103448275862,0,0,0,0.6536155447995584,0,H
0.0,0.05194805194805195,0.0,0.4,1.0,0.4,0.0,0.06896551724137931,0,0,0,0.7104540568383224,0,H
0.0,0.16883116883116883,0.0,0.4,1.0,0.6,0.0,0.06896551724137931,1,0,1,0.6760980007852582,1,H
0.0,0.35064935064935066,0.2,0.6,1.0,1.0,0.0,0.3448275862068966,1,1,0,0.7473888742899178,1,H
0.0,0.33766233766233766,0.0,0.4,0.0,0.8,0.0,0.1724137931034483,0,0,0,0.5198529509178813,0,H
0.0,0.33766233766233766,0.0,0.6,1.0,1.0,0.0,0.3793103448275862,0,0,0,0.631931771432393,0,H
0.0,0.44155844155844154,0.0,0.8,1.0,1.0,0.0,0.4482758620689655,0,0,0,0.5914803193266825,0,H
0.0,0.44155844155844154,0.0,0.2,1.0,0.6,0.0,0.034482758620689655,1,0,1,0.7871756628254711,0,M
0.0,0.5064935064935064,0.0,0.6,1.0,0.6,0.0,0.0,0,0,0,0.8165541141972221,0,H
0.08333333333333333,0.14285714285714285,0.0,0.6,0.0,1.0,0.0,0.13793103448275862,0,0,0,0.5293639524205412,0,H
0.0,0.5454545454545454,0.0,0.6,1.0,1.0,0.0,0.5172413793103449,1,0,1,0.7470809716723452,0,M
0.0,0.14285714285714285,0.0,0.6,1.0,0.4,0.0,0.06896551724137931,0,0,0,0.7250295848160482,0,H
0.0,0.18181818181818182,0.0,0.6,1.0,1.0,0.42857142857142855,0.6206896551724138,1,1,1,0.5246740086614257,1,H
0.08333333333333333,0.03896103896103896,0.0,0.8,1.0,1.0,0.0,0.06896551724137931,0,0,0,0.5546263689964964,1,H
0.16666666666666666,0.2077922077922078,0.0,0.2,0.0,1.0,0.0,0.06896551724137931,0,0,0,0.5350339394760548,0,H
0.08333333333333333,0.11688311688311688,0.0,0.6,1.0,1.0,0.0,0.20689655172413793,1,0,1,0.5511149732362017,1,H
0.0,0.22077922077922077,0.0,0.8,1.0,0.4,0.0,0.20689655172413793,0,0,0,0.5953919053559932,0,H
0.0,0.42857142857142855,0.0,0.6,1.0,0.6,0.0,0.10344827586206896,0,1,0,0.5325567185660746,0,H
0.08333333333333333,0.14285714285714285,0.2,0.2,1.0,0.8,0.0,0.6206896551724138,0,1,0,0.5324872470647084,0,H
0.0,0.16883116883116883,0.0,0.6,1.0,1.0,0.0,0.4827586206896552,1,0,1,0.5911614925079183,1,H
0.0,0.42857142857142855,0.0,0.2,1.0,0.8,0.0,0.0,0,0,0,0.8076356854821187,0,H
0.0,0.12987012987012986,0.0,0.2,1.0,1.0,0.0,0.0,0,0,0,0.826452149417689,0,H
0.0,0.19480519480519481,0.0,0.8,0.0,1.0,0.0,0.1724137931034483,1,0,1,0.5976504521229292,1,H
0.0,0.24675324675324675,0.0,0.6,1.0,0.6,0.0,0.034482758620689655,0,0,0,0.7620042879822037,0,H
0.0,0.38961038961038963,0.0,0.6,1.0,0.8,0.0,0.0,0,0,0,0.8181986159223776,0,H
0.0,0.07792207792207792,0.0,0.6,1.0,1.0,0.14285714285714285,0.3103448275862069,0,1,0,0.5805415342336618,0,H
0.0,0.4025974025974026,0.0,0.2,1.0,1.0,0.0,0.13793103448275862,0,0,0,0.8195015633845195,0,H
0.0,0.07792207792207792,0.0,0.2,1.0,1.0,0.0,0.034482758620689655,0,0,0,0.8303830437411676,0,H
0.0,0.025974025974025976,0.2,0.6,1.0,1.0,0.0,0.2413793103448276,1,1,1,0.5565578367962537,1,H
0.0,0.5714285714285714,0.0,0.4,0.0,0.8,0.0,0.0,0,0,0,0.9019980573926767,0,H
0.0,0.2727272727272727,0.0,0.2,1.0,1.0,0.0,0.0,0,0,0,0.8741080288592056,0,H
0.0,0.45454545454545453,0.0,0.4,1.0,1.0,0.0,0.0,1,0,1,0.8447205123811874,0,M
0.0,0.15584415584415584,0.0,0.4,1.0,0.8,0.0,0.06896551724137931,1,0,1,0.6565213635927868,1,H
0.0,0.09090909090909091,0.0,0.4,1.0,0.8,0.0,0.3103448275862069,1,0,1,0.5292564722120237,1,H
0.0,0.09090909090909091,0.0,0.6,0.0,1.0,0.0,0.1724137931034483,1,0,1,0.530842864968712,1,H
0.0,0.15584415584415584,0.0,0.6,1.0,0.6,0.0,0.0,0,0,0,0.7136427681461981,0,H
0.0,0.5584415584415584,0.0,0.6,1.0,1.0,0.0,0.4482758620689655,1,0,1,0.6945240765146588,1,H
0.0,0.1038961038961039,0.4,0.6,1.0,0.8,0.0,0.10344827586206896,0,1,0,0.6557327078487978,1,H
0.0,0.38961038961038963,0.0,0.6,1.0,0.8,0.0,0.41379310344827586,1,0,1,0.614655249121811,1,H
0.0,0.42857142857142855,0.0,0.4,1.0,0.6,0.0,0.0,1,0,1,0.8613525447124096,1,H
0.0,0.14285714285714285,0.0,0.8,0.0,1.0,0.0,0.27586206896551724,1,1,1,0.6646487890938582,1,H
0.0,0.03896103896103896,0.0,0.6,1.0,0.6,0.0,0.034482758620689655,1,0,1,0.7057874052871007,1,H
0.0,0.35064935064935066,0.0,0.4,1.0,0.8,0.0,0.0,1,0,1,0.8172187859880424,0,M
0.0,0.4025974025974026,0.0,0.6,1.0,1.0,0.0,0.034482758620689655,0,0,0,0.8385948199367713,0,H
0.0,0.2727272727272727,0.0,0.6,1.0,0.8,0.0,0.10344827586206896,0,0,0,0.6674953560512955,0,H
0.0,0.03896103896103896,0.0,0.6,1.0,1.0,0.0,0.3793103448275862,1,1,1,0.5502958675774516,0,H
0.0,0.23376623376623376,0.0,0.6,1.0,1.0,0.0,0.06896551724137931,0,0,0,0.7356985220150818,0,H
0.0,0.09090909090909091,0.0,0.4,0.0,0.8,0.0,0.0,0,0,0,0.7684718747348028,0,H
0.0,0.4155844155844156,0.0,0.4,0.0,0.8,0.0,0.1724137931034483,1,0,1,0.6989886267410791,1,H
0.0,0.11688311688311688,0.0,0.6,0.0,1.0,0.0,0.10344827586206896,0,0,0,0.7393158540505917,0,H
0.0,0.45454545454545453,0.0,0.4,1.0,1.0,0.0,0.13793103448275862,0,0,1,0.8256904739586018,0,H
0.0,0.03896103896103896,0.0,0.2,1.0,1.0,0.0,0.13793103448275862,0,0,0,0.6657030262259954,0,H
0.0,0.06493506493506493,0.0,0.2,0.0,1.0,0.0,0.0,0,0,0,0.9213687857618297,0,H
0.08333333333333333,0.025974025974025976,0.0,0.6,1.0,1.0,0.0,0.06896551724137931,1,0,1,0.6023369991545793,1,H
0.0,0.4675324675324675,0.0,0.6,1.0,1.0,0.0,0.0,1,0,1,0.7760614829154575,1,H
0.0,0.2987012987012987,0.0,0.6,0.0,1.0,0.0,0.20689655172413793,0,0,0,0.5464845663928031,0,H
0.0,0.2727272727272727,0.0,0.6,1.0,1.0,0.0,0.0,0,0,0,0.7784863465985903,0,H
0.0,0.15584415584415584,0.0,0.8,1.0,0.8,0.42857142857142855,0.3103448275862069,1,0,1,0.5231324191401603,1,H
0.0,0.5974025974025974,0.0,0.4,1.0,1.0,0.0,0.034482758620689655,0,0,0,0.8560800438306579,0,H
0.0,0.025974025974025976,0.0,0.6,1.0,1.0,0.42857142857142855,0.0,1,1,1,0.6211131668687914,1,H
0.0,0.2597402597402597,0.0,0.6,1.0,1.0,0.0,0.4482758620689655,1,0,1,0.5491956772916932,1,H
0.0,0.05194805194805195,0.0,0.8,1.0,0.8,0.0,0.0,0,0,0,0.7221796089161777,0,H
0.0,0.2857142857142857,0.0,0.6,1.0,1.0,0.0,0.4482758620689655,1,0,1,0.517296260968916,1,H
0.0,0.07792207792207792,0.0,0.6,1.0,0.6,0.0,0.0,1,0,1,0.6815249404355221,1,H
0.08333333333333333,0.06493506493506493,1.0,0.6,1.0,1.0,0.0,0.3448275862068966,1,1,1,0.5771029850442182,1,H
0.16666666666666666,0.025974025974025976,0.0,0.6,1.0,0.4,0.0,0.10344827586206896,1,0,1,0.5986112009712867,1,H
0.0,0.4025974025974026,0.0,0.8,1.0,0.8,0.0,0.0,0,0,0,0.7498032630665786,0,H
0.0,0.12987012987012986,0.0,0.6,0.0,0.4,0.0,0.0,0,0,0,0.6641371672072559,0,H
0.0,0.4935064935064935,0.0,0.6,1.0,1.0,0.0,0.9655172413793104,1,1,1,0.6487905719613823,1,H
0.0,0.1038961038961039,0.0,0.6,1.0,0.4,0.0,0.20689655172413793,0,0,0,0.6306065558772792,0,H
0.0,0.05194805194805195,0.0,0.8,0.0,0.8,0.5714285714285714,0.1724137931034483,1,1,1,0.5892308061526996,1,H
0.0,0.1038961038961039,0.0,0.8,1.0,0.6,0.0,0.034482758620689655,0,0,0,0.696977711042797,0,H
0.0,0.2077922077922078,0.0,0.6,1.0,0.8,0.0,0.1724137931034483,0,0,0,0.5331301810475308,0,H
0.0,0.33766233766233766,0.0,0.6,1.0,1.0,0.0,0.2413793103448276,0,0,0,0.6483278207144141,0,H
0.0,0.06493506493506493,0.0,0.2,0.0,1.0,0.14285714285714285,0.3793103448275862,1,1,1,0.541543904212859,1,H
0.0,0.5584415584415584,0.0,0.4,1.0,0.4,0.0,0.0,0,0,0,0.7011457719349055,0,H
0.0,0.2077922077922078,0.0,0.4,1.0,1.0,0.0,0.3448275862068966,1,1,1,0.5183281894475189,1,H
0.0,0.6103896103896104,0.0,0.4,1.0,0.8,0.0,0.0,1,0,1,0.8074938248282054,0,M
0.0,0.4675324675324675,0.0,0.6,1.0,1.0,0.0,0.27586206896551724,1,1,1,0.6127774956407191,1,H
0.0,0.05194805194805195,0.0,0.6,1.0,0.4,0.0,0.034482758620689655,0,0,0,0.6691695129242798,0,H
0.0,0.12987012987012986,0.0,1.0,1.0,1.0,0.0,0.0,0,0,0,0.5288462906159891,0,H
0.0,0.2077922077922078,0.0,0.4,1.0,1.0,0.0,0.034482758620689655,0,0,0,0.8224640019155939,0,H
0.0,0.33766233766233766,0.0,0.4,1.0,0.8,0.0,0.034482758620689655,0,0,0,0.8388148091020747,0,H
0.08333333333333333,0.09090909090909091,0.0,0.6,1.0,1.0,0.14285714285714285,0.41379310344827586,0,1,0,0.5278142021514971,0,H
0.0,0.42857142857142855,0.0,0.4,1.0,0.8,0.0,0.13793103448275862,1,0,0,0.8217828322737294,0,M
0.0,0.2727272727272727,0.0,0.2,0.0,1.0,0.0,0.06896551724137931,0,0,0,0.8090142211533919,0,H
0.0,0.23376623376623376,0.0,0.2,1.0,1.0,0.0,0.034482758620689655,1,0,1,0.8374781011310342,1,H
0.0,0.14285714285714285,0.0,0.4,0.0,1.0,0.0,0.034482758620689655,0,0,0,0.7798565459756669,0,H
0.08333333333333333,0.1038961038961039,0.0,0.4,1.0,1.0,0.2857142857142857,0.41379310344827586,0,0,0,0.5338707474969724,0,H
0.0,0.16883116883116883,0.0,0.4,1.0,0.6,0.0,0.0,1,0,1,0.648990519167883,1,H
0.0,0.05194805194805195,0.0,0.2,1.0,1.0,0.0,0.0,1,0,1,0.7664715850564712,0,M
0.0,0.35064935064935066,0.0,0.6,0.0,0.8,0.0,0.2413793103448276,0,0,1,0.6079187573204567,0,H
0.0,0.2597402597402597,0.0,0.6,0.0,1.0,0.0,0.034482758620689655,0,0,0,0.8441864409400576,0,H
0.0,0.4155844155844156,0.0,0.0,1.0,1.0,0.0,0.27586206896551724,0,1,0,0.6218729472100754,0,H
0.0,0.24675324675324675,0.0,0.8,1.0,1.0,0.0,0.1724137931034483,0,0,0,0.657575908593676,0,H
0.0,0.2987012987012987,0.0,0.8,1.0,1.0,0.0,0.6551724137931034,0,1,0,0.600422431270982,0,H
0.0,0.2727272727272727,0.0,0.6,1.0,1.0,0.0,0.034482758620689655,1,0,1,0.8076206788371842,1,H
0.08333333333333333,0.2597402597402597,0.0,0.6,1.0,1.0,0.0,0.4482758620689655,1,0,1,0.5469441467864425,1,H
0.0,0.14285714285714285,0.0,0.4,1.0,0.6,0.0,0.10344827586206896,1,0,1,0.606643146594794,1,H
0.0,0.05194805194805195,0.0,0.6,1.0,1.0,0.0,0.06896551724137931,0,0,0,0.5860830867367397,0,H
0.0,0.12987012987012986,0.6,0.6,1.0,1.0,0.14285714285714285,0.1724137931034483,1,1,0,0.6697553264902556,1,H
0.0,0.6493506493506493,0.0,0.4,1.0,1.0,0.0,0.0,0,0,0,0.8268701249210088,0,H
0.0,0.05194805194805195,0.0,0.4,1.0,0.8,0.0,0.13793103448275862,1,0,1,0.7882529100300999,0,M
0.0,0.1038961038961039,0.0,0.8,1.0,1.0,0.0,0.034482758620689655,0,0,1,0.6301390968032099,0,H
0.0,0.4805194805194805,0.0,0.6,1.0,1.0,0.0,0.8275862068965517,0,1,0,0.5958775988439171,0,H
0.0,0.4805194805194805,0.0,0.6,0.0,0.8,0.0,0.10344827586206896,0,0,0,0.8659934881150184,0,H
0.0,0.4675324675324675,0.0,0.2,1.0,0.8,0.0,0.0,0,0,0,0.8391723090711153,0,H
0.0,0.05194805194805195,0.0,0.6,0.0,0.6,0.0,0.2413793103448276,0,0,0,0.5195392375314335,0,H
0.0,0.3116883116883117,0.0,0.6,1.0,0.4,0.0,0.06896551724137931,1,0,1,0.8244949963937981,0,M
0.0,0.11688311688311688,0.0,0.4,1.0,1.0,0.14285714285714285,0.1724137931034483,0,1,0,0.6480776045806396,0,H
0.0,0.14285714285714285,0.0,0.6,1.0,1.0,0.0,0.06896551724137931,0,0,0,0.6950719280405238,0,H
0.0,0.15584415584415584,0.6,0.6,1.0,1.0,0.0,0.5517241379310345,1,1,1,0.6266131952454815,1,H
0.0,0.19480519480519481,0.0,0.6,0.0,0.8,0.0,0.20689655172413793,0,0,0,0.6010795840050209,0,H
0.0,0.14285714285714285,0.0,0.2,1.0,0.4,0.0,0.1724137931034483,1,0,1,0.6518292506194571,1,H
0.0,0.11688311688311688,0.0,0.4,1.0,1.0,0.0,0.1724137931034483,0,0,0,0.7251922424943594,0,H
0.0,0.2077922077922078,0.0,0.6,1.0,0.8,0.0,0.0,1,0,0,0.8022118610504985,0,M
0.0,0.7012987012987013,0.0,0.4,1.0,0.4,0.0,0.06896551724137931,0,0,0,0.6938136248686575,0,H
0.0,0.1038961038961039,0.0,0.6,0.0,1.0,0.0,0.034482758620689655,1,0,1,0.7885407629885745,0,M
0.0,0.12987012987012986,0.0,0.8,1.0,0.4,0.0,0.0,0,0,0,0.7354581595053543,0,H
0.0,0.16883116883116883,0.0,0.4,1.0,1.0,0.0,0.034482758620689655,0,0,0,0.771946819827667,0,H
0.0,0.5584415584415584,0.0,0.6,1.0,0.8,0.0,0.06896551724137931,0,0,0,0.8864175366164753,0,H
0.0,0.4675324675324675,0.0,0.8,0.0,1.0,0.0,0.06896551724137931,0,0,0,0.7600453608679253,0,H
0.0,0.09090909090909091,0.0,0.6,1.0,0.4,0.0,0.0,0,0,0,0.7513641961514932,0,H
0.0,0.1038961038961039,0.0,0.6,1.0,0.6,0.0,0.034482758620689655,0,0,0,0.7477134223806984,0,H
0.0,0.06493506493506493,0.0,0.6,0.0,1.0,0.0,0.2413793103448276,0,0,0,0.5056911276551406,0,H
0.0,0.09090909090909091,0.0,0.2,0.0,0.8,0.0,0.06896551724137931,0,0,0,0.7907265248191655,0,H
0.0,0.4935064935064935,0.0,1.0,1.0,0.8,0.0,0.06896551724137931,0,0,0,0.8361534080996395,0,H
0.0,0.18181818181818182,0.0,0.6,1.0,0.8,0.0,0.034482758620689655,0,0,0,0.8228777065316564,0,H
0.0,0.4675324675324675,0.0,0.6,1.0,0.8,0.0,0.06896551724137931,0,0,0,0.8822912725382126,0,H
0.0,0.2987012987012987,0.0,0.6,1.0,0.8,0.0,0.13793103448275862,1,0,1,0.8120438503346818,0,M
0.0,0.4025974025974026,0.0,0.6,1.0,1.0,0.0,0.3793103448275862,0,0,0,0.5030829020962784,0,H
0.0,0.012987012987012988,0.0,0.4,1.0,0.4,0.0,0.0,0,0,0,0.6710570668476752,0,H
0.0,0.11688311688311688,0.0,0.6,0.0,0.8,0.0,0.10344827586206896,0,0,1,0.7677499631269017,0,H
0.0,0.19480519480519481,0.0,0.4,1.0,1.0,0.0,0.10344827586206896,0,0,0,0.7550944911959866,0,H
0.0,0.5844155844155844,0.0,0.4,1.0,1.0,0.0,0.0,0,0,0,0.8345849242471637,0,H
0.0,0.03896103896103896,0.0,0.6,1.0,1.0,0.0,0.034482758620689655,1,0,1,0.7102183664285641,1,H
0.0,0.03896103896103896,0.0,0.6,1.0,0.8,0.14285714285714285,0.0,1,1,0,0.5557773000621569,1,H
0.0,0.23376623376623376,0.0,0.4,0.0,1.0,0.0,0.7931034482758621,1,1,1,0.6657560211673199,1,H
0.0,0.012987012987012988,0.0,0.2,1.0,0.8,0.0,0.034482758620689655,1,0,1,0.7916764634686426,0,M
0.0,0.5974025974025974,0.0,0.8,1.0,0.8,0.0,0.10344827586206896,0,0,0,0.899607166841711,0,H
0.0,0.23376623376623376,0.0,0.6,1.0,1.0,0.0,0.10344827586206896,1,0,1,0.7662130509706035,0,M
0.0,0.3246753246753247,0.6,0.4,1.0,0.8,0.0,0.5517241379310345,0,0,0,0.5525333528811277,0,H
0.08333333333333333,0.1038961038961039,0.0,0.4,1.0,0.8,0.42857142857142855,0.13793103448275862,1,1,1,0.5063851325506089,1,H
0.0,0.19480519480519481,0.0,0.6,0.0,0.6,0.0,0.034482758620689655,0,0,0,0.7180729283578119,0,H
0.0,0.03896103896103896,0.0,0.6,1.0,1.0,0.0,0.13793103448275862,1,0,1,0.6466071019494897,1,H
0.0,0.4675324675324675,0.0,0.4,1.0,0.8,0.0,0.0,0,0,1,0.8665301164456858,0,H
0.0,0.4675324675324675,0.0,0.6,1.0,1.0,0.0,0.034482758620689655,0,0,0,0.7524447563085657,0,H
0.0,0.09090909090909091,0.0,0.4,1.0,0.8,0.0,0.20689655172413793,0,0,0,0.6918056998644914,0,H
0.0,0.4155844155844156,0.0,0.8,1.0,0.8,0.0,0.0,0,0,0,0.8312224164269343,0,H
0.0,0.22077922077922077,0.0,0.4,1.0,1.0,0.0,0.10344827586206896,1,0,1,0.7518010127082548,0,M
0.0,0.4675324675324675,0.0,0.4,1.0,0.8,0.0,0.06896551724137931,1,0,1,0.8957358068966704,0,M
0.0,0.22077922077922077,0.0,0.6,1.0,1.0,0.0,0.41379310344827586,0,0,0,0.5210569502243414,0,H
0.0,0.6363636363636364,0.0,0.4,1.0,0.8,0.0,0.13793103448275862,0,0,0,0.9017152265624898,0,H
0.0,0.14285714285714285,0.0,0.6,0.0,1.0,0.0,0.3793103448275862,1,1,1,0.6516740959109621,1,H
0.0,0.5714285714285714,0.0,0.0,1.0,0.8,0.0,0.1724137931034483,0,0,0,0.8268527120084824,0,H
0.0,0.2077922077922078,0.0,0.6,1.0,0.2,0.0,0.034482758620689655,0,0,0,0.6832144786537087,0,H
0.0,0.45454545454545453,0.0,0.6,1.0,1.0,0.0,0.41379310344827586,0,0,0,0.6034092644145012,0,H
0.0,0.14285714285714285,0.0,0.8,1.0,1.0,0.0,0.06896551724137931,1,0,1,0.7328230776001269,0,M
0.0,0.2077922077922078,0.0,0.6,1.0,0.8,0.14285714285714285,0.034482758620689655,0,1,0,0.5840937783250394,0,H
0.0,0.33766233766233766,0.0,0.8,0.0,1.0,0.0,0.034482758620689655,0,0,0,0.827217680086976,0,H
0.0,0.14285714285714285,0.0,0.4,1.0,1.0,0.0,0.4482758620689655,1,0,0,0.5220601015958581,1,H
0.0,0.05194805194805195,0.0,0.8,0.0,1.0,0.0,0.06896551724137931,1,0,1,0.8564005104552662,1,H
0.0,0.2077922077922078,0.0,0.4,1.0,1.0,0.14285714285714285,0.41379310344827586,1,1,1,0.5812932173852012,1,H
0.0,0.12987012987012986,0.0,0.4,1.0,0.8,0.0,0.0,0,0,0,0.7989773026237776,0,H
0.0,0.14285714285714285,0.0,0.2,1.0,0.4,0.0,0.13793103448275862,1,0,1,0.5008219281020444,1,H
0.0,0.15584415584415584,0.0,0.6,1.0,0.8,0.0,0.5862068965517241,1,0,1,0.5483264875405026,1,H
0.0,0.23376623376623376,0.0,0.4,1.0,1.0,0.0,0.0,1,0,1,0.8574091236375808,0,M
0.0,0.09090909090909091,0.0,0.6,1.0,1.0,0.0,0.13793103448275862,0,0,0,0.7152323718369119,0,H
0.0,0.12987012987012986,0.0,0.2,1.0,1.0,0.0,0.27586206896551724,0,1,0,0.573004617001608,0,H
0.0,0.12987012987012986,0.0,0.4,1.0,1.0,0.0,0.10344827586206896,1,0,1,0.7999912981424261,0,M
0.08333333333333333,0.35064935064935066,0.6,0.6,1.0,0.8,0.0,0.3103448275862069,0,1,0,0.7179953032021558,0,H
0.0,0.2857142857142857,0.0,0.8,1.0,1.0,0.0,0.6551724137931034,1,1,1,0.5509787597198569,1,H
0.0,0.15584415584415584,0.0,0.6,0.0,1.0,0.0,0.2413793103448276,0,0,1,0.5737305471410213,0,H
0.0,0.2597402597402597,0.0,0.4,1.0,0.4,0.0,0.06896551724137931,0,0,0,0.8064318398845991,0,H
0.0,0.15584415584415584,0.0,0.6,1.0,1.0,0.0,0.5172413793103449,0,1,0,0.5466195576810806,0,H
0.0,0.5454545454545454,0.0,0.2,1.0,0.8,0.0,0.0,0,0,0,0.8664200596202049,0,H
0.0,0.05194805194805195,0.0,0.8,1.0,0.6,0.0,0.06896551724137931,1,0,1,0.7396094291089533,0,M
0.0,0.24675324675324675,0.0,0.6,1.0,0.4,0.0,0.06896551724137931,0,0,0,0.8286668095442418,0,H
0.0,0.1038961038961039,0.0,0.2,0.0,0.8,0.0,0.13793103448275862,1,0,1,0.5146396279013439,1,H
0.0,0.3116883116883117,0.0,0.8,0.0,0.8,0.0,0.0,0,0,0,0.8163750994925525,0,H
0.0,0.33766233766233766,0.0,0.4,0.0,0.8,0.0,0.034482758620689655,0,0,0,0.8202958901704532,0,H
0.0,0.24675324675324675,0.0,0.6,1.0,0.8,0.0,0.3448275862068966,1,0,1,0.6352964913945299,1,H
0.0,0.42857142857142855,0.0,1.0,0.0,1.0,0.0,0.27586206896551724,0,0,0,0.7238469142403208,0,H
0.0,0.2077922077922078,0.0,0.2,1.0,0.6,0.0,0.0,0,0,0,0.7522487133424439,0,H
0.0,0.025974025974025976,0.2,0.6,1.0,0.6,0.0,0.13793103448275862,1,1,1,0.7000517353724627,1,H
0.0,0.7532467532467533,0.0,0.4,1.0,1.0,0.0,0.0,0,0,0,0.8643088670967352,0,H
0.0,0.3246753246753247,0.0,0.4,1.0,0.8,0.0,0.0,0,0,0,0.8245210998809058,0,H
0.0,0.07792207792207792,0.0,0.8,0.0,0.8,0.0,0.0,0,0,0,0.8039718066893421,0,H
0.0,0.05194805194805195,0.0,0.6,0.0,0.6,0.14285714285714285,0.034482758620689655,0,0,0,0.5124617066906632,0,H
0.08333333333333333,0.12987012987012986,0.8,0.6,1.0,0.8,0.0,0.3448275862068966,1,1,1,0.6133483054063403,1,H
0.0,0.012987012987012988,0.0,0.4,0.0,1.0,0.0,0.0,0,0,0,0.9133889443911943,0,H
0.0,0.03896103896103896,0.0,0.4,1.0,0.4,0.0,0.0,0,0,0,0.7857651331691022,0,H
0.0,0.025974025974025976,0.0,0.4,0.0,0.4,0.0,0.0,0,0,0,0.8499028762831905,0,H
0.0,0.42857142857142855,0.0,0.8,1.0,0.6,0.0,0.6896551724137931,0,0,0,0.6645291829008391,0,H
0.0,0.2597402597402597,0.0,0.6,0.0,1.0,0.0,0.0,1,0,1,0.8080120380850725,0,M
0.08333333333333333,0.2077922077922078,0.0,0.8,0.0,0.8,0.0,0.10344827586206896,0,0,0,0.614604413872739,0,H
0.0,0.15584415584415584,0.0,0.2,1.0,1.0,0.0,0.3103448275862069,1,0,1,0.5325789618722366,1,H
0.0,0.2597402597402597,0.0,0.4,1.0,0.6,0.0,0.0,0,0,0,0.7131253332594318,0,H
0.0,0.4935064935064935,0.0,1.0,1.0,1.0,0.0,0.034482758620689655,0,0,0,0.6584929874029203,0,H
0.0,0.2077922077922078,0.2,0.6,0.0,1.0,0.0,0.4482758620689655,0,1,0,0.5686321446541264,0,H
0.0,0.025974025974025976,0.0,0.4,0.0,1.0,0.0,0.0,1,0,1,0.9238480641326461,0,M
0.0,0.15584415584415584,0.4,0.8,1.0,0.8,0.42857142857142855,0.13793103448275862,0,1,0,0.7113474824346364,0,H
0.0,0.6883116883116883,0.0,0.4,1.0,0.8,0.0,0.034482758620689655,0,0,0,0.9113222961800023,0,H
0.0,0.18181818181818182,0.0,0.8,1.0,0.6,0.0,0.0,0,0,0,0.7642706508413711,0,H
0.0,0.15584415584415584,0.0,0.6,0.0,1.0,0.0,0.06896551724137931,1,0,1,0.8869783586257656,1,H
0.0,0.4155844155844156,0.0,0.6,1.0,1.0,0.0,0.13793103448275862,0,0,0,0.8669440066583646,0,H
0.0,0.1038961038961039,0.0,0.6,1.0,1.0,0.0,0.20689655172413793,1,0,1,0.6761551972578309,1,H
0.0,0.2857142857142857,0.0,0.6,1.0,1.0,0.0,0.8620689655172413,1,1,1,0.5232293739805536,1,H
0.0,0.4675324675324675,0.0,0.6,1.0,0.6,0.0,0.20689655172413793,0,0,0,0.744337541131465,0,H
0.0,0.33766233766233766,0.0,0.4,1.0,1.0,0.0,0.4482758620689655,1,0,1,0.5067703872864909,1,H
0.0,0.4025974025974026,0.0,0.4,0.0,0.8,0.0,0.034482758620689655,1,0,1,0.897954476177927,0,M
0.0,0.24675324675324675,0.0,0.8,1.0,0.8,0.0,0.41379310344827586,0,0,0,0.5291841320479619,0,H
0.0,0.06493506493506493,0.0,0.6,1.0,1.0,0.0,0.20689655172413793,1,0,1,0.5780789877829455,1,H
0.0,0.07792207792207792,0.0,0.6,1.0,1.0,0.0,0.2413793103448276,0,1,0,0.515230702564468,0,H
0.0,0.5064935064935064,0.0,0.8,1.0,0.8,0.0,0.06896551724137931,0,0,0,0.9277562369391491,0,H
0.0,0.3246753246753247,0.0,0.6,1.0,1.0,0.0,0.0,1,0,1,0.8156585023500514,0,M
0.0,0.2727272727272727,0.0,0.6,1.0,0.8,0.0,0.3103448275862069,1,0,0,0.590158421939395,0,M
0.0,0.33766233766233766,0.0,0.6,0.0,0.8,0.0,0.10344827586206896,0,0,0,0.8846912402356947,0,H
0.0,0.09090909090909091,0.0,1.0,1.0,1.0,0.2857142857142857,0.0,0,1,0,0.7948620125527346,0,H
0.0,0.44155844155844154,0.0,0.2,1.0,0.8,0.0,0.034482758620689655,0,0,0,0.8800830545412697,0,H
0.0,0.2727272727272727,0.0,0.6,1.0,0.6,0.0,0.0,0,0,0,0.754773559222256,0,H
0.0,0.2077922077922078,0.0,0.4,1.0,1.0,0.14285714285714285,0.034482758620689655,1,1,1,0.7573274282126385,1,H
0.0,0.03896103896103896,0.0,0.6,1.0,1.0,0.14285714285714285,0.4482758620689655,1,1,1,0.6785937023639323,1,H
0.0,0.14285714285714285,0.0,0.2,1.0,1.0,0.0,0.0,0,0,0,0.8424659753424325,0,H
0.0,0.4155844155844156,0.0,0.4,1.0,0.6,0.0,0.0,0,0,0,0.7656888657700939,0,H
0.08333333333333333,0.012987012987012988,0.0,0.6,1.0,1.0,0.0,0.034482758620689655,1,0,1,0.5970827633922269,1,H
0.0,0.38961038961038963,0.0,0.6,0.0,0.8,0.0,0.034482758620689655,0,0,0,0.8903698497072179,0,H
0.0,0.42857142857142855,0.0,0.8,1.0,1.0,0.0,0.0,1,0,1,0.8110768508039657,0,M
0.0,0.06493506493506493,0.0,0.6,1.0,1.0,0.14285714285714285,0.13793103448275862,0,1,0,0.6675179243509324,0,H
0.0,0.1038961038961039,0.0,0.8,1.0,0.6,0.0,0.06896551724137931,0,0,0,0.7218065202897336,0,H
0.0,0.19480519480519481,0.0,0.6,0.0,0.8,0.14285714285714285,0.5172413793103449,1,1,1,0.5292235810027603,1,H
0.0,0.12987012987012986,0.0,0.0,1.0,0.8,0.0,0.0,1,0,1,0.7988039074354227,0,M
0.0,0.22077922077922077,0.0,0.2,1.0,0.8,0.0,0.2413793103448276,0,0,0,0.6670859890109655,0,H
0.0,0.2727272727272727,0.0,0.6,0.0,0.4,0.0,0.10344827586206896,0,0,0,0.6367950491587981,0,H
0.0,0.06493506493506493,0.0,0.4,0.0,1.0,0.0,0.06896551724137931,0,0,0,0.9095244528197524,0,H
0.16666666666666666,0.15584415584415584,0.0,0.4,1.0,1.0,0.0,0.27586206896551724,1,1,1,0.6255652823563208,1,H
0.0,0.09090909090909091,0.0,0.6,1.0,1.0,0.0,0.0,1,0,1,0.6967350051621064,1,H
0.0,0.12987012987012986,0.2,0.4,1.0,1.0,0.0,0.10344827586206896,1,1,1,0.8257525840617789,1,H
0.0,0.15584415584415584,0.0,0.6,1.0,0.8,0.0,0.0,0,0,0,0.8211175240204986,0,H
0.0,0.06493506493506493,0.0,0.6,0.0,0.8,0.0,0.0,0,0,0,0.8660859255731208,0,H
0.0,0.45454545454545453,0.0,0.4,1.0,1.0,0.0,0.41379310344827586,1,0,1,0.5829123570517272,1,H
0.0,0.5324675324675324,0.0,0.6,1.0,1.0,0.0,0.0,0,0,0,0.8298124421839344,0,H
0.0,0.45454545454545453,0.0,0.6,1.0,1.0,0.0,0.034482758620689655,0,0,0,0.867197121212207,0,H
0.0,0.5584415584415584,0.0,0.4,0.0,0.8,0.0,0.034482758620689655,1,0,1,0.9217941289995287,0,M
0.0,0.3116883116883117,0.0,0.4,0.0,1.0,0.0,0.0,0,0,0,0.917977873605725,0,H
0.0,0.2987012987012987,0.0,0.4,1.0,0.8,0.0,0.034482758620689655,0,0,0,0.854866195079129,0,H
0.0,0.14285714285714285,0.2,0.8,1.0,0.8,0.0,0.06896551724137931,0,1,0,0.882614902286601,1,M
0.08333333333333333,0.3116883116883117,0.0,1.0,1.0,1.0,0.0,0.7931034482758621,0,1,0,0.5938876459915635,0,H
0.0,0.19480519480519481,0.0,0.6,1.0,1.0,0.0,0.3448275862068966,0,1,0,0.575135267593225,1,M
0.0,0.24675324675324675,0.0,0.4,1.0,1.0,0.0,0.27586206896551724,1,1,1,0.5874715784858238,1,H
0.08333333333333333,0.025974025974025976,0.0,0.4,1.0,1.0,0.14285714285714285,0.10344827586206896,1,1,1,0.621604864413973,1,H
0.0,0.03896103896103896,0.0,0.4,0.0,0.8,0.0,0.0,0,0,0,0.9107241778753769,0,H
0.0,0.3246753246753247,0.0,0.4,1.0,1.0,0.0,0.2413793103448276,0,0,0,0.6751920754889789,0,H
0.0,0.3116883116883117,0.0,0.6,0.0,0.8,0.0,0.0,0,0,0,0.8794319355071079,0,H
0.0,0.37662337662337664,0.2,0.6,1.0,1.0,0.0,0.3448275862068966,1,1,1,0.6376097387369011,1,H
0.0,0.2727272727272727,0.0,0.6,1.0,1.0,0.0,0.6896551724137931,0,1,0,0.6396540018955894,0,H
0.0,0.24675324675324675,0.0,0.6,1.0,0.2,0.0,0.06896551724137931,0,0,0,0.849431676637677,0,H
0.0,0.3246753246753247,0.0,0.6,1.0,1.0,0.0,0.20689655172413793,0,0,0,0.7538549131648128,0,H
0.0,0.6493506493506493,0.0,0.6,1.0,0.4,0.0,0.0,0,0,0,0.9008383751491097,0,H
0.0,0.5194805194805194,0.0,0.6,1.0,0.4,0.0,0.6896551724137931,1,0,1,0.5297670453674408,1,H
0.08333333333333333,0.012987012987012988,0.0,0.6,1.0,0.8,0.14285714285714285,0.034482758620689655,1,1,1,0.6172906574465515,1,H
0.0,0.2727272727272727,0.0,0.6,1.0,1.0,0.0,0.10344827586206896,1,0,1,0.805488188697194,0,M
0.0,0.15584415584415584,0.0,0.4,1.0,1.0,0.0,0.0,0,0,0,0.8447893904401016,0,H
0.0,0.2727272727272727,0.0,0.6,1.0,0.8,0.0,0.1724137931034483,1,0,1,0.7729352849508532,1,H
0.0,0.19480519480519481,0.0,0.4,1.0,1.0,0.0,0.06896551724137931,1,0,1,0.8196504243082056,1,H
0.0,0.09090909090909091,0.0,0.6,0.0,0.8,0.0,0.034482758620689655,0,0,0,0.8760287304794618,0,H
0.0,0.15584415584415584,0.0,0.2,0.0,1.0,0.0,0.06896551724137931,0,0,0,0.8209432623725197,0,H
0.0,0.09090909090909091,0.0,0.2,0.0,0.8,0.0,0.034482758620689655,1,0,1,0.8852813566702618,0,M
0.0,0.1038961038961039,0.0,0.6,1.0,0.4,0.0,0.034482758620689655,1,0,1,0.7910845362270879,0,M
0.0,0.05194805194805195,0.0,0.4,1.0,1.0,0.0,0.0,1,0,1,0.7750726984461237,0,M
0.0,0.11688311688311688,0.0,0.2,1.0,0.6,0.0,0.2413793103448276,0,0,0,0.6104858262150822,0,H
0.0,0.37662337662337664,0.0,0.6,0.0,0.8,0.0,0.13793103448275862,0,0,0,0.7234111228175893,0,H
0.0,0.42857142857142855,0.0,0.6,1.0,0.4,0.0,0.06896551724137931,0,0,0,0.8338821183123543,0,H
0.0,0.15584415584415584,0.0,0.4,1.0,1.0,0.0,0.27586206896551724,1,1,1,0.5103179189082924,1,H
0.0,0.23376623376623376,0.0,0.2,0.0,0.8,0.0,0.0,0,0,0,0.8795295010240476,0,H
0.0,0.07792207792207792,0.0,0.6,1.0,0.4,0.0,0.0,0,0,0,0.7996330229231968,0,H
0.0,0.38961038961038963,0.0,1.0,1.0,0.6,0.0,0.0,0,0,0,0.7814691462980342,0,H
