juv_other_count,juv_misd_count,race,c_charge_degree,sex,juv_fel_count,priors_count,age,expert prediction,machine prediction,ground truth,proba_model,did_recid,provider
0.0,0.0,0.6,0.2,1.0,0.0,0.034482758620689655,0.3116883116883117,1,0,1,0.7022197012407574,1,H
0.0,0.0,0.8,0.8,1.0,0.0,0.13793103448275862,0.3116883116883117,1,0,1,0.6754642903502914,1,H
0.42857142857142855,0.0,0.8,0.6,1.0,0.0,0.0,0.012987012987012988,1,0,1,0.6393492917798043,1,H
0.0,0.0,1.0,0.2,1.0,0.0,0.3103448275862069,0.22077922077922077,0,1,0,0.5844850002251877,0,H
0.0,0.0,0.4,0.4,1.0,0.0,0.0,0.14285714285714285,1,0,1,0.7078625589664441,1,H
0.0,0.0,0.8,0.4,0.0,0.0,0.0,0.4155844155844156,1,0,1,0.6506070811715163,1,H
0.0,0.0,0.2,0.4,1.0,0.0,0.034482758620689655,0.03896103896103896,0,0,0,0.655680999722899,0,H
0.0,0.0,0.8,0.6,0.0,0.0,0.1724137931034483,0.025974025974025976,0,0,0,0.5369561229444331,0,H
0.0,0.0,0.8,0.8,1.0,0.0,0.0,0.07792207792207792,0,0,1,0.5665208954086697,0,H
0.0,0.0,1.0,0.4,1.0,0.0,0.10344827586206896,0.09090909090909091,1,0,1,0.5784593305376677,1,H
0.0,0.0,0.6,0.4,0.0,0.0,0.06896551724137931,0.4805194805194805,1,0,1,0.671177512596591,1,H
0.0,0.0,1.0,0.6,1.0,0.0,1.0,0.12987012987012986,1,1,1,0.606990926021149,1,H
0.0,0.0,0.6,0.4,1.0,0.0,0.0,0.36363636363636365,0,0,0,0.5506793257974404,0,H
0.0,0.0,0.8,0.8,0.0,0.0,0.0,0.42857142857142855,0,0,0,0.7439966471887259,0,H
0.0,0.0,1.0,0.6,1.0,0.0,0.034482758620689655,0.012987012987012988,1,0,1,0.5680400231347585,1,H
0.0,0.0,0.4,0.4,1.0,0.0,0.06896551724137931,0.06493506493506493,0,0,0,0.6203063192984158,0,H
0.14285714285714285,0.0,0.6,0.6,1.0,0.0,0.0,0.03896103896103896,0,0,0,0.6241976360437927,0,H
0.0,0.0,1.0,0.0,1.0,0.0,0.10344827586206896,0.09090909090909091,1,0,1,0.6457286819228782,1,H
0.0,0.0,1.0,0.0,1.0,0.0,0.06896551724137931,0.025974025974025976,1,0,1,0.547262017016258,1,H
0.0,0.0,0.8,0.6,1.0,0.0,0.034482758620689655,0.2987012987012987,1,0,1,0.5280746038294553,1,H
0.0,0.0,0.6,0.8,1.0,0.0,0.10344827586206896,0.11688311688311688,1,0,1,0.530093943265956,1,H
0.0,0.0,0.8,0.4,1.0,0.0,0.0,0.2857142857142857,1,0,1,0.5201410477674103,1,H
0.0,0.0,1.0,0.6,0.0,0.0,0.0,0.2077922077922078,1,0,1,0.6842874810388797,1,H
0.0,0.0,0.8,0.4,1.0,0.0,0.3793103448275862,0.3246753246753247,0,1,0,0.6772762593740468,1,H
0.0,0.0,0.8,0.2,1.0,0.0,0.0,0.18181818181818182,0,0,0,0.5545639691449895,0,H
0.0,0.0,1.0,0.2,1.0,0.0,0.034482758620689655,0.2857142857142857,0,0,0,0.6082112704500321,0,H
0.0,0.0,0.8,1.0,1.0,0.0,0.0,0.2597402597402597,0,0,0,0.6512838861148204,0,H
0.0,0.0,0.4,0.6,0.0,0.0,0.034482758620689655,0.11688311688311688,0,0,0,0.639016697245713,0,H
0.0,0.0,0.8,0.4,0.0,0.0,0.0,0.05194805194805195,0,0,0,0.6726627010313326,0,H
0.0,0.0,0.8,0.4,1.0,0.0,0.0,0.19480519480519481,1,0,1,0.583014230536993,1,H
0.0,0.0,1.0,0.8,1.0,0.0,0.0,0.025974025974025976,0,0,0,0.5879890697289795,0,H
0.0,0.0,1.0,0.6,1.0,0.0,0.5517241379310345,0.4805194805194805,0,1,0,0.5422971761865846,1,H
0.0,0.0,1.0,0.2,1.0,0.0,0.10344827586206896,0.4805194805194805,0,0,0,0.5853929948224513,0,H
0.0,0.0,1.0,0.6,1.0,0.0,0.6551724137931034,0.4675324675324675,0,0,0,0.5695680627787231,1,H
0.0,0.0,0.8,0.2,1.0,0.0,0.0,0.14285714285714285,0,0,0,0.6580745838141319,0,H
0.2857142857142857,0.25,1.0,0.6,0.0,0.0,0.4827586206896552,0.14285714285714285,1,1,1,0.6376051025352232,1,H
0.0,0.0,0.6,0.6,1.0,0.0,0.27586206896551724,0.23376623376623376,1,1,1,0.5217066215943994,1,H
0.0,0.0,0.4,0.6,1.0,0.0,0.034482758620689655,0.03896103896103896,1,0,1,0.7095961856535977,1,H
0.0,0.0,0.4,0.2,1.0,0.0,0.06896551724137931,0.36363636363636365,0,0,0,0.5790975072900474,0,H
0.0,0.0,1.0,0.4,0.0,0.0,0.10344827586206896,0.18181818181818182,1,0,0,0.6522161892882102,1,H
0.0,0.0,1.0,0.2,1.0,0.0,0.034482758620689655,0.38961038961038963,1,0,1,0.7148413355158062,1,H
0.0,0.0,1.0,0.6,1.0,0.0,0.0,0.12987012987012986,1,0,1,0.5511476639929666,1,H
0.0,0.0,1.0,0.6,1.0,0.0,0.0,0.0,1,0,1,0.5128669095460842,1,H
0.0,0.0,1.0,0.6,1.0,0.0,0.41379310344827586,0.23376623376623376,0,1,0,0.5331746588337352,1,H
0.0,0.0,1.0,0.6,1.0,0.0,0.3793103448275862,0.45454545454545453,0,0,0,0.5422368094864001,1,H
0.0,0.0,0.8,0.4,1.0,0.0,0.0,0.7922077922077922,0,0,0,0.6206764930944226,0,H
0.14285714285714285,0.0,1.0,0.6,1.0,0.2,0.3103448275862069,0.35064935064935066,1,1,1,0.6076215008501104,1,H
0.0,0.0,0.4,0.4,0.0,0.0,0.0,0.06493506493506493,0,0,0,0.6643504731869779,0,H
0.0,0.0,0.4,0.6,1.0,0.0,0.0,0.24675324675324675,0,0,0,0.6788975292436645,0,H
0.0,0.0,1.0,0.4,1.0,0.0,0.06896551724137931,0.5974025974025974,0,0,1,0.5947019533420241,0,H
0.0,0.0,0.4,0.8,1.0,0.0,0.0,0.06493506493506493,0,0,0,0.7056070731345713,0,H
0.0,0.0,1.0,0.8,1.0,0.0,0.10344827586206896,0.16883116883116883,1,0,1,0.5579146715503087,1,H
0.42857142857142855,0.08333333333333333,1.0,0.6,1.0,0.0,0.3448275862068966,0.15584415584415584,1,1,1,0.5983475491688003,1,H
0.0,0.0,0.4,0.8,1.0,0.0,0.0,0.05194805194805195,0,0,0,0.7568915896121327,0,H
0.0,0.0,0.8,0.2,1.0,0.0,0.06896551724137931,0.2727272727272727,0,0,0,0.5882970826142141,0,H
0.0,0.0,0.6,0.0,1.0,0.0,0.034482758620689655,0.5194805194805194,0,0,0,0.5883505290164524,0,H
0.0,0.0,1.0,0.6,1.0,0.0,0.3103448275862069,0.1038961038961039,0,1,0,0.6330583378517286,1,H
0.0,0.0,1.0,0.6,0.0,0.0,0.10344827586206896,0.2077922077922078,0,0,0,0.522188573756994,0,H
0.0,0.0,0.6,0.2,1.0,0.0,0.0,0.15584415584415584,0,0,0,0.6891194055777178,0,H
0.0,0.0,0.4,0.4,1.0,0.0,0.06896551724137931,0.07792207792207792,0,0,0,0.6339227609849719,0,H
0.0,0.0,1.0,0.0,1.0,0.0,0.0,0.11688311688311688,0,0,0,0.5201873086602543,0,H
0.0,0.0,0.8,0.6,1.0,0.0,0.0,0.19480519480519481,0,0,0,0.5641900230259105,0,H
0.0,0.08333333333333333,0.6,0.6,1.0,0.0,0.41379310344827586,0.2077922077922078,1,0,0,0.5183230874490578,1,H
0.0,0.0,1.0,0.4,1.0,0.0,0.0,0.5454545454545454,0,0,0,0.6862873732490706,0,H
0.0,0.0,0.8,0.4,1.0,0.0,0.0,0.2077922077922078,0,0,0,0.6151707477386661,0,H
0.0,0.0,1.0,0.6,1.0,0.0,0.2413793103448276,0.5324675324675324,0,0,0,0.6715734759441951,0,H
0.0,0.16666666666666666,1.0,0.8,1.0,0.0,0.10344827586206896,0.025974025974025976,1,0,1,0.5074785816807067,1,H
0.0,0.0,1.0,0.4,0.0,0.0,0.0,0.2727272727272727,0,0,0,0.587160186372769,0,H
0.0,0.0,0.8,0.4,0.0,0.0,0.034482758620689655,0.24675324675324675,1,0,1,0.5675212926106156,1,H
0.14285714285714285,0.0,1.0,0.4,1.0,0.0,0.06896551724137931,0.12987012987012986,1,1,1,0.5749797404729736,1,H
0.0,0.0,1.0,0.6,0.0,0.0,0.10344827586206896,0.4025974025974026,0,0,0,0.6799943008763031,0,H
0.0,0.0,1.0,0.6,1.0,0.2,0.6206896551724138,0.2857142857142857,1,1,1,0.5961591312206495,1,H
0.0,0.0,0.4,0.8,0.0,0.0,0.06896551724137931,0.2857142857142857,0,0,0,0.6754202615932866,0,H
0.0,0.0,0.8,0.2,1.0,0.0,0.1724137931034483,0.24675324675324675,1,0,1,0.5650173012040461,1,H
0.14285714285714285,0.0,0.8,0.4,1.0,0.0,0.034482758620689655,0.05194805194805195,0,1,0,0.51505323467846,0,H
0.0,0.0,1.0,0.4,1.0,0.0,0.034482758620689655,0.11688311688311688,0,0,0,0.5594765756002115,0,H
0.0,0.0,0.4,0.6,1.0,0.0,0.0,0.19480519480519481,1,0,1,0.7119196518463856,1,H
0.0,0.08333333333333333,1.0,0.6,0.0,0.0,0.034482758620689655,0.03896103896103896,0,0,0,0.5162070792698797,0,H
0.14285714285714285,0.0,0.8,0.6,1.0,0.8,0.4482758620689655,0.07792207792207792,1,1,1,0.6491136402569483,1,H
0.0,0.0,0.4,0.6,0.0,0.0,0.0,0.2727272727272727,0,0,0,0.7219709106905543,0,H
0.0,0.0,0.8,0.8,1.0,0.0,0.034482758620689655,0.3246753246753247,1,0,0,0.6196611201614038,1,H
0.0,0.0,0.8,0.6,1.0,0.0,0.5517241379310345,0.42857142857142855,1,0,1,0.5708464462509879,1,H
0.0,0.0,1.0,0.4,1.0,0.0,0.41379310344827586,0.5064935064935064,1,0,1,0.5476270606794904,1,H
0.0,0.0,1.0,0.4,1.0,0.0,0.034482758620689655,0.06493506493506493,0,0,0,0.6027263129650092,0,H
0.0,0.0,0.8,0.2,1.0,0.0,0.034482758620689655,0.7792207792207793,0,0,0,0.761727579091276,0,H
0.0,0.0,0.8,0.6,1.0,0.0,0.7931034482758621,0.3246753246753247,0,1,0,0.632308586613356,1,H
0.0,0.0,0.8,0.2,0.0,0.0,0.0,0.4155844155844156,0,0,0,0.7050080713042204,0,H
0.14285714285714285,0.08333333333333333,1.0,0.2,1.0,0.0,0.2413793103448276,0.07792207792207792,1,0,1,0.5194263635822857,1,H
0.0,0.0,0.8,0.8,1.0,0.0,0.0,0.03896103896103896,0,0,0,0.6675050370809962,0,H
0.0,0.0,1.0,0.6,0.0,0.0,0.5172413793103449,0.14285714285714285,1,0,1,0.5477939238836291,1,H
0.0,0.0,0.8,0.2,1.0,0.0,0.0,0.06493506493506493,0,0,0,0.7500049819519872,0,H
0.0,0.0,1.0,0.8,1.0,0.0,0.0,0.05194805194805195,0,0,1,0.6641359824541296,0,H
0.0,0.0,0.8,0.6,0.0,0.0,0.0,0.2857142857142857,0,0,0,0.6411388109059304,0,H
0.0,0.0,0.2,0.4,1.0,0.0,0.0,0.6233766233766234,0,0,0,0.7595842853703912,0,H
0.0,0.0,0.4,0.4,1.0,0.0,0.034482758620689655,0.22077922077922077,1,0,1,0.7168931199210673,1,H
0.0,0.0,1.0,0.4,1.0,0.0,0.06896551724137931,0.24675324675324675,0,0,0,0.5964861897292257,0,H
0.0,0.0,1.0,0.6,1.0,0.0,0.27586206896551724,0.19480519480519481,0,1,0,0.5843415010575688,0,H
0.0,0.0,1.0,0.6,1.0,0.2,0.3448275862068966,0.09090909090909091,1,1,1,0.6320294979577531,1,H
0.2857142857142857,0.0,1.0,0.8,1.0,0.2,0.034482758620689655,0.025974025974025976,1,1,1,0.5871977037606334,1,H
0.0,0.0,1.0,0.6,1.0,0.2,0.13793103448275862,0.1038961038961039,1,1,1,0.6074413014423523,1,H
0.0,0.0,0.4,0.6,0.0,0.0,0.034482758620689655,0.2727272727272727,0,0,0,0.6962018714238589,0,H
0.14285714285714285,0.0,1.0,1.0,1.0,0.0,0.3103448275862069,0.12987012987012986,1,1,1,0.636489084257234,1,H
0.0,0.08333333333333333,0.6,0.4,0.0,0.0,0.06896551724137931,0.05194805194805195,0,1,0,0.5392155402938421,0,H
0.0,0.0,0.8,0.6,1.0,0.0,0.06896551724137931,0.16883116883116883,0,0,0,0.6489964071311923,0,H
0.0,0.0,0.8,0.8,1.0,0.0,0.13793103448275862,0.3246753246753247,1,0,0,0.5410916458416767,1,H
0.0,0.0,1.0,1.0,0.0,0.0,0.034482758620689655,0.6623376623376623,0,0,0,0.6943858281385783,0,H
0.0,0.0,0.8,0.6,1.0,0.0,0.3103448275862069,0.07792207792207792,1,1,1,0.5133401814647974,1,H
0.0,0.0,1.0,0.6,1.0,0.0,0.13793103448275862,0.5194805194805194,1,0,1,0.6655656445415083,1,H
0.0,0.08333333333333333,1.0,0.6,1.0,0.0,0.8275862068965517,0.09090909090909091,1,1,1,0.6504641500756131,1,H
0.0,0.0,0.8,0.6,0.0,0.0,0.0,0.012987012987012988,1,0,1,0.7644792683393943,0,M
0.0,0.0,0.6,0.8,1.0,0.0,0.0,0.4805194805194805,0,0,0,0.8070080430076935,0,H
0.0,0.0,1.0,0.6,1.0,0.0,0.10344827586206896,0.4935064935064935,0,0,0,0.6225809974607069,0,H
0.0,0.0,1.0,0.4,0.0,0.0,0.0,0.22077922077922077,0,0,0,0.7187881438433404,0,H
0.0,0.0,1.0,0.6,1.0,0.0,0.6896551724137931,0.4935064935064935,1,1,1,0.5882692801518414,1,H
0.0,0.0,0.8,0.6,1.0,0.0,0.06896551724137931,0.2077922077922078,1,0,1,0.6327617157988662,1,H
0.0,0.0,0.4,0.2,1.0,0.0,0.0,0.0,1,0,1,0.7434155061763211,0,M
0.0,0.0,1.0,0.6,0.0,0.2,0.034482758620689655,0.012987012987012988,0,1,0,0.5174042027829302,0,H
0.0,0.0,0.8,0.2,1.0,0.0,0.0,0.24675324675324675,0,0,1,0.6642696042701102,0,H
0.0,0.0,0.8,0.6,1.0,0.0,0.0,0.6233766233766234,1,0,1,0.7819596692867108,0,M
0.14285714285714285,0.0,0.6,0.6,1.0,0.0,0.10344827586206896,0.11688311688311688,1,0,1,0.5433179455546094,1,H
0.0,0.0,0.4,0.6,1.0,0.0,0.0,0.4025974025974026,1,0,1,0.8093410969970145,1,H
0.0,0.0,1.0,0.6,1.0,0.0,0.0,0.38961038961038963,0,0,0,0.7041389584416202,0,H
0.0,0.0,0.8,0.6,0.0,0.0,0.0,0.11688311688311688,0,0,0,0.7253881238588507,0,H
0.0,0.0,1.0,0.6,1.0,0.0,0.1724137931034483,0.36363636363636365,0,0,0,0.6566329807346418,0,H
0.0,0.0,1.0,0.6,1.0,0.0,0.1724137931034483,0.07792207792207792,1,1,1,0.512374606167369,1,H
0.14285714285714285,0.0,1.0,0.6,1.0,0.0,0.06896551724137931,0.05194805194805195,1,1,1,0.6499102437476564,1,H
0.0,0.0,0.4,0.4,1.0,0.0,0.0,0.2597402597402597,1,0,1,0.7394903376342856,1,H
0.0,0.0,0.8,0.4,0.0,0.0,0.0,0.35064935064935066,0,0,0,0.709073428099774,0,H
0.0,0.0,1.0,0.4,1.0,0.0,0.1724137931034483,0.19480519480519481,0,1,0,0.5519658069441925,0,H
0.0,0.0,1.0,0.0,1.0,0.0,0.5172413793103449,0.1038961038961039,0,1,0,0.6738495716448882,1,H
0.0,0.0,1.0,0.2,1.0,0.0,0.9310344827586207,0.4935064935064935,0,1,0,0.5742148104485397,1,H
0.0,0.0,0.8,0.8,1.0,0.2,0.27586206896551724,0.16883116883116883,0,1,1,0.5903968658189059,0,H
0.14285714285714285,0.0,1.0,0.6,1.0,0.0,0.0,0.2077922077922078,1,1,0,0.5870607108618937,1,H
0.0,0.0,0.8,0.6,1.0,0.0,0.0,0.012987012987012988,0,0,0,0.7156846556612003,0,H
0.0,0.0,0.6,0.4,0.0,0.0,0.0,0.18181818181818182,0,0,0,0.7145023508521822,0,H
0.0,0.0,0.6,0.4,1.0,0.0,0.0,0.3246753246753247,1,0,1,0.6652528032320189,1,H
0.0,0.0,0.8,0.4,0.0,0.0,0.034482758620689655,0.16883116883116883,1,0,1,0.6944895177078443,1,H
0.0,0.0,1.0,0.4,1.0,0.0,0.034482758620689655,0.4675324675324675,0,0,0,0.7273090037226569,0,H
0.0,0.0,0.6,0.6,1.0,0.0,0.034482758620689655,0.5714285714285714,0,0,0,0.7255672578660666,0,H
0.14285714285714285,0.0,1.0,0.6,1.0,0.0,0.1724137931034483,0.09090909090909091,1,1,1,0.7109280420567753,1,H
0.2857142857142857,0.0,0.4,0.4,1.0,0.0,0.06896551724137931,0.1038961038961039,0,0,0,0.5628357965605955,0,H
0.0,0.0,0.8,0.8,1.0,0.0,0.3793103448275862,0.15584415584415584,1,1,1,0.6161861325306611,1,H
0.0,0.0,0.0,0.8,1.0,0.0,0.2413793103448276,0.07792207792207792,1,0,1,0.5231502264411122,1,H
0.0,0.0,0.8,0.6,1.0,0.0,0.06896551724137931,0.06493506493506493,0,0,0,0.6211514263799507,0,H
0.0,0.08333333333333333,1.0,0.6,1.0,0.2,0.6206896551724138,0.09090909090909091,1,1,1,0.6978098842995987,1,H
0.0,0.08333333333333333,1.0,0.6,1.0,0.0,0.2413793103448276,0.14285714285714285,0,1,1,0.5453160728867508,0,H
0.0,0.0,0.8,0.2,1.0,0.0,0.0,0.2857142857142857,0,0,0,0.7113926799062137,0,H
0.0,0.0,0.8,0.6,1.0,0.0,0.2413793103448276,0.5064935064935064,1,0,1,0.700103939562689,1,H
0.0,0.0,1.0,0.8,1.0,0.0,0.3103448275862069,0.22077922077922077,1,1,1,0.5451547756770607,1,H
0.0,0.0,0.4,0.4,1.0,0.0,0.20689655172413793,0.23376623376623376,0,1,0,0.5774416559401326,0,H
0.14285714285714285,0.0,0.8,0.6,0.0,0.0,0.034482758620689655,0.14285714285714285,0,1,0,0.5042798440150572,0,H
0.0,0.0,0.6,1.0,1.0,0.0,0.034482758620689655,0.23376623376623376,0,0,0,0.7136189749878272,0,H
0.14285714285714285,0.16666666666666666,1.0,0.6,1.0,0.0,0.6551724137931034,0.19480519480519481,1,1,1,0.669910333683688,1,H
0.0,0.0,1.0,0.6,1.0,0.6,0.5517241379310345,0.22077922077922077,1,1,1,0.6405365083771964,1,H
0.0,0.0,0.8,0.2,0.0,0.0,0.0,0.2987012987012987,0,0,0,0.7016895186651637,0,H
0.0,0.08333333333333333,0.8,0.8,1.0,0.0,0.3103448275862069,0.07792207792207792,1,1,1,0.6246393058092411,1,H
0.0,0.0,0.8,0.6,1.0,0.0,0.034482758620689655,0.38961038961038963,1,0,0,0.6448496707783608,1,H
0.0,0.0,0.8,0.6,1.0,0.0,0.034482758620689655,0.12987012987012986,1,0,1,0.6943038896149257,1,H
0.0,0.0,0.8,0.2,1.0,0.0,0.20689655172413793,0.11688311688311688,1,0,1,0.5008724125922437,1,H
0.0,0.0,1.0,0.6,1.0,0.0,0.7241379310344828,0.2597402597402597,1,1,1,0.5039713386690351,1,H
0.14285714285714285,0.08333333333333333,0.6,0.6,1.0,0.0,0.06896551724137931,0.07792207792207792,1,0,1,0.5670938352906268,1,H
0.0,0.0,0.6,0.6,1.0,0.0,0.034482758620689655,0.025974025974025976,1,0,1,0.7214044189629243,1,H
0.0,0.0,0.8,0.2,0.0,0.0,0.034482758620689655,0.23376623376623376,0,0,0,0.732091682812644,0,H
0.0,0.0,1.0,0.6,1.0,0.0,0.13793103448275862,0.4025974025974026,1,0,1,0.583980851869847,1,H
0.0,0.0,1.0,0.8,1.0,0.0,0.0,0.19480519480519481,0,1,0,0.5208922363946986,0,H
0.0,0.0,1.0,0.8,0.0,0.0,0.0,0.2987012987012987,0,0,0,0.6860482076541845,0,H
0.0,0.08333333333333333,0.8,0.4,0.0,0.0,0.10344827586206896,0.06493506493506493,1,0,1,0.709827933249692,1,H
0.0,0.0,0.4,0.4,1.0,0.0,0.0,0.2727272727272727,0,0,0,0.6923195878615465,0,H
0.0,0.0,0.8,0.4,1.0,0.0,0.10344827586206896,0.2077922077922078,1,0,1,0.5866215386576845,1,H
0.0,0.0,0.8,0.6,1.0,0.0,0.10344827586206896,0.07792207792207792,0,1,0,0.5098682694121411,0,H
0.0,0.0,1.0,0.4,1.0,0.0,0.0,0.3116883116883117,0,0,0,0.6972199034341776,0,H
0.0,0.0,1.0,0.8,0.0,0.0,0.0,0.025974025974025976,0,0,0,0.7411074140269402,0,H
0.0,0.0,1.0,0.6,0.0,0.0,0.0,0.42857142857142855,0,0,0,0.7758876665092632,0,H
0.0,0.0,0.6,0.6,1.0,0.0,0.1724137931034483,0.11688311688311688,0,1,0,0.6073663441195636,1,H
0.0,0.0,1.0,0.6,1.0,0.0,0.0,0.7402597402597403,0,0,0,0.7761812695302901,0,H
0.0,0.0,1.0,0.6,1.0,0.2,0.10344827586206896,0.03896103896103896,0,1,0,0.6478241006185524,1,H
0.0,0.0,0.6,0.4,0.0,0.0,0.034482758620689655,0.19480519480519481,0,0,0,0.647588399809564,0,H
0.0,0.0,0.8,0.6,0.0,0.0,0.0,0.12987012987012986,0,0,0,0.7933364233868823,0,H
0.0,0.0,1.0,0.8,1.0,0.0,0.10344827586206896,0.03896103896103896,1,0,1,0.624733340010488,1,H
0.0,0.0,1.0,0.6,1.0,0.0,0.13793103448275862,0.2077922077922078,0,0,0,0.5754264256507254,0,H
0.0,0.0,0.8,0.6,1.0,0.0,0.1724137931034483,0.06493506493506493,1,1,1,0.5175926482620009,1,H
0.0,0.0,1.0,0.6,1.0,0.2,0.3448275862068966,0.36363636363636365,1,1,0,0.796603429320749,1,H
0.0,0.0,1.0,0.8,1.0,0.0,0.0,0.16883116883116883,0,0,0,0.6972725449932677,0,H
0.0,0.0,0.8,0.6,1.0,0.0,0.0,0.2727272727272727,0,0,0,0.6106165227565082,0,H
0.0,0.0,0.8,0.6,1.0,0.0,0.10344827586206896,0.2597402597402597,0,0,0,0.5845095774786777,0,H
0.0,0.0,1.0,0.2,1.0,0.0,0.13793103448275862,0.6233766233766234,1,0,1,0.7412845295385234,1,H
0.14285714285714285,0.0,0.8,0.4,1.0,0.0,0.06896551724137931,0.35064935064935066,1,1,1,0.5693152865614212,1,H
0.0,0.0,1.0,0.6,1.0,0.0,0.2413793103448276,0.16883116883116883,0,0,0,0.5242046609985158,0,H
0.0,0.0,1.0,0.8,1.0,0.0,0.4827586206896552,0.19480519480519481,0,1,0,0.645152744385265,0,H
0.0,0.0,1.0,0.6,1.0,0.0,0.06896551724137931,0.5454545454545454,1,0,0,0.6548322957785672,1,H
0.0,0.0,1.0,0.4,1.0,0.0,0.034482758620689655,0.2987012987012987,1,0,1,0.6710802986251557,1,H
0.0,0.0,0.6,0.6,1.0,0.0,0.3103448275862069,0.2857142857142857,0,1,0,0.5561370448203224,0,H
0.0,0.0,0.8,0.2,1.0,0.0,0.0,0.07792207792207792,1,0,1,0.7879211577524039,0,M
0.0,0.0,1.0,0.6,0.0,0.0,0.13793103448275862,0.35064935064935066,0,0,0,0.6469265448020741,0,H
0.0,0.16666666666666666,1.0,0.6,1.0,0.0,0.10344827586206896,0.14285714285714285,0,1,0,0.5640010837593682,0,H
0.0,0.0,1.0,0.6,1.0,0.0,0.13793103448275862,0.05194805194805195,0,0,0,0.5442423639990639,0,H
0.0,0.0,0.8,0.6,1.0,0.0,0.1724137931034483,0.35064935064935066,1,0,1,0.5002973396163635,1,H
0.0,0.0,1.0,0.6,1.0,0.0,0.0,0.4935064935064935,1,0,1,0.6415613225108135,1,H
0.0,0.0,0.6,0.6,1.0,0.0,0.0,0.06493506493506493,1,0,1,0.6534981763435149,1,H
0.0,0.0,1.0,0.6,1.0,0.0,0.27586206896551724,0.15584415584415584,0,1,1,0.5512631632582573,0,H
0.0,0.0,1.0,0.6,1.0,0.0,0.4482758620689655,0.24675324675324675,0,1,0,0.5140968449984834,1,H
0.0,0.16666666666666666,0.8,0.4,0.0,0.0,0.2413793103448276,0.06493506493506493,0,1,0,0.616485437481508,0,H
0.0,0.0,0.8,0.4,1.0,0.0,0.3448275862068966,0.18181818181818182,0,1,0,0.5178726218027552,1,H
0.0,0.0,0.6,0.6,1.0,0.0,0.10344827586206896,0.23376623376623376,1,1,1,0.5062310457887194,1,H
0.0,0.0,1.0,0.2,1.0,0.0,0.034482758620689655,0.025974025974025976,0,0,0,0.650849005246408,0,H
0.0,0.08333333333333333,0.6,0.4,1.0,0.0,0.034482758620689655,0.15584415584415584,0,1,0,0.5672847730906776,0,H
0.2857142857142857,0.0,0.8,0.6,1.0,0.0,0.10344827586206896,0.06493506493506493,0,1,1,0.5048026865381811,0,H
0.0,0.0,1.0,0.6,1.0,0.0,0.034482758620689655,0.2597402597402597,0,0,0,0.612705664403282,0,H
0.0,0.0,0.8,0.4,1.0,0.0,0.0,0.11688311688311688,1,0,1,0.687743427907608,1,H
0.0,0.0,0.4,0.2,1.0,0.0,0.0,0.23376623376623376,0,0,0,0.7177389479902883,0,H
0.0,0.0,0.8,0.6,0.0,0.0,0.0,0.5454545454545454,0,0,0,0.6790183170600133,0,H
0.0,0.0,0.4,0.6,1.0,0.0,0.06896551724137931,0.18181818181818182,1,0,1,0.6573463046911185,1,H
0.0,0.0,0.8,0.6,0.0,0.0,0.0,0.4155844155844156,0,0,0,0.6628586158399679,0,H
0.0,0.0,0.2,0.6,1.0,0.0,0.1724137931034483,0.4025974025974026,1,1,1,0.5409026505843698,1,H
0.0,0.08333333333333333,0.8,0.6,1.0,0.0,0.034482758620689655,0.03896103896103896,0,0,1,0.5460040961423751,0,H
0.0,0.0,1.0,0.6,0.0,0.0,0.06896551724137931,0.3116883116883117,1,0,1,0.7342589669414715,1,H
0.0,0.0,0.8,0.4,1.0,0.0,0.034482758620689655,0.09090909090909091,0,0,0,0.6618642824206591,0,H
0.0,0.0,0.8,0.6,1.0,0.0,0.10344827586206896,0.15584415584415584,1,0,1,0.5900950011450539,1,H
0.0,0.0,1.0,0.6,0.0,0.0,0.034482758620689655,0.42857142857142855,0,0,0,0.7241348086080699,0,H
0.0,0.0,0.6,0.4,1.0,0.0,0.06896551724137931,0.07792207792207792,1,0,1,0.5960739974434531,1,H
0.0,0.0,0.8,0.6,1.0,0.0,0.20689655172413793,0.22077922077922077,0,0,0,0.503286903211948,0,H
0.0,0.0,1.0,0.6,1.0,0.0,0.13793103448275862,0.11688311688311688,1,0,1,0.5862680943330056,1,H
0.0,0.0,1.0,0.6,1.0,0.0,0.06896551724137931,0.09090909090909091,0,0,0,0.608475235299498,0,H
0.0,0.0,1.0,0.6,1.0,0.0,0.034482758620689655,0.11688311688311688,0,0,0,0.6395000910137395,0,H
0.14285714285714285,0.0,1.0,0.6,1.0,0.0,0.10344827586206896,0.14285714285714285,0,1,0,0.6191920453959404,0,H
0.0,0.0,0.8,0.4,1.0,0.0,0.06896551724137931,0.16883116883116883,0,0,0,0.6097725328086079,0,H
0.0,0.0,1.0,0.6,1.0,0.0,0.3103448275862069,0.36363636363636365,1,1,1,0.5778560397355216,1,H
0.0,0.0,0.8,0.2,0.0,0.0,0.0,0.15584415584415584,0,0,0,0.7451141937800375,0,H
0.0,0.0,1.0,0.8,1.0,0.0,0.13793103448275862,0.06493506493506493,1,0,1,0.5263281302032813,1,H
0.14285714285714285,0.0,0.8,0.6,1.0,0.0,0.06896551724137931,0.07792207792207792,0,1,0,0.5410773505928507,0,H
0.0,0.0,0.8,0.8,1.0,0.0,0.034482758620689655,0.4025974025974026,0,0,0,0.691948803600797,0,H
0.0,0.0,0.8,0.4,1.0,0.0,0.0,0.0,0,0,0,0.728477641813226,0,H
0.0,0.0,1.0,0.6,1.0,0.0,0.5517241379310345,0.19480519480519481,1,1,1,0.5919713818545267,1,H
0.0,0.0,0.6,0.6,1.0,0.0,0.10344827586206896,0.11688311688311688,1,1,1,0.7097271642276177,1,H
0.0,0.0,0.8,0.4,1.0,0.0,0.27586206896551724,0.5064935064935064,0,1,0,0.5587277299005484,0,H
0.0,0.0,0.6,0.6,1.0,0.0,0.06896551724137931,0.5454545454545454,1,0,1,0.5205867633576148,1,H
0.0,0.0,0.8,0.6,1.0,0.0,0.034482758620689655,0.16883116883116883,0,0,0,0.6502436878105018,0,H
0.0,0.0,0.8,0.4,1.0,0.0,0.13793103448275862,0.12987012987012986,1,0,1,0.5368158149262697,1,H
0.0,0.0,0.8,0.6,1.0,1.0,0.5517241379310345,0.2857142857142857,0,1,0,0.6007271690049413,0,H
0.0,0.0,0.8,0.8,1.0,0.0,0.13793103448275862,0.07792207792207792,0,1,0,0.580460111969758,0,H
0.0,0.0,1.0,0.2,0.0,0.0,0.034482758620689655,0.2077922077922078,0,0,0,0.7393348676834153,0,H
0.0,0.0,0.8,0.6,1.0,0.0,0.27586206896551724,0.3116883116883117,0,1,0,0.5132192255482285,0,H
0.0,0.0,0.6,0.4,1.0,0.0,0.0,0.38961038961038963,0,0,0,0.5586291745725287,0,H
0.0,0.0,0.6,0.6,1.0,0.0,0.06896551724137931,0.2727272727272727,0,1,0,0.5393715787426065,0,H
0.0,0.0,1.0,1.0,0.0,0.0,0.0,0.11688311688311688,0,0,0,0.7190181872901698,0,H
0.0,0.0,0.8,0.6,0.0,0.0,0.1724137931034483,0.24675324675324675,0,0,0,0.6318597221844409,0,H
0.42857142857142855,0.08333333333333333,1.0,0.6,1.0,0.0,0.2413793103448276,0.16883116883116883,1,1,1,0.5904260088821561,1,H
0.0,0.0,0.8,0.6,1.0,0.0,0.20689655172413793,0.4155844155844156,1,0,1,0.6363449403370202,1,H
0.0,0.08333333333333333,1.0,0.6,0.0,0.0,0.2413793103448276,0.12987012987012986,1,0,1,0.6163212964446533,1,H
0.0,0.0,1.0,0.4,1.0,0.0,0.0,0.35064935064935066,0,0,0,0.648796472154615,0,H
0.0,0.0,1.0,0.6,1.0,0.0,0.0,0.5844155844155844,0,0,0,0.7463747901568736,0,H
0.0,0.0,0.8,0.6,1.0,0.0,0.2413793103448276,0.1038961038961039,0,0,0,0.5250288944274145,0,H
0.0,0.0,0.8,0.6,1.0,0.0,0.27586206896551724,0.38961038961038963,0,0,0,0.5032267276500507,0,H
0.2857142857142857,0.0,0.8,0.6,1.0,0.0,0.20689655172413793,0.06493506493506493,0,0,0,0.500031820273757,0,H
0.0,0.0,0.8,0.4,0.0,0.0,0.4827586206896552,0.24675324675324675,0,1,0,0.5484773047697467,1,H
0.0,0.0,0.6,0.6,0.0,0.0,0.0,0.05194805194805195,1,0,1,0.7283698175724559,1,H
0.14285714285714285,0.0,0.8,0.6,1.0,0.0,0.10344827586206896,0.05194805194805195,0,1,0,0.5219983900268776,0,H
0.0,0.0,1.0,0.6,1.0,0.0,0.6896551724137931,0.09090909090909091,1,1,1,0.6268911764925318,1,H
0.14285714285714285,0.0,0.6,0.4,1.0,0.0,0.06896551724137931,0.15584415584415584,0,1,0,0.5250533182104669,0,H
0.0,0.0,1.0,0.6,1.0,0.0,0.034482758620689655,0.2987012987012987,0,0,0,0.693231916797884,0,H
0.0,0.0,0.6,0.4,1.0,0.0,0.034482758620689655,0.14285714285714285,0,0,0,0.6011648975676822,0,H
0.0,0.0,1.0,0.8,1.0,0.0,0.5172413793103449,0.09090909090909091,0,1,0,0.6921813136334117,0,H
0.0,0.0,0.4,0.6,1.0,0.0,0.13793103448275862,0.36363636363636365,0,1,0,0.6269147795895139,0,H
0.0,0.0,1.0,0.4,0.0,0.0,0.0,0.06493506493506493,0,0,1,0.7594873998789179,0,H
0.0,0.0,0.8,0.4,1.0,0.0,0.2413793103448276,0.12987012987012986,1,0,1,0.5643588526536406,1,H
0.0,0.0,0.8,0.6,1.0,0.0,0.3793103448275862,0.2857142857142857,1,0,1,0.5362497364534786,1,H
0.0,0.0,0.8,0.4,1.0,0.0,0.034482758620689655,0.16883116883116883,0,0,0,0.6171166685481355,0,H
0.5714285714285714,0.0,1.0,0.8,1.0,0.0,0.0,0.012987012987012988,0,1,0,0.6195191156484016,0,H
0.0,0.0,1.0,0.6,1.0,0.0,0.034482758620689655,0.24675324675324675,1,0,1,0.6766242840132002,1,H
0.0,0.0,1.0,0.6,1.0,0.2,0.06896551724137931,0.06493506493506493,1,1,0,0.5006427521952349,1,H
0.0,0.0,0.8,0.4,1.0,0.0,0.10344827586206896,0.14285714285714285,0,0,0,0.6360243496941155,0,H
0.0,0.0,1.0,0.4,1.0,0.0,0.4482758620689655,0.09090909090909091,1,1,1,0.512042101805952,1,H
0.0,0.0,0.8,0.6,1.0,0.0,0.4827586206896552,0.11688311688311688,0,1,0,0.5676032476235847,1,H
0.0,0.0,1.0,0.6,1.0,0.0,0.06896551724137931,0.4155844155844156,0,0,0,0.6536806574570437,0,H
0.0,0.0,0.8,0.6,1.0,0.0,0.3793103448275862,0.16883116883116883,0,1,0,0.5164832738629046,0,H
0.0,0.0,1.0,0.2,0.0,0.0,0.0,0.0,1,0,0,0.7799288729478547,0,M
0.0,0.0,1.0,0.6,0.0,0.0,0.10344827586206896,0.1038961038961039,1,0,1,0.6177309123394741,1,H
0.0,0.0,0.8,0.6,1.0,0.0,0.0,0.33766233766233766,1,0,1,0.705431435404661,1,H
0.0,0.0,1.0,0.8,1.0,0.0,0.13793103448275862,0.09090909090909091,1,0,1,0.6212548161056921,1,H
0.0,0.0,0.8,0.2,0.0,0.0,0.034482758620689655,0.11688311688311688,0,0,0,0.7901678407303383,0,H
0.0,0.0,1.0,0.4,1.0,0.0,0.06896551724137931,0.45454545454545453,0,0,0,0.6316923790703812,0,H
0.0,0.0,0.4,0.4,1.0,0.0,0.0,0.5974025974025974,0,0,0,0.7176760762975449,0,H
0.0,0.0,0.6,0.6,1.0,0.0,0.0,0.36363636363636365,0,0,0,0.7350492142636208,0,H
0.0,0.0,1.0,0.4,1.0,0.0,0.0,0.2077922077922078,0,0,0,0.6225937661698507,0,H
0.0,0.0,0.6,0.4,1.0,0.0,0.10344827586206896,0.23376623376623376,1,0,1,0.504512130770995,1,H
0.0,0.0,1.0,0.6,0.0,0.0,0.10344827586206896,0.2987012987012987,0,0,0,0.600029222135768,0,H
0.0,0.0,0.4,0.8,1.0,0.0,0.0,0.4935064935064935,0,0,0,0.7437602361915957,0,H
0.0,0.0,1.0,0.6,1.0,0.0,0.20689655172413793,0.19480519480519481,1,0,1,0.5583346923358534,1,H
0.0,0.0,1.0,0.8,1.0,0.0,0.5172413793103449,0.11688311688311688,0,1,0,0.6064565983900071,0,H
0.0,0.0,1.0,0.6,1.0,0.0,0.06896551724137931,0.35064935064935066,1,0,1,0.6897571727711286,1,H
0.0,0.0,0.8,0.6,1.0,0.0,0.034482758620689655,0.37662337662337664,0,0,0,0.6428620778633378,0,H
0.0,0.0,1.0,0.6,1.0,0.0,0.3103448275862069,0.4675324675324675,0,1,0,0.5841582049390739,1,H
0.0,0.0,1.0,0.6,0.0,0.0,0.0,0.025974025974025976,0,0,0,0.7753391379211344,0,H
0.0,0.0,1.0,0.2,1.0,0.0,0.27586206896551724,0.4155844155844156,1,0,1,0.5327597022633103,1,H
0.0,0.0,1.0,0.6,0.0,0.0,0.13793103448275862,0.37662337662337664,0,0,0,0.6616023983175123,0,H
0.0,0.0,0.4,0.4,0.0,0.0,0.0,0.23376623376623376,1,0,1,0.7835278276769697,1,H
0.0,0.0,1.0,0.6,1.0,0.0,0.6896551724137931,0.44155844155844154,0,1,0,0.5876790292205912,1,H
0.0,0.0,0.6,0.6,1.0,0.0,0.06896551724137931,0.06493506493506493,1,0,1,0.6238314788341185,1,H
0.0,0.0,0.6,0.6,1.0,0.0,0.0,0.0,0,0,0,0.6988487151127681,0,H
0.0,0.08333333333333333,1.0,0.6,1.0,0.0,0.034482758620689655,0.012987012987012988,0,0,0,0.658577379115582,0,H
0.0,0.0,0.8,0.2,0.0,0.0,0.10344827586206896,0.42857142857142855,0,0,0,0.72820858803117,0,H
0.0,0.0,1.0,0.2,1.0,0.0,0.13793103448275862,0.2077922077922078,0,1,0,0.5167482715873136,0,H
0.0,0.0,1.0,0.2,0.0,0.0,0.0,0.09090909090909091,0,0,0,0.8250128928455066,0,H
0.0,0.0,1.0,0.6,0.0,0.0,0.0,0.15584415584415584,0,0,0,0.7375407198030862,0,H
0.0,0.0,0.6,0.8,1.0,0.0,0.0,0.14285714285714285,0,0,0,0.7611764208851091,0,H
0.0,0.0,1.0,0.6,1.0,0.0,0.06896551724137931,0.16883116883116883,0,0,0,0.5548491265826131,0,H
0.0,0.0,0.6,0.4,1.0,0.0,0.0,0.6363636363636364,0,0,0,0.8039523598261195,0,H
0.0,0.0,1.0,0.6,1.0,0.6,0.5862068965517241,0.23376623376623376,0,1,0,0.639566490601671,1,H
0.0,0.0,1.0,0.6,1.0,0.0,0.1724137931034483,0.4675324675324675,1,0,1,0.5887645518019148,1,H
0.0,0.0,1.0,0.6,1.0,0.0,0.3103448275862069,0.15584415584415584,0,1,0,0.5384115360901357,1,H
0.0,0.0,0.6,0.4,1.0,0.0,0.0,0.5844155844155844,0,0,0,0.8183614689195409,0,H
0.0,0.0,1.0,0.8,1.0,0.0,0.06896551724137931,0.11688311688311688,0,0,1,0.6273095725294585,0,H
0.0,0.08333333333333333,0.0,0.6,1.0,0.0,0.034482758620689655,0.012987012987012988,1,0,1,0.733939482811493,1,H
0.0,0.08333333333333333,1.0,0.8,1.0,0.0,0.3448275862068966,0.19480519480519481,0,1,1,0.6387802335543689,1,H
0.0,0.0,0.4,0.6,1.0,0.0,0.0,0.012987012987012988,0,0,0,0.7123063107521782,0,H
0.0,0.0,1.0,0.6,1.0,0.0,0.0,0.4805194805194805,0,0,0,0.5745265172982049,0,H
0.0,0.08333333333333333,0.6,0.6,1.0,0.0,0.06896551724137931,0.05194805194805195,0,0,0,0.5931265261319852,1,H
0.0,0.0,1.0,0.4,1.0,0.0,0.13793103448275862,0.1038961038961039,0,0,0,0.6316184913072322,0,H
0.0,0.0,1.0,0.6,1.0,0.0,0.27586206896551724,0.09090909090909091,1,1,1,0.5002719276196745,1,H
0.0,0.0,1.0,0.8,1.0,0.0,0.27586206896551724,0.5194805194805194,1,1,1,0.6198779940187527,1,H
0.0,0.0,0.8,0.6,1.0,0.0,0.034482758620689655,0.4675324675324675,0,0,0,0.7544825734125542,0,H
0.0,0.0,0.8,0.6,1.0,0.0,0.034482758620689655,0.2597402597402597,0,0,0,0.7055137599445006,0,H
0.0,0.0,0.8,0.2,1.0,0.0,0.034482758620689655,0.1038961038961039,1,0,1,0.7363523111046999,1,H
0.0,0.0,0.8,0.6,0.0,0.0,0.10344827586206896,0.38961038961038963,0,0,0,0.7746614568184009,0,H
0.0,0.0,0.8,0.6,1.0,0.0,0.2413793103448276,0.18181818181818182,1,0,1,0.6082885933297487,1,H
0.0,0.0,1.0,0.8,0.0,0.0,0.06896551724137931,0.2597402597402597,1,0,0,0.7691524846517824,1,H
0.0,0.0,0.8,0.4,1.0,0.0,0.0,0.2987012987012987,0,0,0,0.6822130333615967,0,H
0.0,0.0,1.0,0.4,1.0,0.0,0.06896551724137931,0.5454545454545454,0,0,0,0.6609371414367982,0,H
0.2857142857142857,0.0,1.0,0.6,1.0,0.0,0.10344827586206896,0.05194805194805195,1,0,1,0.5575957888069054,1,H
0.0,0.0,1.0,0.6,1.0,0.0,0.6896551724137931,0.11688311688311688,1,1,1,0.5580519673789515,1,H
0.0,0.0,1.0,0.4,1.0,0.0,0.034482758620689655,0.37662337662337664,0,0,0,0.7490273560773838,0,H
0.0,0.0,1.0,0.6,1.0,0.0,0.7241379310344828,0.3116883116883117,1,1,0,0.5058472075223979,1,H
0.2857142857142857,0.0,1.0,0.2,1.0,0.0,0.20689655172413793,0.07792207792207792,1,1,1,0.5994801509603429,1,H
0.0,0.0,0.6,0.8,1.0,0.0,0.034482758620689655,0.19480519480519481,0,0,0,0.7270349213987771,0,H
0.0,0.0,0.4,0.4,1.0,0.0,0.034482758620689655,0.09090909090909091,0,0,0,0.6391082889419849,0,H
0.0,0.0,1.0,0.8,0.0,0.0,0.034482758620689655,0.11688311688311688,0,0,0,0.7878276962373537,0,H
0.0,0.0,1.0,0.4,0.0,0.0,0.06896551724137931,0.09090909090909091,1,0,1,0.7708653838632765,1,H
0.0,0.0,0.8,0.6,1.0,0.0,0.0,0.18181818181818182,0,0,0,0.6820710194296385,0,H
0.2857142857142857,0.08333333333333333,1.0,0.2,1.0,0.0,0.034482758620689655,0.05194805194805195,1,1,1,0.6145180439578479,1,H
0.0,0.0,0.8,0.4,1.0,0.0,0.0,0.09090909090909091,1,0,1,0.6989127628515319,1,H
0.0,0.0,0.8,0.2,1.0,0.0,0.0,0.05194805194805195,0,0,0,0.6494241539569385,0,H
0.0,0.0,1.0,0.8,1.0,0.0,0.06896551724137931,0.03896103896103896,0,0,0,0.7129329081327501,0,H
0.0,0.0,0.8,0.8,1.0,0.2,0.034482758620689655,0.012987012987012988,1,0,1,0.6092910267483425,1,H
0.0,0.0,0.8,0.4,0.0,0.0,0.034482758620689655,0.18181818181818182,1,0,1,0.8379254831823016,1,H
0.0,0.0,0.6,0.8,1.0,0.0,0.034482758620689655,0.03896103896103896,0,0,0,0.6908252793425281,0,H
0.0,0.0,1.0,0.6,1.0,0.0,0.3793103448275862,0.2077922077922078,0,1,0,0.5385820997470238,1,H
0.0,0.0,1.0,0.4,1.0,0.0,0.1724137931034483,0.14285714285714285,0,0,0,0.5732513345209227,0,H
0.0,0.0,1.0,0.8,0.0,0.0,0.034482758620689655,0.09090909090909091,1,0,1,0.742999184266969,1,H
0.5714285714285714,0.0,1.0,0.8,1.0,0.0,0.3103448275862069,0.16883116883116883,0,1,0,0.5972230691967988,1,H
0.0,0.0,1.0,0.6,1.0,0.0,0.06896551724137931,0.07792207792207792,1,0,1,0.6791916553540933,1,H
0.0,0.0,0.8,0.2,1.0,0.0,0.1724137931034483,0.19480519480519481,1,0,1,0.5482661101943495,1,H
0.0,0.0,1.0,0.4,0.0,0.0,0.0,0.05194805194805195,0,0,0,0.7520525085523561,0,H
0.0,0.0,1.0,0.6,1.0,0.0,0.27586206896551724,0.14285714285714285,0,1,0,0.510508284772477,0,H
0.0,0.0,0.6,0.4,1.0,0.0,0.0,0.5324675324675324,0,0,0,0.7901919188972973,0,H
0.14285714285714285,0.0,1.0,0.6,1.0,0.0,0.5172413793103449,0.35064935064935066,1,1,1,0.5588446439937493,1,H
0.0,0.0,0.8,0.4,1.0,0.0,0.10344827586206896,0.2727272727272727,0,0,0,0.6071903975595071,0,H
0.0,0.0,0.6,0.6,1.0,0.0,0.034482758620689655,0.5324675324675324,0,0,0,0.6974449375293807,0,H
0.0,0.0,0.8,0.6,1.0,0.0,0.2413793103448276,0.2727272727272727,0,0,0,0.5170653784287215,0,H
0.0,0.0,0.2,0.4,1.0,0.0,0.034482758620689655,0.5454545454545454,0,0,0,0.7458321885203896,0,H
0.0,0.0,1.0,0.4,1.0,0.0,0.034482758620689655,0.012987012987012988,1,0,1,0.7001991207757969,1,H
0.0,0.0,0.4,0.4,1.0,0.0,0.10344827586206896,0.19480519480519481,0,1,0,0.506505566382951,0,H
0.0,0.0,1.0,0.8,1.0,0.2,0.06896551724137931,0.05194805194805195,0,1,0,0.5871436919672455,1,H
0.0,0.0,1.0,0.8,1.0,0.0,0.034482758620689655,0.07792207792207792,1,0,1,0.6504295711368886,1,H
0.14285714285714285,0.0,0.8,0.4,1.0,0.0,0.1724137931034483,0.07792207792207792,1,0,1,0.509280575802693,1,H
0.0,0.0,1.0,0.4,0.0,0.0,0.2413793103448276,0.14285714285714285,1,1,1,0.5074729125923187,1,H
0.14285714285714285,0.08333333333333333,1.0,0.6,1.0,0.2,0.06896551724137931,0.012987012987012988,1,1,1,0.6391360123275103,1,H
0.0,0.0,0.8,0.4,1.0,0.0,0.034482758620689655,0.1038961038961039,0,0,0,0.6146605097448664,0,H
0.0,0.0,1.0,0.6,0.0,0.0,0.034482758620689655,0.19480519480519481,0,0,0,0.708556741326157,0,H
0.0,0.0,0.8,0.4,1.0,0.0,0.10344827586206896,0.025974025974025976,0,0,0,0.5797540551732001,0,H
0.0,0.0,0.4,0.6,1.0,0.4,0.3103448275862069,0.24675324675324675,0,0,0,0.6212582180652028,0,H
0.0,0.0,0.8,0.4,1.0,0.0,0.13793103448275862,0.23376623376623376,1,0,1,0.6384957843552208,1,H
0.0,0.0,1.0,0.8,1.0,0.0,0.1724137931034483,0.11688311688311688,1,1,1,0.5334545962631055,1,H
0.0,0.0,1.0,0.4,1.0,0.0,0.034482758620689655,0.2727272727272727,0,0,0,0.6265435189475539,0,H
0.0,0.0,0.8,0.4,0.0,0.0,0.0,0.24675324675324675,0,0,0,0.7751041667679547,0,H
0.0,0.0,1.0,0.4,1.0,0.0,0.0,0.06493506493506493,0,0,0,0.5675078721763047,0,H
0.0,0.0,1.0,0.6,1.0,0.0,0.3793103448275862,0.14285714285714285,1,1,1,0.5138237768318116,1,H
0.0,0.0,0.8,0.6,1.0,0.2,0.06896551724137931,0.09090909090909091,1,0,1,0.5201709680466001,1,H
0.0,0.0,1.0,0.0,1.0,0.0,0.034482758620689655,0.12987012987012986,0,0,0,0.6563096692046909,0,H
0.0,0.0,1.0,0.6,0.0,0.0,0.13793103448275862,0.5064935064935064,1,0,1,0.6116457958561529,1,H
0.14285714285714285,0.0,1.0,0.2,1.0,0.2,0.41379310344827586,0.23376623376623376,1,1,1,0.7059322244053023,1,H
0.0,0.0,1.0,0.6,1.0,0.0,0.034482758620689655,0.35064935064935066,0,0,0,0.6458476491510654,0,H
0.0,0.0,1.0,0.6,1.0,0.0,0.0,0.35064935064935066,1,0,1,0.7116576165953081,1,H
0.0,0.0,0.8,0.6,0.0,0.0,0.06896551724137931,0.09090909090909091,1,0,1,0.6717583300867539,1,H
0.2857142857142857,0.0,0.8,0.6,1.0,0.0,0.10344827586206896,0.2077922077922078,0,1,0,0.509564672120157,0,H
0.0,0.0,0.6,1.0,1.0,0.0,0.0,0.12987012987012986,1,0,1,0.6958294102860505,1,H
0.0,0.08333333333333333,1.0,0.6,1.0,0.8,0.3793103448275862,0.14285714285714285,0,1,0,0.6161822615766132,0,H
0.0,0.08333333333333333,1.0,0.6,1.0,0.0,0.27586206896551724,0.14285714285714285,0,1,0,0.6022024886648103,1,H
0.0,0.0,0.8,0.6,0.0,0.0,0.13793103448275862,0.2727272727272727,1,0,1,0.6754261934100324,1,H
0.0,0.0,0.8,0.6,1.0,0.0,0.034482758620689655,0.35064935064935066,0,0,0,0.584544895961343,0,H
0.0,0.0,1.0,0.6,1.0,0.0,0.1724137931034483,0.19480519480519481,0,0,0,0.5251375127384872,0,H
0.8571428571428571,0.16666666666666666,1.0,0.8,1.0,0.0,0.27586206896551724,0.025974025974025976,1,1,1,0.5658122509378497,1,H
0.0,0.0,0.8,1.0,1.0,0.0,0.034482758620689655,0.44155844155844154,0,0,0,0.6821699650141156,0,H
0.0,0.0,1.0,0.4,0.0,0.0,0.4827586206896552,0.38961038961038963,1,1,1,0.5663260672267346,1,H
0.0,0.0,0.8,0.6,1.0,0.0,0.13793103448275862,0.16883116883116883,0,0,0,0.5700330215822514,0,H
0.0,0.0,1.0,0.8,0.0,0.0,0.0,0.12987012987012986,1,0,1,0.5958303605481635,1,H
0.0,0.0,0.8,0.8,1.0,0.0,0.034482758620689655,0.2857142857142857,0,0,0,0.7250550403388981,0,H
0.0,0.0,0.8,0.2,1.0,0.0,0.06896551724137931,0.18181818181818182,0,0,0,0.6224724108284279,0,H
0.0,0.0,1.0,0.6,1.0,0.0,0.20689655172413793,0.11688311688311688,0,0,0,0.5053654429004933,0,H
0.0,0.0,1.0,0.6,1.0,0.0,0.06896551724137931,0.2077922077922078,0,0,0,0.6781107752721286,0,H
0.0,0.0,0.4,0.6,0.0,0.0,0.0,0.06493506493506493,0,0,0,0.6113191419600742,0,H
0.0,0.0,1.0,0.4,1.0,0.0,0.5862068965517241,0.4805194805194805,0,1,0,0.6848242339651356,1,H
0.0,0.0,0.8,0.6,1.0,0.0,0.034482758620689655,0.5454545454545454,1,0,1,0.756292047708883,1,H
0.42857142857142855,0.0,0.8,0.2,1.0,0.0,0.3448275862068966,0.09090909090909091,1,0,1,0.5222007466668587,1,H
0.0,0.0,1.0,0.6,1.0,0.0,0.27586206896551724,0.03896103896103896,0,1,0,0.5266563477661802,0,H
0.0,0.0,1.0,0.6,0.0,0.0,0.2413793103448276,0.22077922077922077,1,0,1,0.5684640246834314,1,H
1.0,1.0,0.8,0.8,1.0,0.4,0.6551724137931034,0.07792207792207792,0,1,0,0.7987968186621989,1,M
0.0,0.0,0.8,0.2,1.0,0.0,0.1724137931034483,0.1038961038961039,0,0,0,0.5079887191012675,0,H
0.0,0.3333333333333333,0.8,0.6,1.0,0.0,0.13793103448275862,0.012987012987012988,0,0,0,0.5692308457291794,0,H
0.14285714285714285,0.0,1.0,0.8,1.0,0.4,0.06896551724137931,0.07792207792207792,0,1,0,0.7157677263906381,1,H
0.0,0.0,1.0,0.6,0.0,0.0,0.20689655172413793,0.16883116883116883,1,1,1,0.5275736773499164,1,H
0.0,0.0,1.0,0.6,1.0,0.0,0.8620689655172413,0.11688311688311688,1,1,1,0.613996973925311,1,H
0.0,0.08333333333333333,1.0,0.4,0.0,0.0,0.06896551724137931,0.03896103896103896,1,0,1,0.5834605317238779,1,H
0.0,0.0,1.0,0.6,0.0,0.0,0.034482758620689655,0.012987012987012988,0,0,0,0.6425289790014327,0,H
0.0,0.0,0.6,0.4,1.0,0.0,0.13793103448275862,0.23376623376623376,0,0,0,0.5928853676649787,0,H
0.0,0.0,0.8,0.6,1.0,0.0,0.0,0.3246753246753247,1,0,0,0.6091818275353118,1,H
0.0,0.0,1.0,0.6,1.0,0.0,0.034482758620689655,0.2077922077922078,1,0,1,0.6495142747846797,1,H
0.0,0.0,1.0,0.4,0.0,0.0,0.0,0.42857142857142855,0,0,0,0.6891319197137178,0,H
0.2857142857142857,0.08333333333333333,1.0,0.6,1.0,0.0,0.41379310344827586,0.14285714285714285,0,1,0,0.7050746793578296,1,H
0.0,0.0,0.8,0.6,1.0,0.0,0.06896551724137931,0.025974025974025976,0,0,0,0.6949071943224455,0,H
0.0,0.0,0.4,0.6,1.0,0.0,0.0,0.33766233766233766,0,0,0,0.7456748869929762,0,H
0.14285714285714285,0.0,0.8,0.6,1.0,0.0,0.1724137931034483,0.19480519480519481,1,1,1,0.6072852751239882,1,H
0.0,0.0,1.0,0.6,1.0,0.0,0.5862068965517241,0.4675324675324675,1,1,1,0.6670392763454124,1,H
0.0,0.0,1.0,0.6,1.0,0.0,0.034482758620689655,0.3246753246753247,0,0,0,0.5915392460343837,0,H
0.0,0.0,1.0,0.2,1.0,0.0,0.0,0.07792207792207792,1,0,1,0.6564180773925644,1,H
0.0,0.0,1.0,0.4,0.0,0.0,0.0,0.23376623376623376,0,0,0,0.6412444681777262,0,H
0.0,0.0,1.0,0.4,1.0,0.0,0.034482758620689655,0.07792207792207792,1,0,1,0.63492782453161,1,H
0.0,0.0,0.8,0.6,0.0,0.0,0.034482758620689655,0.2857142857142857,0,0,0,0.668867449128456,0,H
0.0,0.0,0.2,0.4,1.0,0.0,0.034482758620689655,0.36363636363636365,0,0,0,0.7015103750872973,0,H
0.0,0.0,1.0,0.6,1.0,0.0,0.4482758620689655,0.5454545454545454,0,1,0,0.6391900766942764,1,H
0.0,0.0,0.6,0.4,1.0,0.0,0.3793103448275862,0.11688311688311688,0,1,0,0.5541454539045392,1,H
0.0,0.0,0.6,0.6,1.0,0.0,0.2413793103448276,0.09090909090909091,1,0,1,0.5610791754006748,1,H
0.0,0.0,0.4,0.6,1.0,0.0,0.06896551724137931,0.4155844155844156,0,0,0,0.6043532329832312,0,H
0.0,0.0,1.0,0.8,0.0,0.0,0.06896551724137931,0.025974025974025976,0,0,0,0.5447679241028343,0,H
0.0,0.0,0.6,0.6,1.0,0.0,0.06896551724137931,0.11688311688311688,0,0,0,0.5876282605332241,0,H
0.0,0.0,1.0,0.6,1.0,0.0,0.06896551724137931,0.38961038961038963,1,0,0,0.7509943219968478,0,M
0.0,0.0,1.0,0.8,1.0,0.0,0.06896551724137931,0.05194805194805195,1,0,0,0.5387388919189863,1,H
0.0,0.0,1.0,0.8,1.0,0.0,0.2413793103448276,0.15584415584415584,1,1,1,0.506729695621008,1,H
0.0,0.0,0.8,0.6,1.0,0.0,0.3103448275862069,0.4675324675324675,0,1,0,0.5379718333995285,0,H
0.0,0.0,1.0,0.2,1.0,0.0,0.0,0.3116883116883117,0,0,0,0.7580453484363704,0,H
0.0,0.0,0.8,0.6,1.0,0.0,0.10344827586206896,0.16883116883116883,0,0,0,0.6329972138871653,0,H
0.0,0.0,1.0,0.6,1.0,0.0,0.034482758620689655,0.3116883116883117,1,0,1,0.6554899145009937,1,H
0.0,0.0,1.0,0.6,1.0,0.0,0.7586206896551724,0.36363636363636365,1,1,1,0.6788359871635207,1,H
0.0,0.0,1.0,0.8,1.0,0.2,0.034482758620689655,0.012987012987012988,1,1,1,0.6178454213432095,1,H
0.0,0.0,0.6,0.4,1.0,0.0,0.06896551724137931,0.4025974025974026,0,0,0,0.6900340628664668,0,H
0.0,0.0,0.8,0.4,0.0,0.0,0.034482758620689655,0.2077922077922078,0,0,0,0.7501746329082718,0,H
0.0,0.0,1.0,0.6,1.0,0.0,0.13793103448275862,0.23376623376623376,0,0,0,0.6137921024900979,0,H
0.0,0.0,0.4,0.4,1.0,0.0,0.06896551724137931,0.05194805194805195,0,0,0,0.5985545558904499,0,H
0.0,0.0,0.6,0.4,1.0,0.0,0.06896551724137931,0.16883116883116883,0,0,1,0.6949218403083084,0,H
0.0,0.0,1.0,0.6,1.0,0.2,0.3448275862068966,0.35064935064935066,0,1,0,0.7734382988138737,1,M
0.0,0.0,0.8,0.4,0.0,0.0,0.1724137931034483,0.33766233766233766,0,0,0,0.5794223891566249,0,H
0.0,0.0,1.0,0.6,1.0,0.0,0.3793103448275862,0.33766233766233766,0,1,0,0.6730838849563123,1,H
0.0,0.0,1.0,0.8,1.0,0.0,0.4482758620689655,0.44155844155844154,0,1,0,0.6093046481813642,0,H
0.0,0.0,0.6,0.2,1.0,0.0,0.034482758620689655,0.44155844155844154,1,0,1,0.7692765978669117,0,M
0.0,0.0,0.6,0.6,1.0,0.0,0.0,0.5064935064935064,0,0,0,0.7977630148676716,0,H
0.0,0.08333333333333333,1.0,0.6,0.0,0.0,0.13793103448275862,0.14285714285714285,0,1,0,0.5815282240527425,0,H
0.0,0.0,1.0,0.6,1.0,0.0,0.5172413793103449,0.5454545454545454,1,1,1,0.627372331736652,1,H
0.0,0.0,0.4,0.6,1.0,0.0,0.06896551724137931,0.14285714285714285,0,0,0,0.6918874790766997,0,H
0.42857142857142855,0.0,1.0,0.6,1.0,0.0,0.6206896551724138,0.18181818181818182,1,1,1,0.6426908328150255,1,H
0.0,0.08333333333333333,1.0,0.8,1.0,0.0,0.06896551724137931,0.03896103896103896,0,1,0,0.5721902020170165,1,H
0.0,0.16666666666666666,1.0,0.2,0.0,0.0,0.06896551724137931,0.2077922077922078,0,0,0,0.5026411303580425,0,H
0.0,0.08333333333333333,1.0,0.6,1.0,0.0,0.20689655172413793,0.11688311688311688,1,1,1,0.5377992375634976,1,H
0.0,0.0,0.4,0.8,1.0,0.0,0.20689655172413793,0.22077922077922077,0,0,0,0.5586127541871083,0,H
0.0,0.0,0.6,0.6,1.0,0.0,0.10344827586206896,0.42857142857142855,0,0,0,0.5003510486971681,0,H
0.0,0.08333333333333333,0.8,0.2,1.0,0.2,0.6206896551724138,0.14285714285714285,0,1,0,0.6232990026539617,0,H
0.0,0.0,1.0,0.6,1.0,0.0,0.4827586206896552,0.16883116883116883,1,1,1,0.5391497366150116,1,H
0.0,0.0,0.8,0.2,1.0,0.0,0.0,0.42857142857142855,0,0,0,0.7824096774125388,0,H
0.0,0.0,1.0,0.2,1.0,0.0,0.0,0.12987012987012986,0,0,0,0.7033008854628207,0,H
0.0,0.0,1.0,0.8,0.0,0.0,0.1724137931034483,0.19480519480519481,1,1,1,0.528475017085308,1,H
0.0,0.0,0.6,0.6,1.0,0.0,0.034482758620689655,0.24675324675324675,0,0,0,0.7883614728242658,0,H
0.0,0.0,0.8,0.6,1.0,0.0,0.0,0.38961038961038963,0,0,0,0.7183344888722493,0,H
0.14285714285714285,0.0,1.0,0.6,1.0,0.0,0.3103448275862069,0.07792207792207792,0,1,0,0.7090970182967986,1,H
0.0,0.0,1.0,0.2,1.0,0.0,0.13793103448275862,0.4025974025974026,0,0,0,0.6800773035125367,0,H
0.0,0.0,1.0,0.2,1.0,0.0,0.034482758620689655,0.07792207792207792,0,0,0,0.6821737899317717,0,H
0.0,0.0,1.0,0.6,1.0,0.2,0.2413793103448276,0.025974025974025976,1,1,1,0.6600491485407426,1,H
0.0,0.0,0.8,0.4,0.0,0.0,0.0,0.5714285714285714,0,0,0,0.7720173731002811,0,H
0.0,0.0,1.0,0.2,1.0,0.0,0.0,0.2727272727272727,0,0,0,0.7733392681203186,0,H
0.0,0.0,1.0,0.4,1.0,0.0,0.0,0.45454545454545453,1,0,1,0.7917285048711971,1,H
0.0,0.0,0.8,0.4,1.0,0.0,0.06896551724137931,0.15584415584415584,1,0,1,0.7292044034978331,0,M
0.0,0.0,0.8,0.4,1.0,0.0,0.3103448275862069,0.09090909090909091,1,1,1,0.5192917755355189,1,H
0.0,0.0,1.0,0.6,0.0,0.0,0.1724137931034483,0.09090909090909091,1,1,1,0.6306798467954472,1,H
0.0,0.0,0.6,0.6,1.0,0.0,0.0,0.15584415584415584,0,0,0,0.7954303771432267,0,H
0.0,0.0,1.0,0.6,1.0,0.0,0.4482758620689655,0.5584415584415584,1,1,1,0.6485905792687185,1,H
0.0,0.0,0.8,0.6,1.0,0.4,0.10344827586206896,0.1038961038961039,0,1,0,0.7040433655158784,0,H
0.0,0.0,0.8,0.6,1.0,0.0,0.41379310344827586,0.38961038961038963,1,1,1,0.564675817795542,1,H
0.0,0.0,0.6,0.4,1.0,0.0,0.0,0.42857142857142855,1,0,1,0.8074545883823544,1,H
0.0,0.0,1.0,0.8,0.0,0.0,0.27586206896551724,0.14285714285714285,1,1,1,0.7258690173903524,1,H
0.0,0.0,0.6,0.6,1.0,0.0,0.034482758620689655,0.03896103896103896,1,0,1,0.7284291986050302,0,M
0.0,0.0,0.8,0.4,1.0,0.0,0.0,0.35064935064935066,1,0,1,0.7400426832209115,1,H
0.0,0.0,1.0,0.6,1.0,0.0,0.034482758620689655,0.4025974025974026,0,0,0,0.678109951631746,0,H
0.0,0.0,0.8,0.6,1.0,0.0,0.10344827586206896,0.2727272727272727,0,0,0,0.7038879530861534,0,H
0.0,0.0,1.0,0.6,1.0,0.0,0.3793103448275862,0.03896103896103896,1,1,1,0.6243987899132906,1,H
0.0,0.0,1.0,0.6,1.0,0.0,0.06896551724137931,0.23376623376623376,0,0,0,0.6684148847361209,0,H
0.0,0.0,0.8,0.4,0.0,0.0,0.0,0.09090909090909091,0,0,0,0.774982161223529,0,H
0.0,0.0,0.8,0.4,0.0,0.0,0.1724137931034483,0.4155844155844156,1,0,1,0.6270686256927658,1,H
0.0,0.0,1.0,0.6,0.0,0.0,0.10344827586206896,0.11688311688311688,1,0,0,0.561150362771675,1,H
0.0,0.0,1.0,0.4,1.0,0.0,0.13793103448275862,0.45454545454545453,1,0,1,0.6106892957766135,1,H
0.0,0.0,1.0,0.2,1.0,0.0,0.13793103448275862,0.03896103896103896,0,0,0,0.5818890645612552,0,H
0.0,0.0,1.0,0.2,0.0,0.0,0.0,0.06493506493506493,0,0,0,0.8635820881321135,0,H
0.0,0.08333333333333333,1.0,0.6,1.0,0.0,0.06896551724137931,0.025974025974025976,1,0,1,0.5731243201717878,1,H
0.0,0.0,1.0,0.6,1.0,0.0,0.0,0.4675324675324675,1,0,1,0.6531953810431785,1,H
0.0,0.0,1.0,0.6,0.0,0.0,0.20689655172413793,0.2987012987012987,0,1,0,0.5814010514609884,0,H
0.0,0.0,1.0,0.6,1.0,0.0,0.0,0.2727272727272727,0,0,0,0.6027862008524002,0,H
0.42857142857142855,0.0,0.8,0.8,1.0,0.0,0.3103448275862069,0.15584415584415584,1,1,1,0.6166127037373058,1,H
0.0,0.0,1.0,0.4,1.0,0.0,0.034482758620689655,0.5974025974025974,0,0,0,0.6595319627886973,0,H
0.42857142857142855,0.0,1.0,0.6,1.0,0.0,0.0,0.025974025974025976,0,1,1,0.6383385577845767,0,H
0.0,0.0,1.0,0.6,1.0,0.0,0.4482758620689655,0.2597402597402597,1,1,1,0.6475735786999169,1,H
0.0,0.0,0.8,0.8,1.0,0.0,0.0,0.05194805194805195,0,0,0,0.7328796953093151,0,H
0.0,0.0,1.0,0.6,1.0,0.0,0.4482758620689655,0.2857142857142857,1,1,1,0.679109745633257,1,H
0.0,0.0,0.6,0.6,1.0,0.0,0.0,0.07792207792207792,1,0,1,0.7997604203474526,1,H
0.0,0.08333333333333333,1.0,0.6,1.0,1.0,0.3448275862068966,0.06493506493506493,1,1,1,0.504297808101146,1,H
0.0,0.16666666666666666,0.4,0.6,1.0,0.0,0.10344827586206896,0.025974025974025976,1,0,1,0.5596776674473185,1,H
0.0,0.0,0.8,0.8,1.0,0.0,0.0,0.4025974025974026,0,0,0,0.697262987062318,0,H
0.0,0.0,0.4,0.6,0.0,0.0,0.0,0.12987012987012986,0,0,0,0.6953940998524365,0,H
0.0,0.0,1.0,0.6,1.0,0.0,0.9655172413793104,0.4935064935064935,1,1,1,0.7017005409335801,1,H
0.0,0.0,0.4,0.6,1.0,0.0,0.20689655172413793,0.1038961038961039,0,0,0,0.597347871202721,0,H
0.5714285714285714,0.0,0.8,0.8,0.0,0.0,0.1724137931034483,0.05194805194805195,1,1,1,0.6132256203722066,1,H
0.0,0.0,0.6,0.8,1.0,0.0,0.034482758620689655,0.1038961038961039,0,0,0,0.7617540271378154,0,H
0.0,0.0,0.8,0.6,1.0,0.0,0.1724137931034483,0.2077922077922078,0,0,0,0.6576673902930861,0,H
0.0,0.0,1.0,0.6,1.0,0.0,0.2413793103448276,0.33766233766233766,0,0,0,0.6086016924823149,0,H
0.14285714285714285,0.0,1.0,0.2,0.0,0.0,0.3793103448275862,0.06493506493506493,1,1,1,0.7202399530575778,1,H
0.0,0.0,0.4,0.4,1.0,0.0,0.0,0.5584415584415584,0,0,0,0.8430810537755842,0,H
0.0,0.0,1.0,0.4,1.0,0.0,0.3448275862068966,0.2077922077922078,1,1,1,0.7236897974503711,1,H
0.0,0.0,0.8,0.4,1.0,0.0,0.0,0.6103896103896104,1,0,1,0.7978885562799504,0,M
0.0,0.0,1.0,0.6,1.0,0.0,0.27586206896551724,0.4675324675324675,1,1,1,0.6106280965397194,1,H
0.0,0.0,0.4,0.6,1.0,0.0,0.034482758620689655,0.05194805194805195,0,0,0,0.7595654489000899,0,H
0.0,0.0,1.0,1.0,1.0,0.0,0.0,0.12987012987012986,0,0,0,0.5816339317896699,0,H
0.0,0.0,1.0,0.4,1.0,0.0,0.034482758620689655,0.2077922077922078,0,0,0,0.6871628745080913,0,H
0.0,0.0,0.8,0.4,1.0,0.0,0.034482758620689655,0.33766233766233766,0,0,0,0.7330781422855064,0,H
0.14285714285714285,0.08333333333333333,1.0,0.6,1.0,0.0,0.41379310344827586,0.09090909090909091,1,1,0,0.7190212926832655,1,H
0.0,0.0,0.8,0.4,1.0,0.0,0.13793103448275862,0.42857142857142855,0,0,0,0.6919386319859092,0,H
0.0,0.0,1.0,0.2,0.0,0.0,0.06896551724137931,0.2727272727272727,0,0,0,0.7077691817477628,0,H
0.0,0.0,1.0,0.2,1.0,0.0,0.034482758620689655,0.23376623376623376,1,0,1,0.8048204736977483,0,M
0.0,0.0,1.0,0.4,0.0,0.0,0.034482758620689655,0.14285714285714285,0,0,0,0.6719153949862093,0,H
0.2857142857142857,0.08333333333333333,1.0,0.4,1.0,0.0,0.41379310344827586,0.1038961038961039,0,1,0,0.679169039824359,1,H
0.0,0.0,0.6,0.4,1.0,0.0,0.0,0.16883116883116883,1,0,1,0.7770410286995137,1,H
0.0,0.0,1.0,0.2,1.0,0.0,0.0,0.05194805194805195,0,0,1,0.7421147649832459,0,H
0.0,0.0,0.8,0.6,0.0,0.0,0.2413793103448276,0.35064935064935066,1,0,1,0.5407408596729661,1,H
0.0,0.0,1.0,0.6,0.0,0.0,0.034482758620689655,0.2597402597402597,0,0,0,0.7155029245603252,0,H
0.0,0.0,1.0,0.0,1.0,0.0,0.27586206896551724,0.4155844155844156,0,1,0,0.6754461533282294,0,H
0.0,0.0,1.0,0.8,1.0,0.0,0.1724137931034483,0.24675324675324675,0,0,0,0.5532302844133931,0,H
0.0,0.0,1.0,0.8,1.0,0.0,0.6551724137931034,0.2987012987012987,0,1,0,0.6567584521025743,0,H
0.0,0.0,1.0,0.6,1.0,0.0,0.034482758620689655,0.2727272727272727,1,0,1,0.7342007441509377,0,M
0.0,0.08333333333333333,1.0,0.6,1.0,0.0,0.4482758620689655,0.2597402597402597,1,1,1,0.6553242604611329,1,H
0.0,0.0,0.6,0.4,1.0,0.0,0.10344827586206896,0.14285714285714285,1,0,1,0.6347526893451721,1,H
0.0,0.0,1.0,0.6,1.0,0.0,0.06896551724137931,0.05194805194805195,1,0,0,0.6501979211952855,1,H
0.14285714285714285,0.0,1.0,0.6,1.0,0.6,0.1724137931034483,0.12987012987012986,0,1,0,0.7499541783451659,1,H
0.0,0.0,1.0,0.4,1.0,0.0,0.0,0.6493506493506493,0,0,0,0.7600646013341181,0,H
0.0,0.0,0.8,0.4,1.0,0.0,0.13793103448275862,0.05194805194805195,0,0,1,0.6419332453113251,0,H
0.0,0.0,1.0,0.8,1.0,0.0,0.034482758620689655,0.1038961038961039,1,0,1,0.5776846662230204,1,H
0.0,0.0,1.0,0.6,1.0,0.0,0.8275862068965517,0.4805194805194805,0,1,0,0.8343571621272288,1,H
0.0,0.0,0.8,0.6,0.0,0.0,0.10344827586206896,0.4805194805194805,0,0,0,0.5582593352990202,0,H
0.0,0.0,0.8,0.2,1.0,0.0,0.0,0.4675324675324675,0,0,0,0.7221617700860549,0,H
0.0,0.0,0.6,0.6,0.0,0.0,0.2413793103448276,0.05194805194805195,0,1,0,0.608848893324346,0,H
0.0,0.0,0.4,0.6,1.0,0.0,0.06896551724137931,0.3116883116883117,1,0,1,0.8137608501005923,0,M
0.14285714285714285,0.0,1.0,0.4,1.0,0.0,0.1724137931034483,0.11688311688311688,0,1,0,0.6889870121851863,0,H
0.0,0.0,1.0,0.6,1.0,0.0,0.06896551724137931,0.14285714285714285,0,0,0,0.5656478553753936,0,H
0.0,0.0,1.0,0.6,1.0,0.6,0.5517241379310345,0.15584415584415584,1,1,1,0.6838417051104274,1,H
0.0,0.0,0.8,0.6,0.0,0.0,0.20689655172413793,0.19480519480519481,0,1,0,0.5074419061167108,0,H
0.0,0.0,0.4,0.2,1.0,0.0,0.1724137931034483,0.14285714285714285,1,0,1,0.6116809435674609,1,H
0.0,0.0,1.0,0.4,1.0,0.0,0.1724137931034483,0.11688311688311688,1,0,0,0.570095783720334,1,H
0.0,0.0,0.8,0.6,1.0,0.0,0.0,0.2077922077922078,0,0,0,0.7399168874998768,0,H
0.0,0.0,0.4,0.4,1.0,0.0,0.06896551724137931,0.7012987012987013,0,0,0,0.8350823623595856,0,H
0.0,0.0,1.0,0.6,0.0,0.0,0.034482758620689655,0.1038961038961039,1,0,1,0.7524418571091869,1,H
0.0,0.0,0.4,0.8,1.0,0.0,0.0,0.12987012987012986,0,0,0,0.6057461414655348,0,H
0.0,0.0,1.0,0.4,1.0,0.0,0.034482758620689655,0.16883116883116883,0,0,0,0.7036221593709681,0,H
0.0,0.0,0.8,0.6,1.0,0.0,0.06896551724137931,0.5584415584415584,0,0,0,0.7885671419248292,0,H
0.0,0.0,1.0,0.8,0.0,0.0,0.06896551724137931,0.4675324675324675,0,0,0,0.7533003913746498,0,H
0.0,0.0,0.4,0.6,1.0,0.0,0.0,0.09090909090909091,0,0,0,0.7678953573724564,0,H
0.0,0.0,0.6,0.6,1.0,0.0,0.034482758620689655,0.1038961038961039,0,0,0,0.7495637047385237,0,H
0.0,0.0,1.0,0.6,0.0,0.0,0.2413793103448276,0.06493506493506493,0,1,0,0.5892192306919409,1,H
0.0,0.0,0.8,0.2,0.0,0.0,0.06896551724137931,0.09090909090909091,0,0,0,0.7637223615790585,0,H
0.0,0.0,0.8,1.0,1.0,0.0,0.06896551724137931,0.4935064935064935,0,0,0,0.7948513562152861,0,H
0.0,0.0,0.8,0.6,1.0,0.0,0.034482758620689655,0.18181818181818182,0,0,0,0.762441986469763,0,H
0.0,0.0,0.8,0.6,1.0,0.0,0.06896551724137931,0.4675324675324675,0,0,0,0.7989034791125494,0,H
0.0,0.0,0.8,0.6,1.0,0.0,0.13793103448275862,0.2987012987012987,1,0,1,0.6649214115101585,1,H
0.0,0.0,1.0,0.6,1.0,0.0,0.3793103448275862,0.4025974025974026,0,1,0,0.7120808389463662,0,H
0.0,0.0,0.4,0.4,1.0,0.0,0.0,0.012987012987012988,0,0,0,0.7697756188827197,0,H
0.0,0.0,0.8,0.6,0.0,0.0,0.10344827586206896,0.11688311688311688,1,0,1,0.6593611948000004,1,H
0.0,0.0,1.0,0.4,1.0,0.0,0.10344827586206896,0.19480519480519481,0,0,0,0.7408246627571496,0,H
0.0,0.0,1.0,0.4,1.0,0.0,0.0,0.5844155844155844,0,0,0,0.7485387713369087,0,H
0.0,0.0,1.0,0.6,1.0,0.0,0.034482758620689655,0.03896103896103896,0,0,1,0.5525065630532952,0,H
0.14285714285714285,0.0,0.8,0.6,1.0,0.0,0.0,0.03896103896103896,0,0,0,0.576771609858721,0,H
0.0,0.0,1.0,0.4,0.0,0.0,0.7931034482758621,0.23376623376623376,1,1,1,0.6766063839536204,1,H
0.0,0.0,0.8,0.2,1.0,0.0,0.034482758620689655,0.012987012987012988,1,0,1,0.79619132304891,1,H
0.0,0.0,0.8,0.8,1.0,0.0,0.10344827586206896,0.5974025974025974,0,0,0,0.7013325202759744,0,H
0.0,0.0,1.0,0.6,1.0,0.0,0.10344827586206896,0.23376623376623376,1,0,1,0.7351308546348091,0,M
0.0,0.0,0.8,0.4,1.0,0.6,0.5517241379310345,0.3246753246753247,0,1,0,0.6419506128953427,0,H
0.42857142857142855,0.08333333333333333,0.8,0.4,1.0,0.0,0.13793103448275862,0.1038961038961039,1,1,1,0.627036467677521,0,H
0.0,0.0,0.6,0.6,0.0,0.0,0.034482758620689655,0.19480519480519481,0,0,0,0.6833597876547675,0,H
0.0,0.0,1.0,0.6,1.0,0.0,0.13793103448275862,0.03896103896103896,0,0,1,0.6394064104601236,0,H
0.0,0.0,0.8,0.4,1.0,0.0,0.0,0.4675324675324675,1,0,1,0.8373941581563232,1,H
0.0,0.0,1.0,0.6,1.0,0.0,0.034482758620689655,0.4675324675324675,0,0,0,0.6556958323415306,0,H
0.0,0.0,0.8,0.4,1.0,0.0,0.20689655172413793,0.09090909090909091,0,1,0,0.5699542015073732,0,H
0.0,0.0,0.8,0.8,1.0,0.0,0.0,0.4155844155844156,0,0,0,0.8001493171311962,0,H
0.0,0.0,1.0,0.4,1.0,0.0,0.10344827586206896,0.22077922077922077,1,0,1,0.7335145773680234,1,H
0.0,0.0,0.8,0.4,1.0,0.0,0.06896551724137931,0.4675324675324675,1,0,1,0.7898818292420289,0,M
0.0,0.0,1.0,0.6,1.0,0.0,0.41379310344827586,0.22077922077922077,0,1,0,0.6760367287771817,0,H
0.0,0.0,0.8,0.4,1.0,0.0,0.13793103448275862,0.6363636363636364,0,0,0,0.7850875088419985,0,H
0.0,0.0,1.0,0.6,0.0,0.0,0.3793103448275862,0.14285714285714285,1,1,1,0.739453777207972,1,H
0.0,0.0,0.8,0.0,1.0,0.0,0.1724137931034483,0.5714285714285714,0,0,0,0.5665693154883944,0,H
0.0,0.0,0.2,0.6,1.0,0.0,0.034482758620689655,0.2077922077922078,0,0,0,0.6609460809061268,0,H
0.0,0.0,1.0,0.6,1.0,0.0,0.41379310344827586,0.45454545454545453,0,1,0,0.6487063920520637,0,H
0.0,0.0,1.0,0.8,1.0,0.0,0.06896551724137931,0.14285714285714285,1,0,1,0.6012104475858681,1,H
0.14285714285714285,0.0,0.8,0.6,1.0,0.0,0.034482758620689655,0.2077922077922078,0,0,0,0.6179390086342217,0,H
0.0,0.0,1.0,0.8,0.0,0.0,0.034482758620689655,0.33766233766233766,1,0,0,0.8339848937600413,1,H
0.0,0.0,1.0,0.4,1.0,0.0,0.4482758620689655,0.14285714285714285,0,1,0,0.7023127357475951,0,H
0.0,0.0,1.0,0.8,0.0,0.0,0.06896551724137931,0.05194805194805195,1,0,1,0.6274458179906638,1,H
0.14285714285714285,0.0,1.0,0.4,1.0,0.0,0.41379310344827586,0.2077922077922078,1,1,1,0.6470740426700973,1,H
0.0,0.0,0.8,0.4,1.0,0.0,0.0,0.12987012987012986,0,0,0,0.6794102491995608,0,H
0.0,0.0,0.4,0.2,1.0,0.0,0.13793103448275862,0.14285714285714285,1,0,1,0.5783040831190654,1,H
0.0,0.0,0.8,0.6,1.0,0.0,0.5862068965517241,0.15584415584415584,1,1,1,0.5516084960769547,1,H
0.0,0.0,1.0,0.4,1.0,0.0,0.0,0.23376623376623376,1,0,1,0.7551292858741346,1,H
0.0,0.0,1.0,0.6,1.0,0.0,0.13793103448275862,0.09090909090909091,0,0,0,0.6526704792506194,0,H
0.0,0.0,1.0,0.2,1.0,0.0,0.27586206896551724,0.12987012987012986,0,1,0,0.7008634793503242,0,H
0.0,0.0,1.0,0.4,1.0,0.0,0.10344827586206896,0.12987012987012986,1,0,1,0.6917000040034499,1,H
0.0,0.08333333333333333,0.8,0.6,1.0,0.6,0.3103448275862069,0.35064935064935066,0,1,0,0.5385321857648289,0,H
0.0,0.0,1.0,0.8,1.0,0.0,0.6551724137931034,0.2857142857142857,0,0,1,0.5398106402124482,0,H
0.0,0.0,1.0,0.6,0.0,0.0,0.2413793103448276,0.15584415584415584,1,1,1,0.5985907739350875,1,H
0.0,0.0,0.4,0.4,1.0,0.0,0.06896551724137931,0.2597402597402597,0,0,0,0.7211786717943912,0,H
0.0,0.0,1.0,0.6,1.0,0.0,0.5172413793103449,0.15584415584415584,0,1,0,0.6954341287196636,1,H
0.0,0.0,0.8,0.2,1.0,0.0,0.0,0.5454545454545454,0,0,0,0.8167371000980918,0,H
0.0,0.0,0.6,0.8,1.0,0.0,0.06896551724137931,0.05194805194805195,1,0,1,0.6974372046088889,1,H
0.0,0.0,0.4,0.6,1.0,0.0,0.06896551724137931,0.24675324675324675,0,0,0,0.7740215251136794,0,H
0.0,0.0,0.8,0.2,0.0,0.0,0.13793103448275862,0.1038961038961039,1,0,1,0.5441943143732831,1,H
0.0,0.0,0.8,0.8,0.0,0.0,0.0,0.3116883116883117,0,0,0,0.753932212508339,0,H
0.0,0.0,0.8,0.4,0.0,0.0,0.034482758620689655,0.33766233766233766,0,0,0,0.7746386029502736,0,H
0.0,0.0,0.8,0.6,1.0,0.0,0.3448275862068966,0.24675324675324675,1,0,1,0.5682296349441388,1,H
0.0,0.0,1.0,1.0,0.0,0.0,0.27586206896551724,0.42857142857142855,0,0,0,0.5336330285051413,0,H
0.0,0.0,0.6,0.2,1.0,0.0,0.0,0.2077922077922078,0,0,0,0.6172702034267762,0,H
0.0,0.0,0.6,0.6,1.0,0.2,0.13793103448275862,0.025974025974025976,1,1,1,0.5035132908957772,1,H
0.0,0.0,1.0,0.4,1.0,0.0,0.0,0.7532467532467533,0,0,0,0.8328521909510368,0,H
0.0,0.0,0.8,0.4,1.0,0.0,0.0,0.3246753246753247,0,0,0,0.6644854310936569,0,H
0.0,0.0,0.8,0.8,0.0,0.0,0.0,0.07792207792207792,0,0,0,0.7182114227491464,0,H
0.14285714285714285,0.0,0.6,0.6,0.0,0.0,0.034482758620689655,0.05194805194805195,0,0,0,0.6853113914599444,0,H
0.0,0.08333333333333333,0.8,0.6,1.0,0.8,0.3448275862068966,0.12987012987012986,1,0,1,0.5389689633482643,1,H
0.0,0.0,1.0,0.4,0.0,0.0,0.0,0.012987012987012988,0,0,0,0.8420876267477687,0,H
0.0,0.0,0.4,0.4,1.0,0.0,0.0,0.03896103896103896,0,0,0,0.7886642601919999,0,H
0.0,0.0,0.4,0.4,0.0,0.0,0.0,0.025974025974025976,0,0,0,0.7548560488122741,0,H
0.0,0.0,0.6,0.8,1.0,0.0,0.6896551724137931,0.42857142857142855,0,0,0,0.5451596885446715,0,H
0.0,0.0,1.0,0.6,0.0,0.0,0.0,0.2597402597402597,1,0,1,0.7818072070566291,0,M
0.0,0.08333333333333333,0.8,0.8,0.0,0.0,0.10344827586206896,0.2077922077922078,0,0,0,0.7052457421976218,0,H
0.0,0.0,1.0,0.2,1.0,0.0,0.3103448275862069,0.15584415584415584,1,1,1,0.6337314989577029,1,H
0.0,0.0,0.6,0.4,1.0,0.0,0.0,0.2597402597402597,0,0,0,0.7326524427284339,0,H
0.0,0.0,1.0,1.0,1.0,0.0,0.034482758620689655,0.4935064935064935,0,0,0,0.7205822506724858,0,H
0.0,0.0,1.0,0.6,0.0,0.2,0.4482758620689655,0.2077922077922078,0,1,0,0.7350661109258296,0,H
0.0,0.0,1.0,0.4,0.0,0.0,0.0,0.025974025974025976,1,0,1,0.8378551710133508,1,H
0.42857142857142855,0.0,0.8,0.8,1.0,0.4,0.13793103448275862,0.15584415584415584,0,1,0,0.5655371049351374,0,H
0.0,0.0,0.8,0.4,1.0,0.0,0.034482758620689655,0.6883116883116883,0,0,0,0.8453422032437157,0,H
0.0,0.0,0.6,0.8,1.0,0.0,0.0,0.18181818181818182,0,0,0,0.6786747669189099,0,H
0.0,0.0,1.0,0.6,0.0,0.0,0.06896551724137931,0.15584415584415584,1,0,1,0.67049127832814,1,H
0.0,0.0,1.0,0.6,1.0,0.0,0.13793103448275862,0.4155844155844156,0,0,0,0.7090968148542288,0,H
0.0,0.0,1.0,0.6,1.0,0.0,0.20689655172413793,0.1038961038961039,1,0,1,0.5841571358454241,1,H
0.0,0.0,1.0,0.6,1.0,0.0,0.8620689655172413,0.2857142857142857,1,1,1,0.6669262409295504,1,H
0.0,0.0,0.6,0.6,1.0,0.0,0.20689655172413793,0.4675324675324675,0,0,0,0.615185103464886,0,H
0.0,0.0,1.0,0.4,1.0,0.0,0.4482758620689655,0.33766233766233766,1,1,1,0.6581214510798533,1,H
0.0,0.0,0.8,0.4,0.0,0.0,0.034482758620689655,0.4025974025974026,1,0,1,0.8318162094180929,1,H
0.0,0.0,0.8,0.8,1.0,0.0,0.41379310344827586,0.24675324675324675,0,0,0,0.516364295969998,0,H
0.0,0.0,1.0,0.6,1.0,0.0,0.20689655172413793,0.06493506493506493,1,1,1,0.5047138789169241,1,H
0.0,0.0,1.0,0.6,1.0,0.0,0.2413793103448276,0.07792207792207792,0,1,0,0.5901810409886916,0,H
0.0,0.0,0.8,0.8,1.0,0.0,0.06896551724137931,0.5064935064935064,0,0,0,0.8593066677033463,0,H
0.0,0.0,1.0,0.6,1.0,0.0,0.0,0.3246753246753247,0,0,1,0.6780745959177081,0,H
0.0,0.0,0.8,0.6,1.0,0.0,0.3103448275862069,0.2727272727272727,0,1,0,0.5348564770843076,0,H
0.0,0.0,0.8,0.6,0.0,0.0,0.10344827586206896,0.33766233766233766,0,0,0,0.6304928376155723,0,H
0.2857142857142857,0.0,1.0,1.0,1.0,0.0,0.0,0.09090909090909091,0,1,0,0.6021602809990659,0,H
0.0,0.0,0.8,0.2,1.0,0.0,0.034482758620689655,0.44155844155844154,0,0,0,0.8554286027182325,0,H
0.0,0.0,0.6,0.6,1.0,0.0,0.0,0.2727272727272727,0,0,0,0.739478990007008,0,H
0.14285714285714285,0.0,1.0,0.4,1.0,0.0,0.034482758620689655,0.2077922077922078,1,0,1,0.5433165400198721,1,H
0.14285714285714285,0.0,1.0,0.6,1.0,0.0,0.4482758620689655,0.03896103896103896,1,1,1,0.7859142016020074,1,H
0.0,0.0,1.0,0.2,1.0,0.0,0.0,0.14285714285714285,0,0,0,0.7267077970818578,0,H
0.0,0.0,0.6,0.4,1.0,0.0,0.0,0.4155844155844156,0,0,0,0.7718789611528057,0,H
0.0,0.0,0.8,0.6,0.0,0.0,0.034482758620689655,0.38961038961038963,0,0,0,0.8116650185370722,0,H
0.0,0.0,1.0,0.8,1.0,0.0,0.0,0.42857142857142855,1,0,1,0.6747931560547574,1,H
0.14285714285714285,0.0,1.0,0.6,1.0,0.0,0.13793103448275862,0.06493506493506493,0,0,0,0.5688303671819959,0,H
0.0,0.0,0.6,0.8,1.0,0.0,0.06896551724137931,0.1038961038961039,0,0,0,0.6149055871166683,0,H
0.14285714285714285,0.0,0.8,0.6,0.0,0.0,0.5172413793103449,0.19480519480519481,1,1,1,0.6805005304934229,1,H
0.0,0.0,0.8,0.0,1.0,0.0,0.0,0.12987012987012986,1,0,1,0.7375313817537222,1,H
0.0,0.0,0.8,0.2,1.0,0.0,0.2413793103448276,0.22077922077922077,0,0,0,0.5118748391608088,0,H
0.0,0.0,0.4,0.6,0.0,0.0,0.10344827586206896,0.2727272727272727,0,0,0,0.6423672523808368,0,H
0.0,0.0,1.0,0.4,0.0,0.0,0.06896551724137931,0.06493506493506493,0,0,0,0.600786189107061,0,H
0.0,0.16666666666666666,1.0,0.4,1.0,0.0,0.27586206896551724,0.15584415584415584,1,1,1,0.6502724223288637,1,H
0.0,0.0,1.0,0.6,1.0,0.0,0.0,0.09090909090909091,1,0,1,0.62137357316694,1,H
0.0,0.0,1.0,0.4,1.0,0.2,0.10344827586206896,0.12987012987012986,1,1,1,0.6739959357157226,1,H
0.0,0.0,0.8,0.6,1.0,0.0,0.0,0.15584415584415584,0,0,0,0.6745376061521143,0,H
0.0,0.0,0.8,0.6,0.0,0.0,0.0,0.06493506493506493,0,0,0,0.7830499889510812,0,H
0.0,0.0,1.0,0.4,1.0,0.0,0.41379310344827586,0.45454545454545453,1,1,1,0.7256006810974455,1,H
0.0,0.0,1.0,0.6,1.0,0.0,0.0,0.5324675324675324,0,0,0,0.7788356838010755,0,H
0.0,0.0,1.0,0.6,1.0,0.0,0.034482758620689655,0.45454545454545453,0,0,0,0.6864840647256513,0,H
0.0,0.0,0.8,0.4,0.0,0.0,0.034482758620689655,0.5584415584415584,1,0,1,0.8010149005681485,0,M
0.0,0.0,1.0,0.4,0.0,0.0,0.0,0.3116883116883117,0,0,0,0.8245496875842873,0,H
0.0,0.0,0.8,0.4,1.0,0.0,0.034482758620689655,0.2987012987012987,0,0,0,0.7836048909794977,0,H
0.0,0.0,0.8,0.8,1.0,0.2,0.06896551724137931,0.14285714285714285,0,1,0,0.6194135669488522,0,H
0.0,0.08333333333333333,1.0,1.0,1.0,0.0,0.7931034482758621,0.3116883116883117,0,1,0,0.5585487252987111,0,H
0.0,0.0,1.0,0.6,1.0,0.0,0.3448275862068966,0.19480519480519481,0,1,0,0.6577771096733674,0,H
0.0,0.0,1.0,0.4,1.0,0.0,0.27586206896551724,0.24675324675324675,1,1,1,0.5327423190391529,1,H
0.14285714285714285,0.08333333333333333,1.0,0.4,1.0,0.0,0.10344827586206896,0.025974025974025976,1,1,1,0.635687594535594,0,H
0.0,0.0,0.8,0.4,0.0,0.0,0.0,0.03896103896103896,0,0,0,0.7504303405621983,0,H
0.0,0.0,1.0,0.4,1.0,0.0,0.2413793103448276,0.3246753246753247,0,0,0,0.6033793797315504,0,H
0.0,0.0,0.8,0.6,0.0,0.0,0.0,0.3116883116883117,0,0,0,0.8462315384630605,0,H
0.0,0.0,1.0,0.6,1.0,0.2,0.3448275862068966,0.37662337662337664,1,1,1,0.7462790519014039,1,H
0.0,0.0,1.0,0.6,1.0,0.0,0.6896551724137931,0.2727272727272727,0,1,0,0.6621854972719348,0,H
0.0,0.0,0.2,0.6,1.0,0.0,0.06896551724137931,0.24675324675324675,0,0,0,0.8517473014098699,0,H
0.0,0.0,1.0,0.6,1.0,0.0,0.20689655172413793,0.3246753246753247,0,0,0,0.585438253262863,0,H
0.0,0.0,0.4,0.6,1.0,0.0,0.0,0.6493506493506493,0,0,0,0.9448210485431388,0,H
0.0,0.0,0.4,0.6,1.0,0.0,0.6896551724137931,0.5194805194805194,1,1,1,0.5290026849576429,1,H
0.14285714285714285,0.08333333333333333,0.8,0.6,1.0,0.0,0.034482758620689655,0.012987012987012988,1,0,1,0.5313219999756811,1,H
0.0,0.0,1.0,0.6,1.0,0.0,0.10344827586206896,0.2727272727272727,1,0,1,0.6869507918848172,1,H
0.0,0.0,1.0,0.4,1.0,0.0,0.0,0.15584415584415584,0,0,0,0.7643407905095829,0,H
0.0,0.0,0.8,0.6,1.0,0.0,0.1724137931034483,0.2727272727272727,1,0,1,0.6792486022845958,1,H
0.0,0.0,1.0,0.4,1.0,0.0,0.06896551724137931,0.19480519480519481,1,0,1,0.6308416518583816,1,H
0.0,0.0,0.8,0.6,0.0,0.0,0.034482758620689655,0.09090909090909091,0,0,0,0.7031398059117259,0,H
0.0,0.0,1.0,0.2,0.0,0.0,0.06896551724137931,0.15584415584415584,0,0,0,0.7789660852965976,0,H
0.0,0.0,0.8,0.2,0.0,0.0,0.034482758620689655,0.09090909090909091,1,0,1,0.7728504257389059,1,H
0.0,0.0,0.4,0.6,1.0,0.0,0.034482758620689655,0.1038961038961039,1,0,1,0.868226344551875,1,H
0.0,0.0,1.0,0.4,1.0,0.0,0.0,0.05194805194805195,1,0,1,0.6648563464230116,1,H
0.0,0.0,0.6,0.2,1.0,0.0,0.2413793103448276,0.11688311688311688,0,1,0,0.6065323358379191,0,H
0.0,0.0,0.8,0.6,0.0,0.0,0.13793103448275862,0.37662337662337664,0,0,0,0.6609993820229156,0,H
0.0,0.0,0.4,0.6,1.0,0.0,0.06896551724137931,0.42857142857142855,0,0,0,0.8182458399395792,0,H
0.0,0.0,1.0,0.4,1.0,0.0,0.27586206896551724,0.15584415584415584,1,1,1,0.6326342598136625,1,H
0.0,0.0,0.8,0.2,0.0,0.0,0.0,0.23376623376623376,0,0,0,0.8134707382812935,0,H
0.0,0.0,0.4,0.6,1.0,0.0,0.0,0.07792207792207792,0,0,0,0.6956251594622032,0,H
0.0,0.0,0.6,1.0,1.0,0.0,0.0,0.38961038961038963,0,0,0,0.7998438390327314,0,H
0.0,0.0,1.0,0.6,1.0,0.0,0.27586206896551724,0.23376623376623376,1,1,1,0.535950799316361,1,H
