c_charge_degree,priors_count,juv_fel_count,race,age,juv_other_count,sex,juv_misd_count,expert prediction,machine prediction,ground truth,proba_model,did_recid,provider
0.2,0.0357142857142857,0.0,0.6,0.3116883116883117,0.0,1.0,0.0,1,0,1,0.7029149269991837,1,H
0.8,0.1428571428571428,0.0,0.8,0.3116883116883117,0.0,1.0,0.0,0,0,1,0.6746357218742478,0,H
0.6,0.0,0.0,0.8,0.0129870129870129,0.6,1.0,0.0,0,0,1,0.5973866886876236,0,H
0.2,0.3214285714285714,0.0,1.0,0.2207792207792207,0.0,1.0,0.0,0,1,0,0.5823781198535487,0,H
0.4,0.0,0.0,0.4,0.1428571428571428,0.0,1.0,0.0,1,0,1,0.7131335020293516,1,H
0.4,0.0,0.0,0.8,0.4155844155844156,0.0,0.0,0.0,1,0,1,0.6281293034511244,1,H
0.4,0.0357142857142857,0.0,0.2,0.0389610389610389,0.0,1.0,0.0,1,0,0,0.6605211385497337,1,H
0.6,0.1785714285714285,0.0,0.8,0.0259740259740259,0.0,0.0,0.0,1,0,0,0.535811752147771,1,H
0.8,0.0,0.0,0.8,0.0779220779220779,0.0,1.0,0.0,1,1,1,0.5158384949053635,1,H
0.4,0.1071428571428571,0.0,1.0,0.0909090909090909,0.0,1.0,0.0,1,0,1,0.5376922769758844,0,H
0.4,0.0714285714285714,0.0,0.6,0.4805194805194805,0.0,0.0,0.0,0,0,1,0.7096232180466194,0,H
0.6,1.0,0.0,1.0,0.1298701298701298,0.0,1.0,0.0,0,1,1,0.6317244861917191,1,H
0.4,0.0,0.0,0.6,0.3636363636363636,0.0,1.0,0.0,0,0,0,0.6137932553935904,0,H
0.8,0.0,0.0,0.8,0.4285714285714285,0.0,0.0,0.0,0,0,0,0.7269791441814464,0,H
0.6,0.0344827586206896,0.0,1.0,0.0129870129870129,0.0,1.0,0.0,0,0,1,0.5201841574629664,0,H
0.4,0.0689655172413793,0.0,0.4,0.0649350649350649,0.0,1.0,0.0,0,1,0,0.5170587021783947,0,H
0.6,0.0,0.0,0.6,0.0389610389610389,0.2,1.0,0.0,0,0,0,0.7326099803679005,0,H
0.0,0.1034482758620689,0.0,1.0,0.0909090909090909,0.0,1.0,0.0,1,0,1,0.6537987122182585,0,H
0.0,0.0689655172413793,0.0,1.0,0.0259740259740259,0.0,1.0,0.0,0,0,1,0.5626082052447458,0,H
0.6,0.0344827586206896,0.0,0.8,0.2987012987012987,0.0,1.0,0.0,1,0,1,0.5622756780932525,1,H
0.8,0.1034482758620689,0.0,0.6,0.1168831168831168,0.0,1.0,0.0,1,0,1,0.5513518315983303,1,H
0.4,0.0,0.0,0.8,0.2857142857142857,0.0,1.0,0.0,1,1,1,0.5015572109677112,1,H
0.6,0.0,0.0,1.0,0.2077922077922078,0.0,0.0,0.0,1,0,1,0.6448313065680682,1,H
0.4,0.3793103448275862,0.0,0.8,0.3246753246753247,0.0,1.0,0.0,0,1,0,0.601341053564466,0,H
0.2,0.0,0.0,0.8,0.1818181818181818,0.0,1.0,0.0,0,0,0,0.5526151688746967,0,H
0.2,0.0344827586206896,0.0,1.0,0.2857142857142857,0.0,1.0,0.0,1,0,0,0.5716455812276464,1,H
1.0,0.0,0.0,0.8,0.2597402597402597,0.0,1.0,0.0,0,0,0,0.5855176873736719,0,H
0.6,0.0344827586206896,0.0,0.4,0.1168831168831168,0.0,0.0,0.0,0,0,0,0.5160602180685196,0,H
0.4,0.0,0.0,0.8,0.0519480519480519,0.0,0.0,0.0,1,0,0,0.5592267957574465,1,H
0.4,0.0,0.0,0.8,0.1948051948051948,0.0,1.0,0.0,1,0,1,0.5126141512760017,1,H
0.8,0.0,0.0,1.0,0.0259740259740259,0.0,1.0,0.0,0,0,0,0.6433138916041102,0,H
0.6,0.5517241379310345,0.0,1.0,0.4805194805194805,0.0,1.0,0.0,0,1,0,0.6009435768634503,1,H
0.2,0.1034482758620689,0.0,1.0,0.4805194805194805,0.0,1.0,0.0,0,0,0,0.6373018761625855,0,H
0.6,0.6551724137931034,0.0,1.0,0.4675324675324675,0.0,1.0,0.0,0,0,0,0.5274901347712059,1,H
0.2,0.0,0.0,0.8,0.1428571428571428,0.0,1.0,0.0,0,0,0,0.514641817641931,0,H
0.6,0.4827586206896552,0.0,1.0,0.1428571428571428,0.4,0.0,1.0,1,1,1,0.6282908182688941,1,H
0.6,0.2758620689655172,0.0,0.6,0.2337662337662337,0.0,1.0,0.0,1,0,1,0.5154918033945131,1,H
0.6,0.0344827586206896,0.0,0.4,0.0389610389610389,0.0,1.0,0.0,0,0,1,0.5798965320221645,0,H
0.2,0.0689655172413793,0.0,0.4,0.3636363636363636,0.0,1.0,0.0,1,0,0,0.5889706764053761,1,H
0.4,0.1034482758620689,0.0,1.0,0.1818181818181818,0.0,0.0,0.0,1,0,0,0.6181701741067923,1,H
0.2,0.0344827586206896,0.0,1.0,0.3896103896103896,0.0,1.0,0.0,0,0,1,0.5657560210891159,0,H
0.6,0.0,0.0,1.0,0.1298701298701298,0.0,1.0,0.0,1,0,1,0.5753408418528524,1,H
0.6,0.0,0.0,1.0,0.0,0.0,1.0,0.0,1,0,1,0.6953670351964535,1,H
0.6,0.4137931034482758,0.0,1.0,0.2337662337662337,0.0,1.0,0.0,1,0,0,0.5311993869446656,1,H
0.6,0.3793103448275862,0.0,1.0,0.4545454545454545,0.0,1.0,0.0,1,0,0,0.5409821857191458,1,H
0.4,0.0,0.0,0.8,0.7922077922077922,0.0,1.0,0.0,0,0,0,0.5702291186876789,0,H
0.6,0.3103448275862069,0.3333333333333333,1.0,0.3506493506493506,0.2,1.0,0.0,1,1,1,0.7087880060065083,1,H
0.4,0.0,0.0,0.4,0.0649350649350649,0.0,0.0,0.0,1,0,0,0.6171048628556939,1,H
0.6,0.0,0.0,0.4,0.2467532467532467,0.0,1.0,0.0,1,0,0,0.6643590454603798,1,H
0.4,0.0689655172413793,0.0,1.0,0.5974025974025974,0.0,1.0,0.0,1,0,1,0.6675467075377245,1,H
0.8,0.0,0.0,0.4,0.0649350649350649,0.0,1.0,0.0,0,0,0,0.6498107440984743,0,H
0.8,0.1034482758620689,0.0,1.0,0.1688311688311688,0.0,1.0,0.0,1,0,1,0.6107231180966189,1,H
0.6,0.3448275862068966,0.0,1.0,0.1558441558441558,0.6,1.0,0.3333333333333333,0,1,1,0.6094325532777114,1,H
0.8,0.0,0.0,0.4,0.0519480519480519,0.0,1.0,0.0,1,0,0,0.7150694280505488,0,M
0.2,0.0689655172413793,0.0,0.8,0.2727272727272727,0.0,1.0,0.0,0,0,0,0.5134743784659568,0,H
0.0,0.0344827586206896,0.0,0.6,0.5194805194805194,0.0,1.0,0.0,0,0,0,0.7521974486558153,0,H
0.6,0.3103448275862069,0.0,1.0,0.1038961038961039,0.0,1.0,0.0,0,1,0,0.5509927626312205,1,H
0.6,0.1034482758620689,0.0,1.0,0.2077922077922078,0.0,0.0,0.0,0,0,0,0.534701104193212,0,H
0.2,0.0,0.0,0.6,0.1558441558441558,0.0,1.0,0.0,0,0,0,0.6059162667818075,0,H
0.4,0.0689655172413793,0.0,0.4,0.0779220779220779,0.0,1.0,0.0,0,0,0,0.5379692531419503,0,H
0.0,0.0,0.0,1.0,0.1168831168831168,0.0,1.0,0.0,0,0,0,0.7058463342039113,0,H
0.6,0.0,0.0,0.8,0.1948051948051948,0.0,1.0,0.0,1,0,0,0.5001667776172155,1,H
0.6,0.4137931034482758,0.0,0.6,0.2077922077922078,0.0,1.0,0.3333333333333333,0,1,0,0.5010487143128166,1,H
0.4,0.0,0.0,1.0,0.5454545454545454,0.0,1.0,0.0,1,0,0,0.5759880493038707,1,H
0.4,0.0,0.0,0.8,0.2077922077922078,0.0,1.0,0.0,0,1,0,0.5667269466131846,0,H
0.6,0.2413793103448276,0.0,1.0,0.5324675324675324,0.0,1.0,0.0,0,0,0,0.5371713497646948,0,H
0.8,0.1034482758620689,0.0,1.0,0.0259740259740259,0.0,1.0,0.6666666666666666,1,1,1,0.5411334867739656,1,H
0.4,0.0,0.0,1.0,0.2727272727272727,0.0,0.0,0.0,0,0,0,0.5336826693143287,0,H
0.4,0.0344827586206896,0.0,0.8,0.2467532467532467,0.0,0.0,0.0,1,0,1,0.5488199868599166,1,H
0.4,0.0689655172413793,0.0,1.0,0.1298701298701298,0.2,1.0,0.0,0,1,1,0.5263211968138368,0,H
0.6,0.1034482758620689,0.0,1.0,0.4025974025974026,0.0,0.0,0.0,0,0,0,0.6216796048471388,0,H
0.6,0.6206896551724138,0.3333333333333333,1.0,0.2857142857142857,0.0,1.0,0.0,0,1,1,0.5267105744033261,1,M
0.8,0.0689655172413793,0.0,0.4,0.2857142857142857,0.0,0.0,0.0,0,0,0,0.6205164174257978,0,H
0.2,0.1724137931034483,0.0,0.8,0.2467532467532467,0.0,1.0,0.0,0,1,1,0.5102623125494683,0,H
0.4,0.0344827586206896,0.0,0.8,0.0519480519480519,0.2,1.0,0.0,1,0,0,0.7686000325966272,0,M
0.4,0.0344827586206896,0.0,1.0,0.1168831168831168,0.0,1.0,0.0,0,0,0,0.5444024570487482,0,H
0.6,0.0,0.0,0.4,0.1948051948051948,0.0,1.0,0.0,0,0,1,0.5616591386684519,0,H
0.6,0.0344827586206896,0.0,1.0,0.0389610389610389,0.0,0.0,0.3333333333333333,1,1,0,0.615312886493802,1,H
0.6,0.4482758620689655,1.0,0.8,0.0779220779220779,0.2,1.0,0.0,1,1,1,0.5981351616487568,1,H
0.6,0.0,0.0,0.4,0.2727272727272727,0.0,0.0,0.0,1,0,0,0.6599187954424283,0,M
0.8,0.0344827586206896,0.0,0.8,0.3246753246753247,0.0,1.0,0.0,0,0,0,0.6330357973325594,0,H
0.6,0.5517241379310345,0.0,0.8,0.4285714285714285,0.0,1.0,0.0,1,1,1,0.5877580500782542,1,H
0.4,0.4137931034482758,0.0,1.0,0.5064935064935064,0.0,1.0,0.0,1,1,1,0.5512988248063679,1,H
0.4,0.0344827586206896,0.0,1.0,0.0649350649350649,0.0,1.0,0.0,0,0,0,0.622948200376075,0,H
0.2,0.0344827586206896,0.0,0.8,0.7792207792207793,0.0,1.0,0.0,0,0,0,0.7252054007493766,0,H
0.6,0.7931034482758621,0.0,0.8,0.3246753246753247,0.0,1.0,0.0,0,1,0,0.5507458354407171,0,H
0.2,0.0,0.0,0.8,0.4155844155844156,0.0,0.0,0.0,0,0,0,0.6945781011807529,0,H
0.2,0.2413793103448276,0.0,1.0,0.0779220779220779,0.2,1.0,0.3333333333333333,1,1,1,0.5382647920101773,1,H
0.8,0.0,0.0,0.8,0.0389610389610389,0.0,1.0,0.0,0,0,0,0.509298746341745,0,H
0.6,0.5172413793103449,0.0,1.0,0.1428571428571428,0.0,0.0,0.0,1,1,1,0.5044339186661146,1,H
0.2,0.0,0.0,0.8,0.0649350649350649,0.0,1.0,0.0,1,0,0,0.6584514143852362,0,M
0.8,0.0,0.0,1.0,0.0519480519480519,0.0,1.0,0.0,1,0,1,0.5949677617792282,1,H
0.6,0.0,0.0,0.8,0.2857142857142857,0.0,0.0,0.0,0,0,0,0.670488682843123,0,H
0.4,0.0,0.0,0.2,0.6233766233766234,0.0,1.0,0.0,1,0,0,0.6879573165356482,0,M
0.4,0.0344827586206896,0.0,0.4,0.2207792207792207,0.0,1.0,0.0,0,0,1,0.6691512622968432,0,H
0.4,0.0689655172413793,0.0,1.0,0.2467532467532467,0.0,1.0,0.0,1,0,0,0.5668597466715091,1,H
0.6,0.2758620689655172,0.0,1.0,0.1948051948051948,0.0,1.0,0.0,0,1,0,0.5369249717511193,0,H
0.6,0.3448275862068966,0.25,1.0,0.0909090909090909,0.0,1.0,0.0,0,1,1,0.5149128089380003,0,H
0.8,0.0344827586206896,0.25,1.0,0.0259740259740259,0.4,1.0,0.0,0,1,1,0.5275608977109756,0,H
0.6,0.1379310344827586,0.25,1.0,0.1038961038961039,0.0,1.0,0.0,1,0,1,0.5602664379198786,1,H
0.6,0.0344827586206896,0.0,0.4,0.2727272727272727,0.0,0.0,0.0,0,0,0,0.7250281177922866,0,H
1.0,0.3103448275862069,0.0,1.0,0.1298701298701298,0.2,1.0,0.0,0,1,1,0.5046285059354099,0,H
0.4,0.0689655172413793,0.0,0.6,0.0519480519480519,0.0,0.0,0.3333333333333333,0,0,0,0.5846764683856456,0,H
0.6,0.0689655172413793,0.0,0.8,0.1688311688311688,0.0,1.0,0.0,1,0,0,0.5862172047778752,1,H
0.8,0.1379310344827586,0.0,0.8,0.3246753246753247,0.0,1.0,0.0,0,0,0,0.761581524935408,0,H
1.0,0.0344827586206896,0.0,1.0,0.6623376623376623,0.0,0.0,0.0,1,0,0,0.6443720483713722,0,M
0.6,0.3103448275862069,0.0,0.8,0.0779220779220779,0.0,1.0,0.0,1,0,1,0.6030569000624277,1,H
0.6,0.1379310344827586,0.0,1.0,0.5194805194805194,0.0,1.0,0.0,0,0,1,0.6878795406178658,0,H
0.6,0.8275862068965517,0.0,1.0,0.0909090909090909,0.0,1.0,0.3333333333333333,1,0,1,0.5352217882341053,1,H
0.6,0.0,0.0,0.8,0.0129870129870129,0.0,0.0,0.0,1,1,1,0.5027220795890182,1,H
0.8,0.0,0.0,0.6,0.4805194805194805,0.0,1.0,0.0,0,0,0,0.8606733305173941,0,H
0.6,0.1034482758620689,0.0,1.0,0.4935064935064935,0.0,1.0,0.0,1,0,0,0.7668168184072911,0,M
0.4,0.0,0.0,1.0,0.2207792207792207,0.0,0.0,0.0,0,0,0,0.6601821962193066,0,H
0.6,0.6896551724137931,0.0,1.0,0.4935064935064935,0.0,1.0,0.0,1,1,1,0.5113962598380702,1,H
0.6,0.0689655172413793,0.0,0.8,0.2077922077922078,0.0,1.0,0.0,0,1,1,0.5421608637597474,0,H
0.2,0.0,0.0,0.4,0.0,0.0,1.0,0.0,0,0,1,0.6946672313545077,0,H
0.6,0.0344827586206896,0.25,1.0,0.0129870129870129,0.0,0.0,0.0,1,1,0,0.5408040840275147,1,H
0.2,0.0,0.0,0.8,0.2467532467532467,0.0,1.0,0.0,0,0,1,0.6419804398055599,0,H
0.6,0.0,0.0,0.8,0.6233766233766234,0.0,1.0,0.0,1,0,1,0.6779038394116721,0,M
0.6,0.1034482758620689,0.0,0.6,0.1168831168831168,0.2,1.0,0.0,0,0,1,0.641273537391545,0,H
0.6,0.0,0.0,0.4,0.4025974025974026,0.0,1.0,0.0,0,0,1,0.7660383608458843,0,H
0.6,0.0,0.0,1.0,0.3896103896103896,0.0,1.0,0.0,1,0,0,0.6928032671827568,0,M
0.6,0.0,0.0,0.8,0.1168831168831168,0.0,0.0,0.0,1,0,0,0.5193676875720805,1,H
0.6,0.1724137931034483,0.0,1.0,0.3636363636363636,0.0,1.0,0.0,0,0,0,0.6670310848655062,0,H
0.6,0.1724137931034483,0.0,1.0,0.0779220779220779,0.0,1.0,0.0,1,0,1,0.5795464580152492,1,H
0.6,0.0689655172413793,0.0,1.0,0.0519480519480519,0.2,1.0,0.0,1,0,1,0.6661805903908351,0,M
0.4,0.0,0.0,0.4,0.2597402597402597,0.0,1.0,0.0,1,0,1,0.7823478552216068,0,M
0.4,0.0,0.0,0.8,0.3506493506493506,0.0,0.0,0.0,0,0,0,0.6642528779464798,0,H
0.4,0.1724137931034483,0.0,1.0,0.1948051948051948,0.0,1.0,0.0,0,0,0,0.6495156375760411,0,H
0.0,0.5172413793103449,0.0,1.0,0.1038961038961039,0.0,1.0,0.0,0,0,0,0.5843044783896195,1,H
0.2,0.9310344827586208,0.0,1.0,0.4935064935064935,0.0,1.0,0.0,1,0,0,0.5116150183664605,1,H
0.8,0.2758620689655172,0.25,0.8,0.1688311688311688,0.0,1.0,0.0,0,0,1,0.5410746304101963,0,H
0.6,0.0,0.0,1.0,0.2077922077922078,0.2,1.0,0.0,0,0,0,0.6089367907725562,0,H
0.6,0.0,0.0,0.8,0.0129870129870129,0.0,1.0,0.0,0,0,0,0.5473239915907065,0,H
0.4,0.0,0.0,0.6,0.1818181818181818,0.0,0.0,0.0,1,0,0,0.6701324456878631,0,M
0.4,0.0,0.0,0.6,0.3246753246753247,0.0,1.0,0.0,1,0,1,0.7872972441805628,0,M
0.4,0.0344827586206896,0.0,0.8,0.1688311688311688,0.0,0.0,0.0,1,0,1,0.645354962262918,1,H
0.4,0.0344827586206896,0.0,1.0,0.4675324675324675,0.0,1.0,0.0,0,0,0,0.6568802458807389,0,H
0.6,0.0344827586206896,0.0,0.6,0.5714285714285714,0.0,1.0,0.0,1,0,0,0.8277415644202686,0,M
0.6,0.1724137931034483,0.0,1.0,0.0909090909090909,0.2,1.0,0.0,1,0,1,0.6261875186663342,1,H
0.4,0.0689655172413793,0.0,0.4,0.1038961038961039,0.4,1.0,0.0,0,0,0,0.667210749846461,0,H
0.8,0.3793103448275862,0.0,0.8,0.1558441558441558,0.0,1.0,0.0,0,1,1,0.5131462500807386,1,H
0.8,0.2413793103448276,0.0,0.0,0.0779220779220779,0.0,1.0,0.0,1,0,1,0.5523301001032104,1,H
0.6,0.0689655172413793,0.0,0.8,0.0649350649350649,0.0,1.0,0.0,1,0,0,0.5725208319899496,1,H
0.6,0.6206896551724138,0.25,1.0,0.0909090909090909,0.0,1.0,0.3333333333333333,0,1,1,0.6533624310881926,1,H
0.6,0.2413793103448276,0.0,1.0,0.1428571428571428,0.0,1.0,0.3333333333333333,1,1,1,0.5620070647803186,1,H
0.2,0.0,0.0,0.8,0.2857142857142857,0.0,1.0,0.0,0,0,0,0.7640243311897729,0,H
0.6,0.2413793103448276,0.0,0.8,0.5064935064935064,0.0,1.0,0.0,1,0,1,0.7479863060236965,0,M
0.8,0.3103448275862069,0.0,1.0,0.2207792207792207,0.0,1.0,0.0,1,0,1,0.5950234129472363,1,H
0.4,0.2068965517241379,0.0,0.4,0.2337662337662337,0.0,1.0,0.0,0,1,0,0.5169783183125053,0,H
0.6,0.0344827586206896,0.0,0.8,0.1428571428571428,0.2,0.0,0.0,1,0,0,0.773474578335103,1,H
1.0,0.0344827586206896,0.0,0.6,0.2337662337662337,0.0,1.0,0.0,0,0,0,0.7795452805941301,0,H
0.6,0.6551724137931034,0.0,1.0,0.1948051948051948,0.2,1.0,0.6666666666666666,1,1,1,0.6166787463620214,1,H
0.6,0.5517241379310345,0.75,1.0,0.2207792207792207,0.0,1.0,0.0,1,1,1,0.5194697781756858,1,H
0.2,0.0,0.0,0.8,0.2987012987012987,0.0,0.0,0.0,0,0,0,0.7832793590535021,0,H
0.8,0.3103448275862069,0.0,0.8,0.0779220779220779,0.0,1.0,0.3333333333333333,0,1,1,0.5439802101315995,1,H
0.6,0.0344827586206896,0.0,0.8,0.3896103896103896,0.0,1.0,0.0,1,0,0,0.7821582845268341,0,M
0.6,0.0344827586206896,0.0,0.8,0.1298701298701298,0.0,1.0,0.0,1,0,1,0.5387327800877552,1,H
0.2,0.2068965517241379,0.0,0.8,0.1168831168831168,0.0,1.0,0.0,1,0,1,0.5895612664529019,1,H
0.6,0.7241379310344828,0.0,1.0,0.2597402597402597,0.0,1.0,0.0,1,1,1,0.5822835340129859,1,H
0.6,0.0689655172413793,0.0,0.6,0.0779220779220779,0.2,1.0,0.3333333333333333,0,0,1,0.7747508684046969,0,H
0.6,0.0344827586206896,0.0,0.6,0.0259740259740259,0.0,1.0,0.0,1,0,1,0.7807144062844078,0,M
0.2,0.0344827586206896,0.0,0.8,0.2337662337662337,0.0,0.0,0.0,0,0,0,0.7315518699755076,0,H
0.6,0.1379310344827586,0.0,1.0,0.4025974025974026,0.0,1.0,0.0,0,0,1,0.7986396400954763,0,H
0.8,0.0,0.0,1.0,0.1948051948051948,0.0,1.0,0.0,0,0,0,0.6454365738350011,0,H
0.8,0.0,0.0,1.0,0.2987012987012987,0.0,0.0,0.0,0,0,0,0.72720343329237,0,H
0.4,0.1034482758620689,0.0,0.8,0.0649350649350649,0.0,0.0,0.3333333333333333,1,0,1,0.6204751400062366,1,H
0.4,0.0,0.0,0.4,0.2727272727272727,0.0,1.0,0.0,1,0,0,0.8023220684521842,0,M
0.4,0.1034482758620689,0.0,0.8,0.2077922077922078,0.0,1.0,0.0,1,0,1,0.6173835966884507,1,H
0.6,0.1034482758620689,0.0,0.8,0.0779220779220779,0.0,1.0,0.0,0,0,0,0.5144625285823791,0,H
0.4,0.0,0.0,1.0,0.3116883116883117,0.0,1.0,0.0,0,0,0,0.7650211019362309,0,H
0.8,0.0,0.0,1.0,0.0259740259740259,0.0,0.0,0.0,1,0,0,0.5025893518844631,1,H
0.6,0.0,0.0,1.0,0.4285714285714285,0.0,0.0,0.0,0,0,0,0.7850419803658726,0,H
0.6,0.1724137931034483,0.0,0.6,0.1168831168831168,0.0,1.0,0.0,1,1,0,0.5119014116054761,1,H
0.6,0.0,0.0,1.0,0.7402597402597403,0.0,1.0,0.0,0,0,0,0.692417324019988,0,H
0.6,0.1034482758620689,0.25,1.0,0.0389610389610389,0.0,1.0,0.0,1,1,0,0.5964462499551371,1,H
0.4,0.0344827586206896,0.0,0.6,0.1948051948051948,0.0,0.0,0.0,1,0,0,0.7148248317267213,1,H
0.6,0.0,0.0,0.8,0.1298701298701298,0.0,0.0,0.0,0,0,0,0.5311955627699517,0,H
0.8,0.1034482758620689,0.0,1.0,0.0389610389610389,0.0,1.0,0.0,0,0,1,0.5730889785220631,0,H
0.6,0.1379310344827586,0.0,1.0,0.2077922077922078,0.0,1.0,0.0,0,0,0,0.5990957152325981,0,H
0.6,0.1724137931034483,0.0,0.8,0.0649350649350649,0.0,1.0,0.0,0,1,1,0.613651892992585,0,H
0.6,0.3448275862068966,0.25,1.0,0.3636363636363636,0.0,1.0,0.0,0,1,0,0.7194370779377586,1,M
0.8,0.0,0.0,1.0,0.1688311688311688,0.0,1.0,0.0,0,0,0,0.7154344031837914,0,H
0.6,0.0,0.0,0.8,0.2727272727272727,0.0,1.0,0.0,0,0,0,0.7809484839212556,0,H
0.6,0.1034482758620689,0.0,0.8,0.2597402597402597,0.0,1.0,0.0,0,0,0,0.7892730861170747,0,H
0.2,0.1379310344827586,0.0,1.0,0.6233766233766234,0.0,1.0,0.0,1,0,1,0.6166520805186164,1,H
0.4,0.0689655172413793,0.0,0.8,0.3506493506493506,0.2,1.0,0.0,1,0,1,0.5999247976325753,1,H
0.6,0.2413793103448276,0.0,1.0,0.1688311688311688,0.0,1.0,0.0,0,0,0,0.5247925337110819,0,H
0.8,0.4827586206896552,0.0,1.0,0.1948051948051948,0.0,1.0,0.0,1,1,0,0.5296999245182,1,H
0.6,0.0689655172413793,0.0,1.0,0.5454545454545454,0.0,1.0,0.0,0,0,0,0.6109275913161344,0,H
0.4,0.0344827586206896,0.0,1.0,0.2987012987012987,0.0,1.0,0.0,1,0,1,0.6922014623178427,0,M
0.6,0.3103448275862069,0.0,0.6,0.2857142857142857,0.0,1.0,0.0,1,0,0,0.6006965682905289,1,H
0.2,0.0,0.0,0.8,0.0779220779220779,0.0,1.0,0.0,1,0,1,0.6158980559656989,1,H
0.6,0.1379310344827586,0.0,1.0,0.3506493506493506,0.0,0.0,0.0,1,0,0,0.7690850613634872,0,M
0.6,0.1034482758620689,0.0,1.0,0.1428571428571428,0.0,1.0,0.6666666666666666,1,1,0,0.6038427469380864,1,H
0.6,0.1379310344827586,0.0,1.0,0.0519480519480519,0.0,1.0,0.0,1,0,0,0.7042667341709342,0,H
0.6,0.1724137931034483,0.0,0.8,0.3506493506493506,0.0,1.0,0.0,1,0,1,0.7386190914948668,0,M
0.6,0.0,0.0,1.0,0.4935064935064935,0.0,1.0,0.0,1,0,1,0.79841108055526,1,H
0.6,0.0,0.0,0.6,0.0649350649350649,0.0,1.0,0.0,0,0,1,0.6854094477257976,0,H
0.6,0.2758620689655172,0.0,1.0,0.1558441558441558,0.0,1.0,0.0,1,1,1,0.5045080210515028,1,H
0.6,0.4482758620689655,0.0,1.0,0.2467532467532467,0.0,1.0,0.0,1,1,0,0.5772489976226016,1,H
0.4,0.2413793103448276,0.0,0.8,0.0649350649350649,0.0,0.0,0.6666666666666666,0,1,0,0.5682046932195239,1,H
0.4,0.3448275862068966,0.0,0.8,0.1818181818181818,0.0,1.0,0.0,1,1,0,0.6413579565343326,1,H
0.6,0.1034482758620689,0.0,0.6,0.2337662337662337,0.0,1.0,0.0,0,0,1,0.6375296590258892,0,H
0.2,0.0344827586206896,0.0,1.0,0.0259740259740259,0.0,1.0,0.0,0,0,0,0.5636321823708933,0,H
0.4,0.0344827586206896,0.0,0.6,0.1558441558441558,0.0,1.0,0.3333333333333333,1,0,0,0.5622312136646761,1,H
0.6,0.1034482758620689,0.0,0.8,0.0649350649350649,0.4,1.0,0.0,1,0,1,0.6841620890185535,0,M
0.6,0.0344827586206896,0.0,1.0,0.2597402597402597,0.0,1.0,0.0,0,0,0,0.7171598285687606,0,H
0.4,0.0,0.0,0.8,0.1168831168831168,0.0,1.0,0.0,1,1,1,0.5019078038783327,1,H
0.2,0.0,0.0,0.4,0.2337662337662337,0.0,1.0,0.0,0,0,0,0.7987482516313277,0,H
0.6,0.0,0.0,0.8,0.5454545454545454,0.0,0.0,0.0,0,0,0,0.8344511764918132,0,H
0.6,0.0689655172413793,0.0,0.4,0.1818181818181818,0.0,1.0,0.0,0,0,1,0.6827630180582607,0,H
0.6,0.0,0.0,0.8,0.4155844155844156,0.0,0.0,0.0,1,0,0,0.8384394233052829,0,M
0.6,0.1724137931034483,0.0,0.2,0.4025974025974026,0.0,1.0,0.0,0,0,1,0.767195193370788,0,H
0.6,0.0344827586206896,0.0,0.8,0.0389610389610389,0.0,1.0,0.3333333333333333,1,0,1,0.542628055409276,1,H
0.6,0.0689655172413793,0.0,1.0,0.3116883116883117,0.0,0.0,0.0,0,0,1,0.7368722412994656,0,H
0.4,0.0344827586206896,0.0,0.8,0.0909090909090909,0.0,1.0,0.0,0,1,0,0.6614507629077432,0,H
0.6,0.1034482758620689,0.0,0.8,0.1558441558441558,0.0,1.0,0.0,1,0,1,0.6127556136915404,1,H
0.6,0.0344827586206896,0.0,1.0,0.4285714285714285,0.0,0.0,0.0,1,0,0,0.7806670196257371,1,H
0.4,0.0689655172413793,0.0,0.6,0.0779220779220779,0.0,1.0,0.0,1,0,1,0.707954094577261,0,M
0.6,0.2068965517241379,0.0,0.8,0.2207792207792207,0.0,1.0,0.0,0,0,0,0.6348157666898634,0,H
0.6,0.1379310344827586,0.0,1.0,0.1168831168831168,0.0,1.0,0.0,1,1,1,0.5291870044746886,1,H
0.6,0.0689655172413793,0.0,1.0,0.0909090909090909,0.0,1.0,0.0,0,1,0,0.5477926476131416,0,H
0.6,0.0344827586206896,0.0,1.0,0.1168831168831168,0.0,1.0,0.0,0,0,0,0.5777723361849347,0,H
0.6,0.1034482758620689,0.0,1.0,0.1428571428571428,0.2,1.0,0.0,1,0,0,0.5768758025170155,1,H
0.4,0.0689655172413793,0.0,0.8,0.1688311688311688,0.0,1.0,0.0,0,0,0,0.5581922857328064,1,H
0.6,0.3103448275862069,0.0,1.0,0.3636363636363636,0.0,1.0,0.0,1,1,1,0.6219465779602479,1,H
0.2,0.0,0.0,0.8,0.1558441558441558,0.0,0.0,0.0,0,1,0,0.5106484962809589,0,H
0.8,0.1379310344827586,0.0,1.0,0.0649350649350649,0.0,1.0,0.0,1,0,1,0.5021504311842921,1,H
0.6,0.0689655172413793,0.0,0.8,0.0779220779220779,0.2,1.0,0.0,1,0,0,0.6640691813670585,1,H
0.8,0.0344827586206896,0.0,0.8,0.4025974025974026,0.0,1.0,0.0,0,0,0,0.8311469095360071,0,H
0.4,0.0,0.0,0.8,0.0,0.0,1.0,0.0,1,0,0,0.5971325129855812,1,H
0.6,0.5517241379310345,0.0,1.0,0.1948051948051948,0.0,1.0,0.0,1,1,1,0.6278476891051624,1,H
0.6,0.1034482758620689,0.0,0.6,0.1168831168831168,0.0,1.0,0.0,1,0,1,0.5445261361593032,1,H
0.4,0.2758620689655172,0.0,0.8,0.5064935064935064,0.0,1.0,0.0,0,1,0,0.6162605723131331,0,H
0.6,0.0689655172413793,0.0,0.6,0.5454545454545454,0.0,1.0,0.0,1,0,1,0.7870175812995994,1,H
0.6,0.0344827586206896,0.0,0.8,0.1688311688311688,0.0,1.0,0.0,0,0,0,0.50087249677164,1,H
0.4,0.1379310344827586,0.0,0.8,0.1298701298701298,0.0,1.0,0.0,1,1,1,0.5602599014846537,1,H
0.6,0.5517241379310345,1.0,0.8,0.2857142857142857,0.0,1.0,0.0,0,1,0,0.7390376271413548,1,H
0.8,0.1379310344827586,0.0,0.8,0.0779220779220779,0.0,1.0,0.0,0,1,0,0.6170458723793733,0,H
0.2,0.0344827586206896,0.0,1.0,0.2077922077922078,0.0,0.0,0.0,0,0,0,0.5161293465570357,0,H
0.6,0.2758620689655172,0.0,0.8,0.3116883116883117,0.0,1.0,0.0,0,0,0,0.5537676002482558,0,H
0.4,0.0,0.0,0.6,0.3896103896103896,0.0,1.0,0.0,1,0,0,0.7404335578318697,1,H
0.6,0.0689655172413793,0.0,0.6,0.2727272727272727,0.0,1.0,0.0,0,0,0,0.7114468696806933,0,H
1.0,0.0,0.0,1.0,0.1168831168831168,0.0,0.0,0.0,0,1,0,0.5836044491803423,0,H
0.6,0.1724137931034483,0.0,0.8,0.2467532467532467,0.0,0.0,0.0,0,0,0,0.6866258677199755,0,H
0.6,0.2413793103448276,0.0,1.0,0.1688311688311688,0.6,1.0,0.3333333333333333,1,1,1,0.601758606360392,1,H
0.6,0.2068965517241379,0.0,0.8,0.4155844155844156,0.0,1.0,0.0,1,0,1,0.7781502706873025,0,M
0.6,0.2413793103448276,0.0,1.0,0.1298701298701298,0.0,0.0,0.3333333333333333,1,1,1,0.6501322545932163,1,H
0.4,0.0,0.0,1.0,0.3506493506493506,0.0,1.0,0.0,1,0,0,0.6729340967353393,1,H
0.6,0.0,0.0,1.0,0.5844155844155844,0.0,1.0,0.0,1,0,0,0.7117772343610346,0,M
0.6,0.2413793103448276,0.0,0.8,0.1038961038961039,0.0,1.0,0.0,1,1,0,0.5938949171021085,1,H
0.6,0.2758620689655172,0.0,0.8,0.3896103896103896,0.0,1.0,0.0,0,0,0,0.5477792516697614,0,H
0.6,0.2068965517241379,0.0,0.8,0.0649350649350649,0.4,1.0,0.0,0,0,0,0.6506470382519868,0,H
0.4,0.4827586206896552,0.0,0.8,0.2467532467532467,0.0,0.0,0.0,1,1,0,0.5953337431770761,1,H
0.6,0.0,0.0,0.6,0.0519480519480519,0.0,0.0,0.0,1,0,1,0.508883638858174,1,H
0.6,0.1034482758620689,0.0,0.8,0.0519480519480519,0.2,1.0,0.0,1,0,0,0.6672560483866656,1,H
0.6,0.6896551724137931,0.0,1.0,0.0909090909090909,0.0,1.0,0.0,1,1,1,0.660748888557467,1,H
0.4,0.0689655172413793,0.0,0.6,0.1558441558441558,0.2,1.0,0.0,0,0,0,0.7559802928736847,0,H
0.6,0.0344827586206896,0.0,1.0,0.2987012987012987,0.0,1.0,0.0,0,0,0,0.7063013015483055,0,H
0.4,0.0344827586206896,0.0,0.6,0.1428571428571428,0.0,1.0,0.0,0,0,0,0.6468798131737699,0,H
0.8,0.5172413793103449,0.0,1.0,0.0909090909090909,0.0,1.0,0.0,0,1,0,0.6991596951320539,0,H
0.6,0.1379310344827586,0.0,0.4,0.3636363636363636,0.0,1.0,0.0,1,0,0,0.7329009360084174,0,M
0.4,0.0,0.0,1.0,0.0649350649350649,0.0,0.0,0.0,1,1,1,0.5448345919642419,1,H
0.4,0.2413793103448276,0.0,0.8,0.1298701298701298,0.0,1.0,0.0,1,1,1,0.6152184433342356,1,H
0.6,0.3793103448275862,0.0,0.8,0.2857142857142857,0.0,1.0,0.0,0,1,1,0.5203485657154086,0,H
0.4,0.0344827586206896,0.0,0.8,0.1688311688311688,0.0,1.0,0.0,0,0,0,0.536626497938417,1,H
0.8,0.0,0.0,1.0,0.0129870129870129,0.8,1.0,0.0,0,0,0,0.6240636845801747,0,H
0.6,0.0344827586206896,0.0,1.0,0.2467532467532467,0.0,1.0,0.0,0,0,1,0.7361157698778308,0,H
0.6,0.0689655172413793,0.2,1.0,0.0649350649350649,0.0,1.0,0.0,1,1,0,0.6667356255762414,0,H
0.4,0.1034482758620689,0.0,0.8,0.1428571428571428,0.0,1.0,0.0,1,1,0,0.5804888148903321,1,H
0.4,0.4482758620689655,0.0,1.0,0.0909090909090909,0.0,1.0,0.0,1,1,1,0.6271634004357455,0,H
0.6,0.4827586206896552,0.0,0.8,0.1168831168831168,0.0,1.0,0.0,1,1,0,0.6467141036829036,1,H
0.6,0.0689655172413793,0.0,1.0,0.4155844155844156,0.0,1.0,0.0,0,0,0,0.6947524294092052,0,H
0.6,0.3793103448275862,0.0,0.8,0.1688311688311688,0.0,1.0,0.0,1,1,0,0.6465466745895668,1,H
0.2,0.0,0.0,1.0,0.0,0.0,0.0,0.0,0,1,0,0.5527470266257499,0,H
0.6,0.1034482758620689,0.0,1.0,0.1038961038961039,0.0,0.0,0.0,1,0,1,0.5097064585468289,1,H
0.6,0.0,0.0,0.8,0.3376623376623376,0.0,1.0,0.0,0,0,1,0.7979305306853716,0,H
0.8,0.1379310344827586,0.0,1.0,0.0909090909090909,0.0,1.0,0.0,1,1,1,0.563571349863363,0,H
0.2,0.0344827586206896,0.0,0.8,0.1168831168831168,0.0,0.0,0.0,0,0,0,0.6161171674977616,0,H
0.4,0.0689655172413793,0.0,1.0,0.4545454545454545,0.0,1.0,0.0,0,0,0,0.6240270048617238,0,H
0.4,0.0,0.0,0.4,0.5974025974025974,0.0,1.0,0.0,1,0,0,0.7754543710626537,0,M
0.6,0.0,0.0,0.6,0.3636363636363636,0.0,1.0,0.0,1,0,0,0.772354772874318,0,M
0.4,0.0,0.0,1.0,0.2077922077922078,0.0,1.0,0.0,1,0,0,0.612942631062255,1,H
0.4,0.1034482758620689,0.0,0.6,0.2337662337662337,0.0,1.0,0.0,1,0,1,0.65889863000753,1,H
0.6,0.1034482758620689,0.0,1.0,0.2987012987012987,0.0,0.0,0.0,0,0,0,0.7642774589104164,0,H
0.8,0.0,0.0,0.4,0.4935064935064935,0.0,1.0,0.0,1,0,0,0.8717395609472203,0,M
0.6,0.2068965517241379,0.0,1.0,0.1948051948051948,0.0,1.0,0.0,1,0,1,0.5003550468319808,1,H
0.8,0.5172413793103449,0.0,1.0,0.1168831168831168,0.0,1.0,0.0,1,1,0,0.6286651238179675,1,H
0.6,0.0689655172413793,0.0,1.0,0.3506493506493506,0.0,1.0,0.0,1,0,1,0.6902643779730452,0,M
0.6,0.0344827586206896,0.0,0.8,0.3766233766233766,0.0,1.0,0.0,0,0,0,0.826068875990634,0,H
0.6,0.3103448275862069,0.0,1.0,0.4675324675324675,0.0,1.0,0.0,0,1,0,0.5461469294858381,0,H
0.6,0.0,0.0,1.0,0.0259740259740259,0.0,0.0,0.0,0,0,0,0.5020009646630759,0,H
0.2,0.2758620689655172,0.0,1.0,0.4155844155844156,0.0,1.0,0.0,0,1,1,0.5105966730589472,0,H
0.6,0.1379310344827586,0.0,1.0,0.3766233766233766,0.0,0.0,0.0,0,0,0,0.7815355066145859,0,H
0.4,0.0,0.0,0.4,0.2337662337662337,0.0,0.0,0.0,1,0,1,0.8005760722390298,0,M
0.6,0.6896551724137931,0.0,1.0,0.4415584415584415,0.0,1.0,0.0,1,1,0,0.5407893164077937,1,H
0.6,0.0689655172413793,0.0,0.6,0.0649350649350649,0.0,1.0,0.0,1,0,1,0.6231860753350081,1,H
0.6,0.0,0.0,0.6,0.0,0.0,1.0,0.0,0,0,0,0.6220994540244986,0,H
0.6,0.0344827586206896,0.0,1.0,0.0129870129870129,0.0,1.0,0.3333333333333333,1,1,0,0.6889461727776954,1,H
0.2,0.1034482758620689,0.0,0.8,0.4285714285714285,0.0,0.0,0.0,0,0,0,0.7732774940058774,0,H
0.2,0.1379310344827586,0.0,1.0,0.2077922077922078,0.0,1.0,0.0,0,0,0,0.6092318164676919,0,H
0.2,0.0,0.0,1.0,0.0909090909090909,0.0,0.0,0.0,0,0,0,0.6786798370590233,0,H
0.6,0.0,0.0,1.0,0.1558441558441558,0.0,0.0,0.0,0,0,0,0.6615486029463001,0,H
0.8,0.0,0.0,0.6,0.1428571428571428,0.0,1.0,0.0,0,0,0,0.66488522587684,0,H
0.6,0.0689655172413793,0.0,1.0,0.1688311688311688,0.0,1.0,0.0,0,0,0,0.5306762880478713,0,H
0.4,0.0,0.0,0.6,0.6363636363636364,0.0,1.0,0.0,0,0,0,0.7589049211462878,0,H
0.6,0.5862068965517241,0.6,1.0,0.2337662337662337,0.0,1.0,0.0,1,1,0,0.6836871370218838,1,H
0.6,0.1724137931034483,0.0,1.0,0.4675324675324675,0.0,1.0,0.0,0,0,1,0.7692297517610368,0,H
0.6,0.3103448275862069,0.0,1.0,0.1558441558441558,0.0,1.0,0.0,1,1,0,0.6047818979799566,1,H
0.4,0.0,0.0,0.6,0.5844155844155844,0.0,1.0,0.0,1,0,0,0.8132316618374693,0,M
0.8,0.0689655172413793,0.0,1.0,0.1168831168831168,0.0,1.0,0.0,0,0,1,0.6046503990125406,0,H
0.6,0.0344827586206896,0.0,0.0,0.0129870129870129,0.0,1.0,0.3333333333333333,0,0,1,0.5008547819368605,0,H
0.8,0.3448275862068966,0.0,1.0,0.1948051948051948,0.0,1.0,0.3333333333333333,1,1,1,0.5356212221978702,1,H
0.6,0.0,0.0,0.4,0.0129870129870129,0.0,1.0,0.0,1,0,0,0.725751384142606,0,M
0.6,0.0,0.0,1.0,0.4805194805194805,0.0,1.0,0.0,0,0,0,0.7461117864438229,0,H
0.6,0.0689655172413793,0.0,0.6,0.0519480519480519,0.0,1.0,0.3333333333333333,0,0,0,0.5267082010945733,0,H
0.4,0.1379310344827586,0.0,1.0,0.1038961038961039,0.0,1.0,0.0,0,1,0,0.5038583502316628,0,H
0.6,0.2758620689655172,0.0,1.0,0.0909090909090909,0.0,1.0,0.0,1,1,1,0.5417098669613357,1,H
0.8,0.2758620689655172,0.0,1.0,0.5194805194805194,0.0,1.0,0.0,1,0,1,0.5180253423023656,1,H
0.6,0.0344827586206896,0.0,0.8,0.4675324675324675,0.0,1.0,0.0,0,0,0,0.8637245016158432,0,H
0.6,0.0344827586206896,0.0,0.8,0.2597402597402597,0.0,1.0,0.0,0,0,0,0.7153803699044441,0,H
0.2,0.0344827586206896,0.0,0.8,0.1038961038961039,0.0,1.0,0.0,0,0,1,0.5913287696856133,0,H
0.6,0.1034482758620689,0.0,0.8,0.3896103896103896,0.0,0.0,0.0,0,0,0,0.8386973538556179,0,H
0.6,0.2413793103448276,0.0,0.8,0.1818181818181818,0.0,1.0,0.0,0,1,1,0.5140795435725894,0,H
0.8,0.0689655172413793,0.0,1.0,0.2597402597402597,0.0,0.0,0.0,0,0,0,0.7020061160570512,0,H
0.4,0.0,0.0,0.8,0.2987012987012987,0.0,1.0,0.0,0,0,0,0.712158125961045,0,H
0.4,0.0689655172413793,0.0,1.0,0.5454545454545454,0.0,1.0,0.0,1,0,0,0.720710993713616,1,H
0.6,0.1034482758620689,0.0,1.0,0.0519480519480519,0.4,1.0,0.0,1,0,1,0.5503209204066013,1,H
0.6,0.6896551724137931,0.0,1.0,0.1168831168831168,0.0,1.0,0.0,1,1,1,0.6769201708952965,1,H
0.4,0.0344827586206896,0.0,1.0,0.3766233766233766,0.0,1.0,0.0,1,0,0,0.6733572534373541,0,M
0.6,0.7241379310344828,0.0,1.0,0.3116883116883117,0.0,1.0,0.0,0,1,0,0.6653738103665461,1,H
0.2,0.2068965517241379,0.0,1.0,0.0779220779220779,0.4,1.0,0.0,0,0,1,0.5954129249976621,0,H
0.8,0.0344827586206896,0.0,0.6,0.1948051948051948,0.0,1.0,0.0,0,0,0,0.6842903628265712,0,H
0.4,0.0344827586206896,0.0,0.4,0.0909090909090909,0.0,1.0,0.0,1,0,0,0.7105069865982985,0,M
0.8,0.0344827586206896,0.0,1.0,0.1168831168831168,0.0,0.0,0.0,0,0,0,0.6224010066130142,0,H
0.4,0.0689655172413793,0.0,1.0,0.0909090909090909,0.0,0.0,0.0,1,0,1,0.6604741685420121,1,H
0.6,0.0,0.0,0.8,0.1818181818181818,0.0,1.0,0.0,1,0,0,0.6372296286641351,1,H
0.2,0.0344827586206896,0.0,1.0,0.0519480519480519,0.4,1.0,0.3333333333333333,0,1,1,0.5819856887332886,0,H
0.4,0.0,0.0,0.8,0.0909090909090909,0.0,1.0,0.0,1,1,1,0.5389211942097405,1,H
0.2,0.0,0.0,0.8,0.0519480519480519,0.0,1.0,0.0,0,0,0,0.5609863346873285,0,H
0.8,0.0689655172413793,0.0,1.0,0.0389610389610389,0.0,1.0,0.0,0,0,0,0.6326309848741589,1,H
0.8,0.0344827586206896,0.2,0.8,0.0129870129870129,0.0,1.0,0.0,1,1,1,0.5818234465938463,0,H
0.4,0.0344827586206896,0.0,0.8,0.1818181818181818,0.0,0.0,0.0,1,0,1,0.6195582621903298,1,H
0.8,0.0344827586206896,0.0,0.6,0.0389610389610389,0.0,1.0,0.0,1,0,0,0.7205170177636282,0,M
0.6,0.3793103448275862,0.0,1.0,0.2077922077922078,0.0,1.0,0.0,0,1,0,0.6292140490823512,0,H
0.4,0.1724137931034483,0.0,1.0,0.1428571428571428,0.0,1.0,0.0,0,0,0,0.5467861072235601,0,H
0.8,0.0344827586206896,0.0,1.0,0.0909090909090909,0.0,0.0,0.0,0,0,1,0.708192945180876,0,H
0.8,0.3103448275862069,0.0,1.0,0.1688311688311688,0.8,1.0,0.0,0,1,0,0.528174830745938,0,H
0.6,0.0689655172413793,0.0,1.0,0.0779220779220779,0.0,1.0,0.0,1,0,1,0.5319738507173322,1,H
0.2,0.1724137931034483,0.0,0.8,0.1948051948051948,0.0,1.0,0.0,1,0,1,0.598654432545852,1,H
0.4,0.0,0.0,1.0,0.0519480519480519,0.0,0.0,0.0,0,0,0,0.6212230371246614,0,H
0.6,0.2758620689655172,0.0,1.0,0.1428571428571428,0.0,1.0,0.0,0,1,0,0.5308171897711231,0,H
0.4,0.0,0.0,0.6,0.5324675324675324,0.0,1.0,0.0,0,0,0,0.8255775676177795,0,H
0.6,0.5172413793103449,0.0,1.0,0.3506493506493506,0.2,1.0,0.0,0,1,1,0.527452973270016,1,H
0.4,0.1034482758620689,0.0,0.8,0.2727272727272727,0.0,1.0,0.0,0,0,0,0.7074922219005226,0,H
0.6,0.0344827586206896,0.0,0.6,0.5324675324675324,0.0,1.0,0.0,0,0,0,0.8193827323523322,0,H
0.6,0.2413793103448276,0.0,0.8,0.2727272727272727,0.0,1.0,0.0,1,0,0,0.7646253466481396,0,M
0.4,0.0344827586206896,0.0,0.2,0.5454545454545454,0.0,1.0,0.0,0,0,0,0.80692638580267,0,H
0.4,0.0344827586206896,0.0,1.0,0.0129870129870129,0.0,1.0,0.0,0,0,1,0.6019011298646628,0,H
0.4,0.1034482758620689,0.0,0.4,0.1948051948051948,0.0,1.0,0.0,0,0,0,0.6020298869252353,0,H
0.8,0.0689655172413793,0.2,1.0,0.0519480519480519,0.0,1.0,0.0,0,1,0,0.5813625358988452,1,H
0.8,0.0344827586206896,0.0,1.0,0.0779220779220779,0.0,1.0,0.0,1,0,1,0.7612972182750988,0,M
0.4,0.1724137931034483,0.0,0.8,0.0779220779220779,0.2,1.0,0.0,0,0,1,0.6682883370413494,1,H
0.4,0.2413793103448276,0.0,1.0,0.1428571428571428,0.0,0.0,0.0,0,1,1,0.5003505614392382,0,H
0.6,0.0689655172413793,0.2,1.0,0.0129870129870129,0.2,1.0,0.3333333333333333,1,1,1,0.5702550395649991,1,H
0.4,0.0344827586206896,0.0,0.8,0.1038961038961039,0.0,1.0,0.0,0,1,0,0.5365449375114746,0,H
0.6,0.0344827586206896,0.0,1.0,0.1948051948051948,0.0,0.0,0.0,1,0,0,0.6777996572793258,0,M
0.4,0.1034482758620689,0.0,0.8,0.0259740259740259,0.0,1.0,0.0,0,0,0,0.532845607577859,0,H
0.6,0.3103448275862069,0.4,0.4,0.2467532467532467,0.0,1.0,0.0,1,1,0,0.5030636160231691,1,H
0.4,0.1379310344827586,0.0,0.8,0.2337662337662337,0.0,1.0,0.0,1,0,1,0.6759447155428736,1,H
0.8,0.1724137931034483,0.0,1.0,0.1168831168831168,0.0,1.0,0.0,1,0,1,0.5554205051783059,1,H
0.4,0.0344827586206896,0.0,1.0,0.2727272727272727,0.0,1.0,0.0,0,0,0,0.711522364716403,0,H
0.4,0.0,0.0,0.8,0.2467532467532467,0.0,0.0,0.0,0,0,0,0.7167936338499451,0,H
0.4,0.0,0.0,1.0,0.0649350649350649,0.0,1.0,0.0,0,0,0,0.6404548963665234,0,H
0.6,0.3793103448275862,0.0,1.0,0.1428571428571428,0.0,1.0,0.0,0,1,1,0.5618411716519001,0,H
0.6,0.0689655172413793,0.2,0.8,0.0909090909090909,0.0,1.0,0.0,1,0,1,0.521303182575321,0,H
0.0,0.0344827586206896,0.0,1.0,0.1298701298701298,0.0,1.0,0.0,0,0,0,0.7865348741050378,0,H
0.6,0.1379310344827586,0.0,1.0,0.5064935064935064,0.0,0.0,0.0,1,0,1,0.7020212275471855,0,M
0.2,0.4137931034482758,0.2,1.0,0.2337662337662337,0.2,1.0,0.0,1,1,1,0.6650491553338597,1,H
0.6,0.0344827586206896,0.0,1.0,0.3506493506493506,0.0,1.0,0.0,0,0,0,0.7682832992337971,0,H
0.6,0.0,0.0,1.0,0.3506493506493506,0.0,1.0,0.0,1,0,1,0.772540311395502,0,M
0.6,0.0689655172413793,0.0,0.8,0.0909090909090909,0.0,0.0,0.0,1,0,1,0.632907991802044,1,H
0.6,0.1034482758620689,0.0,0.8,0.2077922077922078,0.4,1.0,0.0,0,0,0,0.6976095960357552,0,H
1.0,0.0,0.0,0.6,0.1298701298701298,0.0,1.0,0.0,1,0,1,0.8541740707842316,0,M
0.6,0.3793103448275862,0.8,1.0,0.1428571428571428,0.0,1.0,0.3333333333333333,0,1,0,0.6983523127417509,1,M
0.6,0.2758620689655172,0.0,1.0,0.1428571428571428,0.0,1.0,0.3333333333333333,0,1,0,0.6744428582084205,1,H
0.6,0.1379310344827586,0.0,0.8,0.2727272727272727,0.0,0.0,0.0,1,0,1,0.7567626561712751,0,M
0.6,0.0344827586206896,0.0,0.8,0.3506493506493506,0.0,1.0,0.0,1,0,0,0.8592621505590433,0,M
0.6,0.1724137931034483,0.0,1.0,0.1948051948051948,0.0,1.0,0.0,0,0,0,0.5871824115537779,0,H
0.8,0.2758620689655172,0.0,1.0,0.0259740259740259,1.0,1.0,0.6666666666666666,1,1,1,0.6054312787070744,1,H
1.0,0.0344827586206896,0.0,0.8,0.4415584415584415,0.0,1.0,0.0,0,0,0,0.8365031221300988,0,H
0.4,0.4827586206896552,0.0,1.0,0.3896103896103896,0.0,0.0,0.0,0,0,1,0.5289865875669312,0,H
0.6,0.1379310344827586,0.0,0.8,0.1688311688311688,0.0,1.0,0.0,0,0,0,0.5636689924520673,0,H
0.8,0.0,0.0,1.0,0.1298701298701298,0.0,0.0,0.0,1,0,1,0.6876518082935447,1,H
0.8,0.0344827586206896,0.0,0.8,0.2857142857142857,0.0,1.0,0.0,1,0,0,0.864786638703809,1,H
0.2,0.0689655172413793,0.0,0.8,0.1818181818181818,0.0,1.0,0.0,0,0,0,0.5806758557039695,0,H
0.6,0.2068965517241379,0.0,1.0,0.1168831168831168,0.0,1.0,0.0,0,0,0,0.5864768647875703,0,H
0.6,0.0689655172413793,0.0,1.0,0.2077922077922078,0.0,1.0,0.0,0,0,0,0.6844474607730073,0,H
0.6,0.0,0.0,0.4,0.0649350649350649,0.0,0.0,0.0,1,0,0,0.7086602843306717,0,M
0.4,0.5862068965517241,0.0,1.0,0.4805194805194805,0.0,1.0,0.0,0,1,0,0.550928497858774,0,H
0.6,0.0344827586206896,0.0,0.8,0.5454545454545454,0.0,1.0,0.0,1,0,1,0.8268530683584006,0,M
0.2,0.3448275862068966,0.0,0.8,0.0909090909090909,0.5,1.0,0.0,1,0,1,0.5673044045942992,1,H
0.6,0.2758620689655172,0.0,1.0,0.0389610389610389,0.0,1.0,0.0,0,0,0,0.5237319893004642,0,H
0.6,0.2413793103448276,0.0,1.0,0.2207792207792207,0.0,0.0,0.0,1,0,1,0.6983550509870929,1,H
0.8,0.6551724137931034,0.4,0.8,0.0779220779220779,1.0,1.0,1.0,1,1,0,0.6776413386547571,1,H
0.2,0.1724137931034483,0.0,0.8,0.1038961038961039,0.0,1.0,0.0,0,0,0,0.5949877147024067,0,H
0.6,0.1379310344827586,0.0,0.8,0.0129870129870129,0.0,1.0,0.3333333333333333,0,1,0,0.6103760834737585,1,H
0.8,0.0689655172413793,0.4,1.0,0.0779220779220779,0.1428571428571428,1.0,0.0,0,0,0,0.5225061217487861,0,H
0.6,0.2068965517241379,0.0,1.0,0.1688311688311688,0.0,0.0,0.0,0,0,1,0.6872220720357917,0,H
0.6,0.8620689655172413,0.0,1.0,0.1168831168831168,0.0,1.0,0.0,1,1,1,0.6835164240870827,1,H
0.4,0.0689655172413793,0.0,1.0,0.0389610389610389,0.0,0.0,0.0833333333333333,0,1,1,0.5871090645322155,0,H
0.6,0.0344827586206896,0.0,1.0,0.0129870129870129,0.0,0.0,0.0,0,0,0,0.6138478032472113,0,H
0.4,0.1379310344827586,0.0,0.6,0.2337662337662337,0.0,1.0,0.0,1,0,0,0.5981514255250008,1,H
0.6,0.0,0.0,0.8,0.3246753246753247,0.0,1.0,0.0,1,0,0,0.8105597589470801,0,M
0.6,0.0344827586206896,0.0,1.0,0.2077922077922078,0.0,1.0,0.0,1,0,1,0.6722540167779432,1,H
0.4,0.0,0.0,1.0,0.4285714285714285,0.0,0.0,0.0,0,0,0,0.8127359556953795,0,H
0.6,0.4137931034482758,0.0,1.0,0.1428571428571428,0.2857142857142857,1.0,0.0833333333333333,0,1,0,0.5094661771830741,1,H
0.6,0.0689655172413793,0.0,0.8,0.0259740259740259,0.0,1.0,0.0,1,0,0,0.5915730078857582,1,H
0.6,0.0,0.0,0.4,0.3376623376623376,0.0,1.0,0.0,0,0,0,0.8542512841734768,0,H
0.6,0.1724137931034483,0.0,0.8,0.1948051948051948,0.1428571428571428,1.0,0.0,1,0,1,0.7076395602632216,1,H
0.6,0.5862068965517241,0.0,1.0,0.4675324675324675,0.0,1.0,0.0,1,0,1,0.5147857678863669,1,H
0.6,0.0344827586206896,0.0,1.0,0.3246753246753247,0.0,1.0,0.0,0,0,0,0.7174939779024194,0,H
0.2,0.0,0.0,1.0,0.0779220779220779,0.0,1.0,0.0,1,0,1,0.7599379489220928,0,M
0.4,0.0,0.0,1.0,0.2337662337662337,0.0,0.0,0.0,1,0,0,0.8112726152424278,0,M
0.4,0.0344827586206896,0.0,1.0,0.0779220779220779,0.0,1.0,0.0,1,0,1,0.6760261274454139,1,H
0.6,0.0344827586206896,0.0,0.8,0.2857142857142857,0.0,0.0,0.0,0,0,0,0.840341849289445,0,H
0.4,0.0344827586206896,0.0,0.2,0.3636363636363636,0.0,1.0,0.0,0,0,0,0.8564506118337225,0,H
0.6,0.4482758620689655,0.0,1.0,0.5454545454545454,0.0,1.0,0.0,0,0,0,0.5359410692522142,0,H
0.4,0.3793103448275862,0.0,0.6,0.1168831168831168,0.0,1.0,0.0,1,1,0,0.5141076711050465,1,H
0.6,0.2413793103448276,0.0,0.6,0.0909090909090909,0.0,1.0,0.0,1,1,1,0.5216149272057837,1,H
0.6,0.0689655172413793,0.0,0.4,0.4155844155844156,0.0,1.0,0.0,0,0,0,0.8100062429031591,0,H
0.8,0.0689655172413793,0.0,1.0,0.0259740259740259,0.0,0.0,0.0,1,0,0,0.6637745720452887,1,H
0.6,0.0689655172413793,0.0,0.6,0.1168831168831168,0.0,1.0,0.0,1,0,0,0.6187868383042485,1,H
0.6,0.0689655172413793,0.0,1.0,0.3896103896103896,0.0,1.0,0.0,1,0,0,0.7718405119880786,0,M
0.8,0.0689655172413793,0.0,1.0,0.0519480519480519,0.0,1.0,0.0,0,0,0,0.6421852287616542,0,H
0.8,0.2413793103448276,0.0,1.0,0.1558441558441558,0.0,1.0,0.0,1,1,1,0.5184198785207067,1,H
0.6,0.3103448275862069,0.0,0.8,0.4675324675324675,0.0,1.0,0.0,0,0,0,0.656675020201565,0,H
0.2,0.0,0.0,1.0,0.3116883116883117,0.0,1.0,0.0,1,0,0,0.7849651141852566,0,M
0.6,0.1034482758620689,0.0,0.8,0.1688311688311688,0.0,1.0,0.0,0,1,0,0.5268722685916779,0,H
0.6,0.0344827586206896,0.0,1.0,0.3116883116883117,0.0,1.0,0.0,0,0,1,0.7867597134574367,0,H
0.6,0.7586206896551724,0.0,1.0,0.3636363636363636,0.0,1.0,0.0,1,1,1,0.5517368787496493,1,H
0.8,0.0344827586206896,0.2,1.0,0.0129870129870129,0.0,1.0,0.0,1,0,1,0.6167892523898939,1,H
0.4,0.0689655172413793,0.0,0.6,0.4025974025974026,0.0,1.0,0.0,1,0,0,0.7479957916002283,0,M
0.4,0.0344827586206896,0.0,0.8,0.2077922077922078,0.0,0.0,0.0,0,0,0,0.7356616310106742,0,H
0.6,0.1379310344827586,0.0,1.0,0.2337662337662337,0.0,1.0,0.0,0,0,0,0.7297886725983409,0,H
0.4,0.0689655172413793,0.0,0.4,0.0519480519480519,0.0,1.0,0.0,1,0,0,0.8119286262995687,0,M
0.4,0.0689655172413793,0.0,0.6,0.1688311688311688,0.0,1.0,0.0,1,0,1,0.744589527688773,1,H
0.6,0.3448275862068966,0.2,1.0,0.3506493506493506,0.0,1.0,0.0,0,1,0,0.8082156386961088,1,M
0.4,0.1724137931034483,0.0,0.8,0.3376623376623376,0.0,0.0,0.0,0,0,0,0.8351455073616731,0,H
0.6,0.3793103448275862,0.0,1.0,0.3376623376623376,0.0,1.0,0.0,0,0,0,0.5451240767550438,0,H
0.8,0.4482758620689655,0.0,1.0,0.4415584415584415,0.0,1.0,0.0,0,1,0,0.5459696341261083,0,H
0.2,0.0344827586206896,0.0,0.6,0.4415584415584415,0.0,1.0,0.0,1,0,1,0.8810776585038398,0,M
0.6,0.0,0.0,0.6,0.5064935064935064,0.0,1.0,0.0,1,0,0,0.8664762649369547,1,H
0.6,0.1379310344827586,0.0,1.0,0.1428571428571428,0.0,0.0,0.0833333333333333,0,0,0,0.5066987057533268,0,H
0.6,0.5172413793103449,0.0,1.0,0.5454545454545454,0.0,1.0,0.0,0,0,1,0.5450133838641952,1,H
0.6,0.0689655172413793,0.0,0.4,0.1428571428571428,0.0,1.0,0.0,1,0,0,0.6848472737555764,0,M
0.6,0.6206896551724138,0.0,1.0,0.1818181818181818,0.4285714285714285,1.0,0.0,0,1,1,0.6593151468806738,1,H
0.8,0.0689655172413793,0.0,1.0,0.0389610389610389,0.0,1.0,0.0833333333333333,0,0,0,0.5231261186526244,0,H
0.2,0.0689655172413793,0.0,1.0,0.2077922077922078,0.0,0.0,0.1666666666666666,1,0,0,0.5969027615405696,1,H
0.6,0.2068965517241379,0.0,1.0,0.1168831168831168,0.0,1.0,0.0833333333333333,1,0,1,0.5646890732747312,1,H
0.8,0.2068965517241379,0.0,0.4,0.2207792207792207,0.0,1.0,0.0,0,0,0,0.6670198355586138,0,H
0.6,0.1034482758620689,0.0,0.6,0.4285714285714285,0.0,1.0,0.0,0,0,0,0.7367691155974828,0,H
0.2,0.6206896551724138,0.2,0.8,0.1428571428571428,0.0,1.0,0.0833333333333333,0,1,0,0.7379229293426435,1,M
0.6,0.4827586206896552,0.0,1.0,0.1688311688311688,0.0,1.0,0.0,1,1,1,0.6156943616260154,1,H
0.2,0.0,0.0,0.8,0.4285714285714285,0.0,1.0,0.0,1,0,0,0.8686520683434783,0,M
0.2,0.0,0.0,1.0,0.1298701298701298,0.0,1.0,0.0,1,0,0,0.7345261848484476,0,M
0.8,0.1724137931034483,0.0,1.0,0.1948051948051948,0.0,0.0,0.0,1,0,1,0.7002535076141707,0,M
0.6,0.0344827586206896,0.0,0.6,0.2467532467532467,0.0,1.0,0.0,0,0,0,0.69420662406672,0,H
0.6,0.0,0.0,0.8,0.3896103896103896,0.0,1.0,0.0,1,0,0,0.8456913402769243,0,M
0.6,0.3103448275862069,0.0,1.0,0.0779220779220779,0.1428571428571428,1.0,0.0,0,0,0,0.5039184010788423,0,H
0.2,0.1379310344827586,0.0,1.0,0.4025974025974026,0.0,1.0,0.0,0,0,0,0.6865580966157319,0,H
0.2,0.0344827586206896,0.0,1.0,0.0779220779220779,0.0,1.0,0.0,1,0,0,0.7749916629416248,0,M
0.6,0.2413793103448276,0.2,1.0,0.0259740259740259,0.0,1.0,0.0,0,1,1,0.7433056652305831,0,H
0.4,0.0,0.0,0.8,0.5714285714285714,0.0,0.0,0.0,0,0,0,0.8331695785740776,0,H
0.2,0.0,0.0,1.0,0.2727272727272727,0.0,1.0,0.0,0,0,0,0.8124296004425207,0,H
0.4,0.0,0.0,1.0,0.4545454545454545,0.0,1.0,0.0,1,0,1,0.7981022998294868,0,M
0.4,0.0689655172413793,0.0,0.8,0.1558441558441558,0.0,1.0,0.0,1,0,1,0.6254357289157405,1,H
0.4,0.3103448275862069,0.0,0.8,0.0909090909090909,0.0,1.0,0.0,0,1,1,0.5342174452729441,0,H
0.6,0.1724137931034483,0.0,1.0,0.0909090909090909,0.0,0.0,0.0,1,0,1,0.746780783627635,0,M
0.6,0.0,0.0,0.6,0.1558441558441558,0.0,1.0,0.0,0,0,0,0.6688710392042813,0,H
0.6,0.4482758620689655,0.0,1.0,0.5584415584415584,0.0,1.0,0.0,1,0,1,0.631742729213124,1,H
0.6,0.1034482758620689,0.4,0.8,0.1038961038961039,0.0,1.0,0.0,0,0,0,0.662164938110703,0,H
0.6,0.4137931034482758,0.0,0.8,0.3896103896103896,0.0,1.0,0.0,0,0,1,0.5774992325220145,0,H
0.4,0.0,0.0,0.6,0.4285714285714285,0.0,1.0,0.0,1,0,1,0.8504909242200293,1,H
0.8,0.2758620689655172,0.0,1.0,0.1428571428571428,0.0,0.0,0.0,0,0,1,0.5622365394109635,0,H
0.6,0.0344827586206896,0.0,0.6,0.0389610389610389,0.0,1.0,0.0,0,0,1,0.6953345016478616,0,H
0.4,0.0,0.0,0.8,0.3506493506493506,0.0,1.0,0.0,1,0,1,0.805909279933161,1,H
0.6,0.0344827586206896,0.0,1.0,0.4025974025974026,0.0,1.0,0.0,1,0,0,0.7945731391810523,0,M
0.6,0.1034482758620689,0.0,0.8,0.2727272727272727,0.0,1.0,0.0,0,0,0,0.7911032750363606,0,H
0.6,0.3793103448275862,0.0,1.0,0.0389610389610389,0.0,1.0,0.0,0,0,1,0.5379378152945171,0,H
0.6,0.0689655172413793,0.0,1.0,0.2337662337662337,0.0,1.0,0.0,1,0,0,0.7645437050212694,0,M
0.4,0.0,0.0,0.8,0.0909090909090909,0.0,0.0,0.0,0,0,0,0.7010264131658291,0,H
0.4,0.1724137931034483,0.0,0.8,0.4155844155844156,0.0,0.0,0.0,0,0,1,0.8697605916133554,0,H
0.6,0.1034482758620689,0.0,1.0,0.1168831168831168,0.0,0.0,0.0,0,0,0,0.7241070549308821,0,H
0.4,0.1379310344827586,0.0,1.0,0.4545454545454545,0.0,1.0,0.0,1,0,1,0.7886054909833116,0,M
0.2,0.1379310344827586,0.0,1.0,0.0389610389610389,0.0,1.0,0.0,0,0,0,0.7069585482591348,1,H
0.2,0.0,0.0,1.0,0.0649350649350649,0.0,0.0,0.0,1,0,0,0.7983761511457296,0,M
0.6,0.0689655172413793,0.0,1.0,0.0259740259740259,0.0,1.0,0.0833333333333333,1,0,1,0.6176141671305587,1,H
0.6,0.0,0.0,1.0,0.4675324675324675,0.0,1.0,0.0,1,0,1,0.7861425183440883,0,M
0.6,0.2068965517241379,0.0,1.0,0.2987012987012987,0.0,0.0,0.0,1,0,0,0.8564482509459637,0,M
0.6,0.0,0.0,1.0,0.2727272727272727,0.0,1.0,0.0,0,0,0,0.7801173580008791,0,H
0.8,0.3103448275862069,0.0,0.8,0.1558441558441558,0.4285714285714285,1.0,0.0,1,0,1,0.5779864188615426,1,H
0.4,0.0344827586206896,0.0,1.0,0.5974025974025974,0.0,1.0,0.0,1,0,0,0.6890809794275646,0,M
0.6,0.0,0.0,1.0,0.0259740259740259,0.4285714285714285,1.0,0.0,1,0,1,0.72295450649336,0,M
0.6,0.4482758620689655,0.0,1.0,0.2597402597402597,0.0,1.0,0.0,1,0,1,0.5026126521312467,1,H
0.8,0.0,0.0,0.8,0.0519480519480519,0.0,1.0,0.0,0,0,0,0.5528161531664362,0,H
0.6,0.4482758620689655,0.0,1.0,0.2857142857142857,0.0,1.0,0.0,1,1,1,0.5152604739848634,1,H
0.6,0.0,0.0,0.6,0.0779220779220779,0.0,1.0,0.0,1,0,1,0.746046568673462,1,H
0.6,0.3448275862068966,1.0,1.0,0.0649350649350649,0.0,1.0,0.0833333333333333,0,1,1,0.7409454858033955,0,H
0.6,0.1034482758620689,0.0,0.4,0.0259740259740259,0.0,1.0,0.1666666666666666,1,0,1,0.6724809004732762,1,H
0.8,0.0,0.0,0.8,0.4025974025974026,0.0,1.0,0.0,0,0,0,0.8197216675767731,0,H
0.6,0.0,0.0,0.4,0.1298701298701298,0.0,0.0,0.0,0,0,0,0.806403107821271,0,H
0.6,0.9655172413793104,0.0,1.0,0.4935064935064935,0.0,1.0,0.0,1,1,1,0.6216072190770767,1,H
0.6,0.2068965517241379,0.0,0.4,0.1038961038961039,0.0,1.0,0.0,0,0,0,0.5537249006451047,0,H
0.8,0.1724137931034483,0.0,0.8,0.0519480519480519,0.5714285714285714,0.0,0.0,1,0,1,0.682586588147329,1,H
0.8,0.0344827586206896,0.0,0.6,0.1038961038961039,0.0,1.0,0.0,0,0,0,0.7108086052923692,0,H
0.6,0.1724137931034483,0.0,0.8,0.2077922077922078,0.0,1.0,0.0,1,0,0,0.6492919630259134,1,H
0.6,0.2413793103448276,0.0,1.0,0.3376623376623376,0.0,1.0,0.0,0,0,0,0.7469886619673487,0,H
0.2,0.3793103448275862,0.0,1.0,0.0649350649350649,0.1428571428571428,0.0,0.0,1,0,1,0.5625285070687128,1,H
0.4,0.0,0.0,0.4,0.5584415584415584,0.0,1.0,0.0,1,0,0,0.8993707983770293,0,M
0.4,0.3448275862068966,0.0,1.0,0.2077922077922078,0.0,1.0,0.0,1,1,1,0.5032659139152492,1,H
0.4,0.0,0.0,0.8,0.6103896103896104,0.0,1.0,0.0,1,0,1,0.8523474783333507,0,M
0.6,0.2758620689655172,0.0,1.0,0.4675324675324675,0.0,1.0,0.0,0,0,1,0.6875863770059346,0,H
0.6,0.0344827586206896,0.0,0.4,0.0519480519480519,0.0,1.0,0.0,0,0,0,0.777784396005679,0,H
1.0,0.0,0.0,1.0,0.1298701298701298,0.0,1.0,0.0,0,0,0,0.6742205941070262,0,H
0.4,0.0344827586206896,0.0,1.0,0.2077922077922078,0.0,1.0,0.0,0,0,0,0.6995820855062415,0,H
0.4,0.0344827586206896,0.0,0.8,0.3376623376623376,0.0,1.0,0.0,1,0,0,0.7810680518274236,0,M
0.6,0.4137931034482758,0.0,1.0,0.0909090909090909,0.1428571428571428,1.0,0.0833333333333333,0,1,0,0.5839478768237976,1,H
0.4,0.1379310344827586,0.0,0.8,0.4285714285714285,0.0,1.0,0.0,0,0,0,0.8361600976692075,0,H
0.2,0.0689655172413793,0.0,1.0,0.2727272727272727,0.0,0.0,0.0,0,0,0,0.7141260537253383,0,H
0.2,0.0344827586206896,0.0,1.0,0.2337662337662337,0.0,1.0,0.0,1,0,1,0.8048409804735693,1,H
0.4,0.0344827586206896,0.0,1.0,0.1428571428571428,0.0,0.0,0.0,0,0,0,0.7344200071634134,0,H
0.4,0.4137931034482758,0.0,1.0,0.1038961038961039,0.2857142857142857,1.0,0.0833333333333333,1,0,0,0.5295596359667921,1,H
0.4,0.0,0.0,0.6,0.1688311688311688,0.0,1.0,0.0,0,0,1,0.7318271328048643,0,H
0.2,0.0,0.0,1.0,0.0519480519480519,0.0,1.0,0.0,1,0,1,0.7796650815704628,1,H
0.6,0.2413793103448276,0.0,0.8,0.3506493506493506,0.0,0.0,0.0,1,0,1,0.885246846896375,1,H
0.6,0.0344827586206896,0.0,1.0,0.2597402597402597,0.0,0.0,0.0,0,0,0,0.807401274870149,0,H
0.0,0.2758620689655172,0.0,1.0,0.4155844155844156,0.0,1.0,0.0,1,0,0,0.7663541673767637,0,M
0.8,0.1724137931034483,0.0,1.0,0.2467532467532467,0.0,1.0,0.0,0,0,0,0.7707656481622023,0,H
0.8,0.6551724137931034,0.0,1.0,0.2987012987012987,0.0,1.0,0.0,0,0,0,0.513493761775554,0,H
0.6,0.0344827586206896,0.0,1.0,0.2727272727272727,0.0,1.0,0.0,1,0,1,0.8209497074042817,0,M
0.6,0.4482758620689655,0.0,1.0,0.2597402597402597,0.0,1.0,0.0833333333333333,1,1,1,0.6530097220344712,1,H
0.4,0.1034482758620689,0.0,0.6,0.1428571428571428,0.0,1.0,0.0,0,0,1,0.5863776731537688,0,H
0.6,0.0689655172413793,0.0,1.0,0.0519480519480519,0.0,1.0,0.0,0,0,0,0.6119350077779336,0,H
0.6,0.1724137931034483,0.6,1.0,0.1298701298701298,0.1428571428571428,1.0,0.0,1,1,0,0.5856123028960863,1,H
0.4,0.0,0.0,1.0,0.6493506493506493,0.0,1.0,0.0,1,0,0,0.7837645412772711,0,M
0.4,0.1379310344827586,0.0,0.8,0.0519480519480519,0.0,1.0,0.0,1,0,1,0.5527463093001587,1,H
0.8,0.0344827586206896,0.0,1.0,0.1038961038961039,0.0,1.0,0.0,0,0,1,0.6903746612045667,1,H
0.6,0.8275862068965517,0.0,1.0,0.4805194805194805,0.0,1.0,0.0,1,1,0,0.6574484096421158,1,H
0.6,0.1034482758620689,0.0,0.8,0.4805194805194805,0.0,0.0,0.0,0,0,0,0.8050993455169764,0,H
0.2,0.0,0.0,0.8,0.4675324675324675,0.0,1.0,0.0,1,0,0,0.8542929408348462,0,M
0.6,0.2413793103448276,0.0,0.6,0.0519480519480519,0.0,0.0,0.0,0,1,0,0.6122964713762409,0,H
0.6,0.0689655172413793,0.0,0.4,0.3116883116883117,0.0,1.0,0.0,0,0,1,0.6873802237050572,0,H
0.4,0.1724137931034483,0.0,1.0,0.1168831168831168,0.1428571428571428,1.0,0.0,0,1,0,0.5522267665664065,0,H
0.6,0.0689655172413793,0.0,1.0,0.1428571428571428,0.0,1.0,0.0,0,0,0,0.644386438757796,0,H
0.6,0.5517241379310345,0.6,1.0,0.1558441558441558,0.0,1.0,0.0,1,1,1,0.7758925800949942,1,H
0.6,0.2068965517241379,0.0,0.8,0.1948051948051948,0.0,0.0,0.0,0,0,0,0.5527595912202523,0,H
0.2,0.1724137931034483,0.0,0.4,0.1428571428571428,0.0,1.0,0.0,0,0,1,0.7242764796654831,0,H
0.4,0.1724137931034483,0.0,1.0,0.1168831168831168,0.0,1.0,0.0,0,0,0,0.6574577733500816,0,H
0.6,0.0,0.0,0.8,0.2077922077922078,0.0,1.0,0.0,1,0,0,0.6252911788698432,1,H
0.4,0.0689655172413793,0.0,0.4,0.7012987012987013,0.0,1.0,0.0,1,0,0,0.8519872710358734,0,M
0.6,0.0344827586206896,0.0,1.0,0.1038961038961039,0.0,0.0,0.0,0,0,1,0.7354021663884922,0,H
0.8,0.0,0.0,0.4,0.1298701298701298,0.0,1.0,0.0,0,0,0,0.802685581152093,0,H
0.4,0.0344827586206896,0.0,1.0,0.1688311688311688,0.0,1.0,0.0,0,0,0,0.6657729206511845,0,H
0.6,0.0689655172413793,0.0,0.8,0.5584415584415584,0.0,1.0,0.0,0,0,0,0.8715859664007175,0,H
0.8,0.0689655172413793,0.0,1.0,0.4675324675324675,0.0,0.0,0.0,0,0,0,0.886839806226336,0,H
0.6,0.0,0.0,0.4,0.0909090909090909,0.0,1.0,0.0,1,0,0,0.7970938508081338,0,M
0.6,0.0344827586206896,0.0,0.6,0.1038961038961039,0.0,1.0,0.0,0,0,0,0.7575448137153806,0,H
0.6,0.2413793103448276,0.0,1.0,0.0649350649350649,0.0,0.0,0.0,0,0,0,0.6784226737939969,0,H
0.2,0.0689655172413793,0.0,0.8,0.0909090909090909,0.0,0.0,0.0,0,0,0,0.6608948300072498,0,H
1.0,0.0689655172413793,0.0,0.8,0.4935064935064935,0.0,1.0,0.0,0,0,0,0.8615270739863112,0,H
0.6,0.0344827586206896,0.0,0.8,0.1818181818181818,0.0,1.0,0.0,0,0,0,0.6060908852562945,0,H
0.6,0.0689655172413793,0.0,0.8,0.4675324675324675,0.0,1.0,0.0,0,0,0,0.8792453249299985,0,H
0.6,0.1379310344827586,0.0,0.8,0.2987012987012987,0.0,1.0,0.0,1,0,1,0.746632418721249,0,M
0.6,0.3793103448275862,0.0,1.0,0.4025974025974026,0.0,1.0,0.0,1,0,0,0.5675369328755033,1,H
0.4,0.0,0.0,0.4,0.0129870129870129,0.0,1.0,0.0,0,0,0,0.8156004977352899,0,H
0.6,0.1034482758620689,0.0,0.8,0.1168831168831168,0.0,0.0,0.0,1,0,1,0.695677285983804,0,M
0.4,0.1034482758620689,0.0,1.0,0.1948051948051948,0.0,1.0,0.0,0,0,0,0.650559247768515,0,H
0.4,0.0,0.0,1.0,0.5844155844155844,0.0,1.0,0.0,1,0,0,0.8114033116055764,0,M
0.6,0.0344827586206896,0.0,1.0,0.0389610389610389,0.0,1.0,0.0,1,0,1,0.6777077684706319,0,M
0.6,0.0,0.0,0.8,0.0389610389610389,0.1428571428571428,1.0,0.0,0,0,0,0.602547526407996,0,H
0.4,0.7931034482758621,0.0,1.0,0.2337662337662337,0.0,0.0,0.0,1,0,1,0.5049563287046713,1,H
0.2,0.0344827586206896,0.0,0.8,0.0129870129870129,0.0,1.0,0.0,1,0,1,0.724123470320299,1,H
0.8,0.1034482758620689,0.0,0.8,0.5974025974025974,0.0,1.0,0.0,0,0,0,0.9028784994639404,0,H
0.6,0.1034482758620689,0.0,1.0,0.2337662337662337,0.0,1.0,0.0,1,0,1,0.6835009942281702,1,H
0.4,0.5517241379310345,0.6,0.8,0.3246753246753247,0.0,1.0,0.0,0,1,0,0.8728359659011496,0,H
0.4,0.1379310344827586,0.0,0.8,0.1038961038961039,0.4285714285714285,1.0,0.0833333333333333,1,0,1,0.5130935979465975,1,H
0.6,0.0344827586206896,0.0,0.6,0.1948051948051948,0.0,0.0,0.0,1,0,0,0.7366766922234281,1,H
0.6,0.1379310344827586,0.0,1.0,0.0389610389610389,0.0,1.0,0.0,0,0,1,0.6710398999577505,0,H
0.4,0.0,0.0,0.8,0.4675324675324675,0.0,1.0,0.0,1,0,1,0.8749061541564922,0,M
0.6,0.0344827586206896,0.0,1.0,0.4675324675324675,0.0,1.0,0.0,1,0,0,0.8097772708594219,0,M
0.4,0.2068965517241379,0.0,0.8,0.0909090909090909,0.0,1.0,0.0,0,0,0,0.6099992425575617,0,H
0.8,0.0,0.0,0.8,0.4155844155844156,0.0,1.0,0.0,0,0,0,0.9078034771739734,0,H
0.4,0.1034482758620689,0.0,1.0,0.2207792207792207,0.0,1.0,0.0,1,0,1,0.6393209527712538,1,H
0.4,0.0689655172413793,0.0,0.8,0.4675324675324675,0.0,1.0,0.0,0,0,1,0.9025284380687209,0,H
0.6,0.4137931034482758,0.0,1.0,0.2207792207792207,0.0,1.0,0.0,0,1,0,0.5810853207838934,0,H
0.4,0.1379310344827586,0.0,0.8,0.6363636363636364,0.0,1.0,0.0,0,0,0,0.9052256054387224,0,H
0.6,0.3793103448275862,0.0,1.0,0.1428571428571428,0.0,0.0,0.0,0,0,1,0.5705922684571895,0,H
0.0,0.1724137931034483,0.0,0.8,0.5714285714285714,0.0,1.0,0.0,0,0,0,0.8634755954992217,0,H
0.6,0.0344827586206896,0.0,0.2,0.2077922077922078,0.0,1.0,0.0,1,0,0,0.8140132258716302,1,H
0.6,0.4137931034482758,0.0,1.0,0.4545454545454545,0.0,1.0,0.0,0,0,0,0.5045553111818245,0,H
0.8,0.0689655172413793,0.0,1.0,0.1428571428571428,0.0,1.0,0.0,1,0,1,0.6726965527503885,1,H
0.6,0.0344827586206896,0.0,0.8,0.2077922077922078,0.1428571428571428,1.0,0.0,1,0,0,0.687365414260685,0,M
0.8,0.0344827586206896,0.0,1.0,0.3376623376623376,0.0,0.0,0.0,0,0,0,0.8195565485464748,0,H
0.4,0.4482758620689655,0.0,1.0,0.1428571428571428,0.0,1.0,0.0,0,1,0,0.5743907490531863,0,H
0.8,0.0689655172413793,0.0,1.0,0.0519480519480519,0.0,0.0,0.0,1,0,1,0.6736125972032673,1,H
0.4,0.4137931034482758,0.0,1.0,0.2077922077922078,0.1428571428571428,1.0,0.0,1,1,1,0.5983634702516344,1,H
0.4,0.0,0.0,0.8,0.1298701298701298,0.0,1.0,0.0,1,0,0,0.5487645666632425,1,H
0.2,0.1379310344827586,0.0,0.4,0.1428571428571428,0.0,1.0,0.0,1,0,1,0.7058894671841075,0,M
0.6,0.5862068965517241,0.0,0.8,0.1558441558441558,0.0,1.0,0.0,1,1,1,0.5170781773988747,1,H
0.4,0.0,0.0,1.0,0.2337662337662337,0.0,1.0,0.0,1,0,1,0.7604988553377142,1,H
0.6,0.1379310344827586,0.0,1.0,0.0909090909090909,0.0,1.0,0.0,0,0,0,0.6505230217871226,0,H
0.2,0.2758620689655172,0.0,1.0,0.1298701298701298,0.0,1.0,0.0,0,0,0,0.5833860223301105,0,H
0.4,0.1034482758620689,0.0,1.0,0.1298701298701298,0.0,1.0,0.0,1,0,1,0.608524712627646,1,H
0.6,0.3103448275862069,0.6,0.8,0.3506493506493506,0.0,1.0,0.0833333333333333,0,1,0,0.7119062848647888,1,M
0.8,0.6551724137931034,0.0,1.0,0.2857142857142857,0.0,1.0,0.0,0,0,1,0.5305075662576157,1,H
0.6,0.2413793103448276,0.0,1.0,0.1558441558441558,0.0,0.0,0.0,1,0,1,0.7859824523623887,0,M
0.4,0.0689655172413793,0.0,0.4,0.2597402597402597,0.0,1.0,0.0,1,0,0,0.8619540434532944,0,M
0.6,0.5172413793103449,0.0,1.0,0.1558441558441558,0.0,1.0,0.0,0,1,0,0.5676215402669363,0,H
0.2,0.0,0.0,0.8,0.5454545454545454,0.0,1.0,0.0,0,0,0,0.9172821452832916,0,H
0.8,0.0689655172413793,0.0,0.6,0.0519480519480519,0.0,1.0,0.0,0,0,1,0.7660874220260236,0,H
0.6,0.0689655172413793,0.0,0.4,0.2467532467532467,0.0,1.0,0.0,1,0,0,0.8441306168298927,0,M
0.2,0.1379310344827586,0.0,0.8,0.1038961038961039,0.0,0.0,0.0,1,0,1,0.7895896126391386,0,M
0.8,0.0,0.0,0.8,0.3116883116883117,0.0,0.0,0.0,0,0,0,0.8443065769659359,0,H
0.4,0.0344827586206896,0.0,0.8,0.3376623376623376,0.0,0.0,0.0,1,0,0,0.8643353088621318,1,H
0.6,0.3448275862068966,0.0,0.8,0.2467532467532467,0.0,1.0,0.0,1,0,1,0.5645822240725864,1,H
1.0,0.2758620689655172,0.0,1.0,0.4285714285714285,0.0,0.0,0.0,0,0,0,0.7072533816589983,0,H
0.2,0.0,0.0,0.6,0.2077922077922078,0.0,1.0,0.0,0,0,0,0.7420751025005681,0,H
0.6,0.1379310344827586,0.2,0.6,0.0259740259740259,0.0,1.0,0.0,1,0,1,0.5463732176829575,1,H
0.4,0.0,0.0,1.0,0.7532467532467533,0.0,1.0,0.0,0,0,0,0.8060785750306954,0,H
0.4,0.0,0.0,0.8,0.3246753246753247,0.0,1.0,0.0,0,0,0,0.7905956717274939,0,H
0.8,0.0,0.0,0.8,0.0779220779220779,0.0,0.0,0.0,0,0,0,0.7061205169237502,0,H
0.6,0.0344827586206896,0.0,0.6,0.0519480519480519,0.1428571428571428,0.0,0.0,0,1,0,0.5096030779628752,0,H
0.6,0.3448275862068966,0.8,0.8,0.1298701298701298,0.0,1.0,0.0833333333333333,1,1,1,0.6622455625914914,1,H
0.4,0.0,0.0,1.0,0.0129870129870129,0.0,0.0,0.0,0,0,0,0.5964269802129962,1,H
0.4,0.0,0.0,0.4,0.0389610389610389,0.0,1.0,0.0,0,0,0,0.8292586131229123,0,H
0.4,0.0,0.0,0.4,0.0259740259740259,0.0,0.0,0.0,0,0,0,0.7983782106555901,0,H
0.8,0.6896551724137931,0.0,0.6,0.4285714285714285,0.0,1.0,0.0,1,0,0,0.501195747982839,1,H
0.6,0.0,0.0,1.0,0.2597402597402597,0.0,0.0,0.0,1,0,1,0.7836063592875222,0,M
0.8,0.1034482758620689,0.0,0.8,0.2077922077922078,0.0,0.0,0.0833333333333333,0,0,0,0.5455270946294786,0,H
0.2,0.3103448275862069,0.0,1.0,0.1558441558441558,0.0,1.0,0.0,1,0,1,0.6317060466719957,1,H
0.4,0.0,0.0,0.6,0.2597402597402597,0.0,1.0,0.0,0,0,0,0.7260242573428118,0,H
1.0,0.0344827586206896,0.0,1.0,0.4935064935064935,0.0,1.0,0.0,1,0,0,0.839441623314906,0,M
0.6,0.4482758620689655,0.2,1.0,0.2077922077922078,0.0,0.0,0.0,0,1,0,0.6205687143679354,0,H
0.4,0.0,0.0,1.0,0.0259740259740259,0.0,0.0,0.0,1,0,1,0.5987099778210395,1,H
0.8,0.1379310344827586,0.4,0.8,0.1558441558441558,0.4285714285714285,1.0,0.0,0,1,0,0.5291701582076712,0,H
0.4,0.0344827586206896,0.0,0.8,0.6883116883116883,0.0,1.0,0.0,0,0,0,0.8866204257341278,0,H
0.8,0.0,0.0,0.6,0.1818181818181818,0.0,1.0,0.0,0,0,0,0.7664788659234401,0,H
0.6,0.0689655172413793,0.0,1.0,0.1558441558441558,0.0,0.0,0.0,1,0,1,0.8117691293616481,0,M
0.6,0.1379310344827586,0.0,1.0,0.4155844155844156,0.0,1.0,0.0,1,0,0,0.8086245535278047,0,M
0.6,0.2068965517241379,0.0,1.0,0.1038961038961039,0.0,1.0,0.0,1,0,1,0.6868254585498895,1,H
0.6,0.8620689655172413,0.0,1.0,0.2857142857142857,0.0,1.0,0.0,1,1,1,0.7537710776836877,1,H
0.6,0.2068965517241379,0.0,0.6,0.4675324675324675,0.0,1.0,0.0,0,0,0,0.722897663731117,0,H
0.4,0.4482758620689655,0.0,1.0,0.3376623376623376,0.0,1.0,0.0,1,0,1,0.530969712098541,1,H
0.4,0.0344827586206896,0.0,0.8,0.4025974025974026,0.0,0.0,0.0,1,0,1,0.8420729948158553,0,M
0.8,0.4137931034482758,0.0,0.8,0.2467532467532467,0.0,1.0,0.0,0,1,0,0.550914589329299,0,H
0.6,0.2068965517241379,0.0,1.0,0.0649350649350649,0.0,1.0,0.0,1,0,1,0.6814456089785618,1,H
0.6,0.2413793103448276,0.0,1.0,0.0779220779220779,0.0,1.0,0.0,0,0,0,0.6551122611184051,0,H
0.8,0.0689655172413793,0.0,0.8,0.5064935064935064,0.0,1.0,0.0,1,0,0,0.8849372707616949,1,H
0.6,0.0,0.0,1.0,0.3246753246753247,0.0,1.0,0.0,1,0,1,0.7999580994975641,0,M
0.6,0.3103448275862069,0.0,0.8,0.2727272727272727,0.0,1.0,0.0,0,1,0,0.5084237472195677,0,H
0.6,0.1034482758620689,0.0,0.8,0.3376623376623376,0.0,0.0,0.0,0,0,0,0.8254250551447722,0,H
1.0,0.0,0.0,1.0,0.0909090909090909,0.2857142857142857,1.0,0.0,0,0,0,0.7441624280859437,0,H
0.2,0.0344827586206896,0.0,0.8,0.4415584415584415,0.0,1.0,0.0,0,0,0,0.8981947714082634,0,H
0.6,0.0,0.0,0.6,0.2727272727272727,0.0,1.0,0.0,0,0,0,0.8061224679802819,0,H
0.4,0.0344827586206896,0.0,1.0,0.2077922077922078,0.1428571428571428,1.0,0.0,1,0,1,0.6499005552274951,1,H
0.6,0.4482758620689655,0.0,1.0,0.0389610389610389,0.1428571428571428,1.0,0.0,1,1,1,0.5339174763899276,1,H
0.2,0.0,0.0,1.0,0.1428571428571428,0.0,1.0,0.0,0,0,0,0.6817923883076334,0,H
0.4,0.0,0.0,0.6,0.4155844155844156,0.0,1.0,0.0,1,0,0,0.8230066669277118,0,M
0.6,0.0344827586206896,0.0,1.0,0.0129870129870129,0.0,1.0,0.0833333333333333,1,1,1,0.5400083758416021,1,H
0.6,0.0344827586206896,0.0,0.8,0.3896103896103896,0.0,0.0,0.0,0,0,0,0.8191679296960985,0,H
0.8,0.0,0.0,1.0,0.4285714285714285,0.0,1.0,0.0,1,0,1,0.8138615405801943,0,M
0.6,0.1379310344827586,0.0,1.0,0.0649350649350649,0.1428571428571428,1.0,0.0,0,0,0,0.5494567246211796,0,H
0.8,0.0689655172413793,0.0,0.6,0.1038961038961039,0.0,1.0,0.0,0,0,0,0.7574206554782776,0,H
0.6,0.5172413793103449,0.0,0.8,0.1948051948051948,0.1428571428571428,0.0,0.0,1,1,1,0.5244508603548054,1,H
0.0,0.0,0.0,0.8,0.1298701298701298,0.0,1.0,0.0,0,0,1,0.7705246672744275,0,H
0.2,0.2413793103448276,0.0,0.8,0.2207792207792207,0.0,1.0,0.0,0,0,0,0.6933545740354382,0,H
0.6,0.1034482758620689,0.0,0.4,0.2727272727272727,0.0,0.0,0.0,1,0,0,0.8137411176903238,0,M
0.4,0.0689655172413793,0.0,1.0,0.0649350649350649,0.0,0.0,0.0,0,0,0,0.6484935832445841,0,H
0.4,0.2758620689655172,0.0,1.0,0.1558441558441558,0.0,1.0,0.1666666666666666,1,1,1,0.7854936194091724,1,H
0.6,0.0,0.0,1.0,0.0909090909090909,0.0,1.0,0.0,1,0,1,0.7189774114016992,0,M
0.4,0.1034482758620689,0.2,1.0,0.1298701298701298,0.0,1.0,0.0,1,0,1,0.5668097790784898,0,M
0.6,0.0,0.0,0.8,0.1558441558441558,0.0,1.0,0.0,0,0,0,0.6506546839570783,0,H
0.6,0.0,0.0,0.8,0.0649350649350649,0.0,0.0,0.0,0,0,0,0.7402480290135566,0,H
0.4,0.4137931034482758,0.0,1.0,0.4545454545454545,0.0,1.0,0.0,1,1,1,0.5609182195805615,1,H
0.6,0.0,0.0,1.0,0.5324675324675324,0.0,1.0,0.0,1,0,0,0.814451741303448,0,M
0.6,0.0344827586206896,0.0,1.0,0.4545454545454545,0.0,1.0,0.0,0,0,0,0.8135847264081435,0,H
0.4,0.0344827586206896,0.0,0.8,0.5584415584415584,0.0,0.0,0.0,1,0,1,0.8023524548460297,0,M
0.4,0.0,0.0,1.0,0.3116883116883117,0.0,0.0,0.0,0,0,0,0.8882318747981047,0,H
0.4,0.0344827586206896,0.0,0.8,0.2987012987012987,0.0,1.0,0.0,0,0,0,0.8012406310231482,0,H
0.8,0.0689655172413793,0.2,0.8,0.1428571428571428,0.0,1.0,0.0,0,0,0,0.6771628463761407,1,H
1.0,0.7931034482758621,0.0,1.0,0.3116883116883117,0.0,1.0,0.0833333333333333,1,1,0,0.7344976253481209,1,H
0.6,0.3448275862068966,0.0,1.0,0.1948051948051948,0.0,1.0,0.0,0,0,0,0.5039841901906267,0,H
0.4,0.2758620689655172,0.0,1.0,0.2467532467532467,0.0,1.0,0.0,1,1,1,0.5754929901433382,1,H
0.4,0.1034482758620689,0.0,1.0,0.0259740259740259,0.1428571428571428,1.0,0.0833333333333333,1,1,1,0.5883775301029319,1,H
0.4,0.0,0.0,0.8,0.0389610389610389,0.0,0.0,0.0,0,0,0,0.6514607542802997,0,H
0.4,0.2413793103448276,0.0,1.0,0.3246753246753247,0.0,1.0,0.0,0,0,0,0.6159595208425466,0,H
0.6,0.0,0.0,0.8,0.3116883116883117,0.0,0.0,0.0,0,0,0,0.8802332806235367,0,H
0.6,0.3448275862068966,0.2,1.0,0.3766233766233766,0.0,1.0,0.0,1,1,1,0.7471371745499907,0,H
0.6,0.6896551724137931,0.0,1.0,0.2727272727272727,0.0,1.0,0.0,0,1,0,0.6761579415431079,0,H
0.6,0.0689655172413793,0.0,0.2,0.2467532467532467,0.0,1.0,0.0,1,0,0,0.757503865291206,0,M
0.6,0.2068965517241379,0.0,1.0,0.3246753246753247,0.0,1.0,0.0,0,0,0,0.723551157161242,0,H
0.6,0.0,0.0,0.4,0.6493506493506493,0.0,1.0,0.0,1,0,0,0.8768249850388247,1,H
0.6,0.6896551724137931,0.0,0.4,0.5194805194805194,0.0,1.0,0.0,1,1,1,0.5377772393113381,1,H
0.6,0.0344827586206896,0.0,0.8,0.0129870129870129,0.1428571428571428,1.0,0.0833333333333333,1,1,1,0.5206063448755397,1,H
0.6,0.1034482758620689,0.0,1.0,0.2727272727272727,0.0,1.0,0.0,1,0,1,0.7416362003137793,1,H
0.4,0.0,0.0,1.0,0.1558441558441558,0.0,1.0,0.0,0,0,0,0.6967460742635645,1,H
0.6,0.1724137931034483,0.0,0.8,0.2727272727272727,0.0,1.0,0.0,1,0,1,0.762355099191193,0,M
0.4,0.0689655172413793,0.0,1.0,0.1948051948051948,0.0,1.0,0.0,1,0,1,0.6600837715648584,1,H
0.6,0.0344827586206896,0.0,0.8,0.0909090909090909,0.0,0.0,0.0,0,0,0,0.773455479234428,0,H
0.2,0.0689655172413793,0.0,1.0,0.1558441558441558,0.0,0.0,0.0,0,0,0,0.8389302035032742,0,H
0.2,0.0344827586206896,0.0,0.8,0.0909090909090909,0.0,0.0,0.0,1,0,1,0.7619443524042133,0,M
0.6,0.0344827586206896,0.0,0.4,0.1038961038961039,0.0,1.0,0.0,0,0,1,0.7975608266606145,0,H
0.4,0.0,0.0,1.0,0.0519480519480519,0.0,1.0,0.0,0,0,1,0.6596654381143177,1,H
0.2,0.2413793103448276,0.0,0.6,0.1168831168831168,0.0,1.0,0.0,0,0,0,0.7087848931775724,0,H
0.6,0.1379310344827586,0.0,0.8,0.3766233766233766,0.0,0.0,0.0,0,0,0,0.8745281210123396,0,H
0.6,0.0689655172413793,0.0,0.4,0.4285714285714285,0.0,1.0,0.0,0,0,0,0.8377709625818898,0,H
0.4,0.2758620689655172,0.0,1.0,0.1558441558441558,0.0,1.0,0.0,1,1,1,0.5499339571344095,1,H
0.2,0.0,0.0,0.8,0.2337662337662337,0.0,0.0,0.0,0,0,0,0.8279494594894465,0,H
0.6,0.0,0.0,0.4,0.0779220779220779,0.0,1.0,0.0,0,0,0,0.8091605133084092,0,H
1.0,0.0,0.0,0.6,0.3896103896103896,0.0,1.0,0.0,0,0,0,0.718717626099429,0,H
0.8,0.1724137931034483,0.0,1.0,0.2077922077922078,0.14285714285714285,0.0,0.0,1,0,1,0.5229483842849731,0,M
0.4,0.0,0.0,0.4,0.2857142857142857,0.0,1.0,0.0,1,0,0,0.6630113124847412,1,H
0.8,0.20689655172413793,0.0,1.0,0.07792207792207792,0.0,1.0,0.0,0,1,1,0.5986493229866028,1,M
0.6,0.034482758620689655,0.0,0.8,0.44155844155844154,0.0,1.0,0.0,0,0,0,0.6660863161087036,0,M
0.4,0.034482758620689655,0.0,1.0,0.03896103896103896,0.0,0.0,0.0,0,0,0,0.5282098650932312,0,H
0.6,0.41379310344827586,0.0,1.0,0.14285714285714285,0.14285714285714285,0.0,0.3333333333333333,0,1,0,0.6572669148445129,1,M
0.4,0.1724137931034483,0.0,1.0,0.23376623376623376,0.0,1.0,0.0,0,1,1,0.5123393535614014,1,M
0.4,0.1724137931034483,0.0,0.8,0.1038961038961039,0.0,1.0,0.0,1,1,0,0.5448522567749023,1,M
0.6,0.13793103448275862,0.0,1.0,0.1038961038961039,0.0,0.0,0.0,0,0,0,0.5102001428604126,0,H
0.6,0.034482758620689655,0.0,0.8,0.06493506493506493,0.2857142857142857,1.0,0.0,0,1,0,0.5440834164619446,1,M
0.4,0.0,0.0,1.0,0.37662337662337664,0.0,1.0,0.0,1,0,0,0.6422520279884338,0,M
0.4,0.10344827586206896,0.0,1.0,0.18181818181818182,0.0,1.0,0.0,0,0,1,0.504952073097229,0,M
0.4,0.3793103448275862,0.0,1.0,0.22077922077922077,0.0,1.0,0.0,1,1,0,0.6283122301101685,1,M
0.2,0.0,0.0,0.8,0.3116883116883117,0.0,0.0,0.0,0,0,0,0.6300638914108276,0,H
0.8,0.0,0.0,1.0,0.06493506493506493,0.2857142857142857,1.0,0.0,0,1,1,0.5427895784378052,1,M
0.8,0.06896551724137931,0.0,1.0,0.33766233766233766,0.0,1.0,0.0,0,0,0,0.5810340642929077,0,M
0.4,0.5862068965517241,0.0,1.0,0.4155844155844156,0.0,1.0,0.0,0,1,0,0.641045868396759,1,M
0.8,0.10344827586206896,0.0,1.0,0.03896103896103896,0.14285714285714285,1.0,0.0,1,1,1,0.5845106244087219,1,M
0.6,0.10344827586206896,0.4,1.0,0.05194805194805195,0.0,1.0,0.0,0,1,1,0.6385980248451233,1,M
0.4,0.2413793103448276,0.0,0.8,0.09090909090909091,0.0,1.0,0.08333333333333333,0,1,0,0.6187244057655334,1,M
1.0,0.1724137931034483,0.0,0.8,0.2987012987012987,0.0,1.0,0.0,1,0,0,0.5242788195610046,0,M
0.4,0.034482758620689655,0.0,1.0,0.03896103896103896,0.14285714285714285,1.0,0.0,1,1,1,0.5420017838478088,1,M
0.6,0.034482758620689655,0.0,0.8,0.2987012987012987,0.0,0.0,0.0,1,0,1,0.6363502144813538,1,H
0.6,0.1724137931034483,0.0,0.8,0.12987012987012986,0.0,0.0,0.0,0,0,0,0.520144522190094,0,H
0.6,0.034482758620689655,0.0,0.8,0.2077922077922078,0.0,1.0,0.0,0,0,1,0.574016809463501,0,M
0.6,0.2413793103448276,0.0,0.8,0.1038961038961039,0.0,0.0,0.0,1,1,0,0.5119960904121399,1,H
0.6,0.034482758620689655,0.0,1.0,0.18181818181818182,0.0,0.0,0.0,0,0,0,0.5828123092651367,0,H
0.6,0.27586206896551724,0.0,1.0,0.6233766233766234,0.0,1.0,0.0,0,0,0,0.5894255638122559,0,M
0.6,0.5517241379310345,0.0,1.0,0.4675324675324675,0.0,1.0,0.0,1,1,0,0.6268023252487183,1,M
0.8,0.10344827586206896,0.0,0.4,0.37662337662337664,0.0,0.0,0.0,0,0,0,0.6549667119979858,0,H
0.2,0.06896551724137931,0.0,0.8,0.37662337662337664,0.0,1.0,0.0,1,0,1,0.6282831430435181,0,M
0.6,0.3448275862068966,0.0,0.8,0.2597402597402597,0.0,1.0,0.0,1,1,1,0.5809208750724792,1,M
0.8,0.034482758620689655,0.0,1.0,0.09090909090909091,0.0,1.0,0.0,0,1,0,0.5046584606170654,1,M
0.6,0.0,0.0,0.8,0.6363636363636364,0.0,1.0,0.0,0,0,0,0.7481706738471985,0,M
0.2,0.41379310344827586,0.0,1.0,0.37662337662337664,0.0,1.0,0.0,1,1,0,0.58244389295578,1,M
0.4,0.0,0.0,0.8,0.36363636363636365,0.0,0.0,0.0,0,0,0,0.6613057255744934,0,H
0.8,0.20689655172413793,0.0,0.8,0.38961038961038963,0.0,1.0,0.0,0,0,0,0.5483220815658569,0,M
0.8,0.5172413793103449,0.0,1.0,0.15584415584415584,0.14285714285714285,1.0,0.0,1,1,1,0.6671205759048462,1,M
0.6,0.034482758620689655,0.0,0.8,0.5844155844155844,0.0,0.0,0.0,1,0,0,0.7228519916534424,1,H
0.8,0.0,0.0,0.8,0.18181818181818182,0.0,1.0,0.0,1,0,0,0.5741567611694336,0,M
0.4,0.3103448275862069,0.0,0.8,0.06493506493506493,0.14285714285714285,1.0,0.0,1,1,1,0.6379908919334412,1,M
0.4,0.0,0.0,0.8,0.2857142857142857,0.0,1.0,0.0,0,0,0,0.626227855682373,0,M
0.6,0.2413793103448276,0.0,1.0,0.2077922077922078,0.0,1.0,0.0,0,1,0,0.5629078149795532,1,M
0.6,0.06896551724137931,0.0,1.0,0.11688311688311688,0.0,0.0,0.0,0,0,1,0.5444011092185974,0,H
0.8,0.0,0.0,0.4,0.06493506493506493,0.0,0.0,0.0,1,0,0,0.5932378768920898,1,H
0.4,0.27586206896551724,0.0,0.8,0.33766233766233766,0.0,1.0,0.0,1,1,1,0.5061966180801392,1,M
0.8,0.5172413793103449,0.0,0.8,0.16883116883116883,0.0,1.0,0.08333333333333333,1,1,1,0.6675186157226562,1,M
0.6,0.034482758620689655,0.0,0.8,0.4155844155844156,0.0,1.0,0.0,0,0,1,0.6563894152641296,0,M
0.2,0.3448275862068966,0.0,1.0,0.2987012987012987,0.0,1.0,0.0,0,1,1,0.5761633515357971,1,M
0.6,0.034482758620689655,0.2,1.0,0.012987012987012988,0.0,1.0,0.0,1,1,1,0.574737548828125,1,M
0.6,0.7931034482758621,0.0,1.0,0.15584415584415584,0.0,1.0,0.0,1,1,1,0.6731399297714233,1,M
0.6,0.5517241379310345,0.4,1.0,0.19480519480519481,0.0,1.0,0.0,0,1,0,0.6754879951477051,1,M
0.6,0.41379310344827586,0.2,1.0,0.11688311688311688,0.0,1.0,0.0,1,1,0,0.6629496216773987,1,M
0.6,0.10344827586206896,0.0,0.8,0.2077922077922078,0.0,0.0,0.0,1,0,0,0.5770783424377441,1,H
0.6,1.0689655172413792,0.0,1.0,0.4805194805194805,0.0,1.0,0.0,1,1,1,0.6739988923072815,1,M
0.6,0.034482758620689655,0.0,0.8,0.2857142857142857,0.0,1.0,0.0,0,0,0,0.6058856248855591,0,M
0.8,0.3448275862068966,0.0,1.0,0.07792207792207792,0.0,1.0,0.0,0,1,0,0.6487767696380615,1,M
0.6,0.034482758620689655,0.0,0.8,0.2727272727272727,0.0,1.0,0.0,0,0,0,0.6006286144256592,0,M
0.6,0.4482758620689655,0.2,1.0,0.15584415584415584,0.14285714285714285,1.0,0.08333333333333333,1,1,1,0.6704488396644592,1,M
0.6,0.034482758620689655,0.0,1.0,0.025974025974025976,0.0,1.0,0.08333333333333333,0,1,0,0.5653699040412903,1,M
0.2,0.034482758620689655,0.0,1.0,0.025974025974025976,0.0,1.0,0.08333333333333333,1,1,1,0.5567893385887146,1,M
1.0,0.0,0.0,0.6,0.44155844155844154,0.0,1.0,0.0,1,0,0,0.6882414817810059,0,M
0.6,0.06896551724137931,0.0,0.6,0.012987012987012988,0.2857142857142857,1.0,0.16666666666666666,0,1,0,0.6264391541481018,1,M
0.8,0.13793103448275862,0.2,1.0,0.05194805194805195,0.0,1.0,0.0,1,1,0,0.6170008778572083,1,M
0.6,0.27586206896551724,0.0,1.0,0.5454545454545454,0.0,1.0,0.0,1,0,1,0.5588781833648682,0,M
0.4,0.10344827586206896,0.0,0.4,0.36363636363636365,0.0,1.0,0.0,0,0,0,0.6382963061332703,0,H
0.6,0.06896551724137931,0.0,1.0,0.35064935064935066,0.0,0.0,0.0,1,0,1,0.6284698247909546,1,H
0.6,0.27586206896551724,0.0,0.6,0.2727272727272727,0.0,1.0,0.0,1,1,1,0.5169910192489624,1,M
0.4,0.0,0.0,0.8,0.5844155844155844,0.0,1.0,0.0,0,0,0,0.7346756458282471,0,M
0.6,0.0,0.0,0.8,0.12987012987012986,0.0,1.0,0.0,0,0,1,0.558567225933075,0,M
0.6,0.0,0.0,0.4,0.4155844155844156,0.0,0.0,0.0,0,0,0,0.7001966834068298,0,H
0.8,0.034482758620689655,0.0,0.4,0.2987012987012987,0.0,1.0,0.0,1,0,0,0.6409838795661926,0,M
0.4,0.06896551724137931,0.0,0.4,0.12987012987012986,0.0,0.0,0.0,1,0,1,0.578694224357605,1,H
0.6,0.13793103448275862,0.0,0.8,0.2077922077922078,0.0,1.0,0.0,1,0,0,0.5163465142250061,0,M
0.6,0.20689655172413793,0.0,0.6,0.07792207792207792,0.0,1.0,0.08333333333333333,1,1,0,0.5942457914352417,1,M
0.6,0.27586206896551724,0.0,0.4,0.12987012987012986,0.0,1.0,0.0,1,1,1,0.5567204356193542,1,M
0.4,0.0,0.0,0.6,0.16883116883116883,0.0,1.0,0.0,1,0,0,0.5987525582313538,1,H
0.8,0.10344827586206896,0.0,1.0,0.15584415584415584,0.0,1.0,0.0,0,1,1,0.51336270570755,1,M
0.4,0.10344827586206896,0.0,1.0,0.15584415584415584,0.0,1.0,0.0,1,1,1,0.5061876177787781,1,M
0.4,0.13793103448275862,0.0,0.8,0.05194805194805195,0.0,1.0,0.08333333333333333,0,1,1,0.585658848285675,1,M
0.4,0.0,0.0,0.4,0.36363636363636365,0.0,0.0,0.0,0,0,0,0.6805105805397034,0,H
0.6,0.20689655172413793,0.4,1.0,0.2857142857142857,0.0,1.0,0.0,0,1,1,0.6163387298583984,1,M
0.4,0.0,0.0,0.4,0.3246753246753247,0.0,1.0,0.0,0,0,0,0.6778401732444763,0,H
0.6,0.06896551724137931,0.0,0.2,0.36363636363636365,0.0,1.0,0.0,0,0,0,0.6671878695487976,0,M
0.8,0.5517241379310345,0.0,1.0,0.3246753246753247,0.14285714285714285,1.0,0.0,0,1,0,0.6576980352401733,1,M
0.2,0.034482758620689655,0.0,0.8,0.36363636363636365,0.0,1.0,0.0,0,0,0,0.6413829326629639,0,H
0.6,0.06896551724137931,0.0,1.0,0.03896103896103896,0.14285714285714285,1.0,0.0,1,1,1,0.564042866230011,1,M
0.6,0.13793103448275862,0.0,1.0,0.5064935064935064,0.0,0.0,0.0,0,0,0,0.6508376598358154,0,M
0.6,0.0,0.0,0.8,0.42857142857142855,0.0,0.0,0.0,1,0,1,0.6914324760437012,1,H
0.8,0.0,0.0,0.6,0.16883116883116883,0.0,1.0,0.0,0,0,0,0.5909180641174316,0,M
0.8,0.06896551724137931,0.0,0.8,0.22077922077922077,0.0,0.0,0.0,1,0,0,0.6015800833702087,0,M
0.2,0.2413793103448276,0.0,1.0,0.15584415584415584,0.0,1.0,0.0,0,1,0,0.5762875080108643,1,M
0.4,0.41379310344827586,0.0,0.8,0.12987012987012986,0.0,1.0,0.0,1,1,1,0.6410720944404602,1,M
0.6,0.3103448275862069,0.2,0.0,0.19480519480519481,0.0,1.0,0.0,1,1,0,0.5661200284957886,1,H
0.6,0.20689655172413793,0.0,0.8,0.1038961038961039,0.0,1.0,0.0,1,1,1,0.5658058524131775,1,M
0.8,0.0,0.0,0.4,0.09090909090909091,0.0,1.0,0.0,1,0,0,0.5773262977600098,0,M
0.6,0.0,0.0,0.8,0.22077922077922077,0.0,1.0,0.0,1,0,1,0.596865177154541,0,M
0.6,0.3103448275862069,0.6,1.0,0.19480519480519481,0.0,1.0,0.08333333333333333,0,1,1,0.6714880466461182,1,M
0.6,0.4482758620689655,0.0,0.8,0.4805194805194805,0.0,1.0,0.0,1,1,0,0.5491939187049866,1,M
0.6,0.06896551724137931,0.0,0.8,0.07792207792207792,0.0,0.0,0.0,1,0,1,0.5436322093009949,1,H
0.2,0.3793103448275862,0.0,1.0,0.07792207792207792,0.0,1.0,0.0,1,1,1,0.6381394863128662,1,M
0.2,0.0,0.0,1.0,0.05194805194805195,0.0,1.0,0.0,1,0,0,0.508377730846405,1,H
0.6,0.4482758620689655,0.0,0.4,0.42857142857142855,0.0,1.0,0.0,1,1,1,0.5320489406585693,1,M
0.6,0.10344827586206896,0.0,1.0,0.23376623376623376,0.0,0.0,0.0,1,0,0,0.5730776786804199,1,H
0.4,0.0,0.0,0.4,0.22077922077922077,0.0,1.0,0.0,0,0,0,0.6375794410705566,0,H
0.6,0.0,0.0,0.8,0.24675324675324675,0.0,0.0,0.0,0,0,1,0.6315601468086243,0,H
0.4,0.0,0.0,0.6,0.012987012987012988,0.0,1.0,0.0,1,0,1,0.5341187119483948,1,H
0.6,0.034482758620689655,0.0,0.4,0.09090909090909091,0.0,1.0,0.0,0,0,1,0.5623878240585327,0,M
0.6,0.20689655172413793,0.0,1.0,0.2077922077922078,0.0,0.0,0.0,1,0,1,0.5196855068206787,1,H
0.6,0.0,0.0,0.6,0.025974025974025976,0.0,1.0,0.0,0,0,0,0.53711998462677,0,M
0.8,0.0,0.0,0.8,0.11688311688311688,0.0,0.0,0.0,0,0,0,0.5916447043418884,0,H
0.6,0.20689655172413793,0.0,1.0,0.09090909090909091,0.0,0.0,0.0,0,1,1,0.5187054872512817,0,H
0.8,0.4482758620689655,0.0,1.0,0.16883116883116883,0.0,0.0,0.08333333333333333,1,1,0,0.5983476042747498,1,M
0.4,0.06896551724137931,0.0,0.8,0.03896103896103896,0.0,1.0,0.0,1,1,1,0.513458788394928,1,M
0.4,0.0,0.0,0.2,0.24675324675324675,0.0,1.0,0.0,1,0,0,0.6655939817428589,1,H
0.6,0.4482758620689655,0.0,0.8,0.14285714285714285,0.0,1.0,0.0,1,1,0,0.6512588262557983,1,M
0.2,0.0,0.0,1.0,0.012987012987012988,0.0,1.0,0.0,0,1,1,0.5086858868598938,0,H
0.8,0.2413793103448276,0.0,1.0,0.3246753246753247,0.0,1.0,0.0,1,1,0,0.5163347125053406,1,M
0.6,0.0,0.0,1.0,0.14285714285714285,0.0,1.0,0.0,1,0,1,0.5403064489364624,0,M
0.4,0.0,0.0,1.0,0.4025974025974026,0.0,1.0,0.0,1,0,0,0.6524961590766907,0,M
0.4,0.0,0.0,1.0,0.06493506493506493,0.0,0.0,0.0,0,0,0,0.5475815534591675,0,H
0.6,0.0,0.0,0.4,0.36363636363636365,0.0,1.0,0.0,1,0,0,0.6870887875556946,0,M
0.4,0.0,0.0,0.4,0.5714285714285714,0.0,1.0,0.0,1,0,0,0.7579705715179443,0,M
0.6,0.2413793103448276,0.0,0.8,0.6363636363636364,0.0,1.0,0.0,1,0,1,0.6323243379592896,0,M
0.2,0.2413793103448276,0.0,1.0,0.2857142857142857,0.0,1.0,0.0,1,1,1,0.5297457575798035,1,M
0.8,0.2413793103448276,0.0,0.6,0.2077922077922078,0.0,1.0,0.0,0,1,0,0.5287856459617615,1,M
0.6,0.6896551724137931,0.0,0.8,0.37662337662337664,0.0,1.0,0.0,1,1,1,0.656015932559967,1,M
0.6,0.034482758620689655,0.0,0.4,0.24675324675324675,0.0,1.0,0.0,1,0,1,0.6249487996101379,0,M
0.6,0.034482758620689655,0.0,1.0,0.2987012987012987,0.0,1.0,0.0,1,0,1,0.5878201127052307,0,M
0.8,0.2413793103448276,0.0,0.8,0.3246753246753247,0.0,1.0,0.0,0,0,0,0.5017908215522766,0,M
0.6,0.034482758620689655,0.0,1.0,0.025974025974025976,0.0,1.0,0.0,1,1,0,0.5273797512054443,1,M
0.4,0.0,0.0,0.4,0.38961038961038963,0.0,1.0,0.0,0,0,1,0.7016689777374268,0,H
0.4,0.034482758620689655,0.0,1.0,0.24675324675324675,0.0,1.0,0.0,0,0,0,0.5711908340454102,0,M
0.6,0.10344827586206896,0.0,0.8,0.22077922077922077,0.0,0.0,0.0,1,0,1,0.5818232893943787,1,H
0.4,0.13793103448275862,0.0,0.8,0.22077922077922077,0.0,0.0,0.0,0,0,1,0.5615930557250977,0,H
0.6,0.13793103448275862,0.0,0.8,0.012987012987012988,0.0,1.0,0.0,0,1,0,0.5646307468414307,1,M
0.6,0.034482758620689655,0.0,0.2,0.23376623376623376,0.0,1.0,0.0,0,0,0,0.6374671459197998,0,H
0.6,0.034482758620689655,0.0,0.4,0.1038961038961039,0.0,1.0,0.0,0,0,0,0.5677075982093811,0,M
0.6,0.06896551724137931,0.4,1.0,0.012987012987012988,0.0,1.0,0.0,0,1,1,0.6353239417076111,1,M
0.4,0.0,0.0,1.0,0.4025974025974026,0.0,0.0,0.0,0,0,0,0.6572273373603821,0,H
1.0,0.13793103448275862,0.2,1.0,0.12987012987012986,0.14285714285714285,1.0,0.08333333333333333,1,1,1,0.6284180283546448,1,M
0.8,0.3793103448275862,0.0,1.0,0.09090909090909091,0.0,1.0,0.0,1,1,0,0.6538402438163757,1,M
0.8,0.06896551724137931,0.0,1.0,0.09090909090909091,0.0,1.0,0.0,0,1,0,0.5227894186973572,1,M
0.6,0.0,0.0,0.6,0.09090909090909091,0.14285714285714285,1.0,0.0,1,0,0,0.5341703295707703,0,M
0.4,0.06896551724137931,0.0,0.4,0.22077922077922077,0.0,1.0,0.0,0,0,1,0.6003249287605286,0,H
0.6,0.0,0.0,0.4,0.19480519480519481,0.0,1.0,0.0,0,0,0,0.6230526566505432,0,M
0.6,0.034482758620689655,0.0,0.8,0.4805194805194805,0.0,1.0,0.0,0,0,0,0.6803702712059021,0,M
0.4,0.034482758620689655,0.0,1.0,0.35064935064935066,0.0,1.0,0.0,1,0,1,0.6148509979248047,0,M
0.6,0.0,0.0,0.8,0.012987012987012988,0.0,0.0,0.0,0,0,0,0.5483888387680054,0,H
0.6,0.1724137931034483,0.0,1.0,0.05194805194805195,0.42857142857142855,0.0,0.0,0,1,0,0.5806809067726135,0,H
1.0,0.13793103448275862,0.0,1.0,0.15584415584415584,0.0,0.0,0.0,1,0,0,0.5497210621833801,0,M
0.6,0.034482758620689655,0.0,0.8,0.19480519480519481,0.0,1.0,0.0,0,0,0,0.5685683488845825,0,M
0.0,0.0,0.0,1.0,0.03896103896103896,0.0,0.0,0.0,0,0,0,0.5333664417266846,0,H
0.8,0.10344827586206896,0.0,1.0,0.07792207792207792,0.0,1.0,0.0,1,1,1,0.5463356375694275,1,M
0.6,0.6896551724137931,0.0,1.0,0.36363636363636365,0.0,1.0,0.0,0,1,0,0.6582451462745667,1,M
0.0,0.0,0.0,0.8,0.11688311688311688,0.0,0.0,0.0,1,0,0,0.5692273378372192,1,H
0.6,0.0,0.0,0.6,0.23376623376623376,0.0,1.0,0.0,0,0,1,0.6213035583496094,0,M
0.4,0.06896551724137931,0.0,0.8,0.6753246753246753,0.0,1.0,0.0,0,0,0,0.7327212691307068,0,M
0.8,0.034482758620689655,0.0,1.0,0.03896103896103896,0.0,1.0,0.0,1,1,1,0.5267019867897034,1,M
0.2,0.0,0.0,0.8,0.36363636363636365,0.0,0.0,0.0,1,0,1,0.6455594897270203,1,H
0.6,0.4827586206896552,0.0,1.0,0.19480519480519481,0.0,0.0,0.0,1,1,0,0.5781214237213135,1,M
0.6,0.3103448275862069,0.0,1.0,0.24675324675324675,0.0,1.0,0.0,1,1,1,0.586589515209198,1,M
0.4,0.0,0.0,0.4,0.05194805194805195,0.0,0.0,0.0,0,0,0,0.5810067653656006,0,H
0.4,0.034482758620689655,0.0,0.4,0.15584415584415584,0.0,1.0,0.0,0,0,0,0.5931921005249023,0,H
0.6,0.27586206896551724,0.0,1.0,0.45454545454545453,0.0,1.0,0.0,0,0,0,0.5207094550132751,0,M
0.8,0.06896551724137931,0.0,1.0,0.35064935064935066,0.0,1.0,0.0,1,0,1,0.5863190293312073,0,M
0.6,0.5862068965517241,0.0,0.8,0.5194805194805194,0.0,1.0,0.0,1,1,1,0.6108610033988953,1,M
0.6,0.10344827586206896,0.0,1.0,0.45454545454545453,0.0,1.0,0.0,0,0,1,0.6180229187011719,0,M
0.6,0.13793103448275862,0.0,1.0,0.06493506493506493,0.0,1.0,0.0,0,1,0,0.5662230849266052,1,M
0.6,0.10344827586206896,0.0,0.8,0.37662337662337664,0.0,1.0,0.0,0,0,0,0.6047520041465759,0,M
0.6,0.7931034482758621,0.0,1.0,0.3116883116883117,0.0,1.0,0.0,0,1,0,0.6661360263824463,1,M
1.0,0.4482758620689655,0.8,1.0,0.15584415584415584,0.0,1.0,0.0,1,1,0,0.694163978099823,1,M
0.4,0.10344827586206896,0.0,1.0,0.11688311688311688,0.0,1.0,0.0,1,1,1,0.5228821039199829,1,M
0.6,0.034482758620689655,0.0,0.8,0.0,0.14285714285714285,1.0,0.0,0,1,1,0.5436394810676575,1,M
0.6,0.034482758620689655,0.0,1.0,0.1038961038961039,0.0,1.0,0.08333333333333333,0,1,0,0.532126247882843,1,M
0.6,0.034482758620689655,0.0,0.8,0.2597402597402597,0.0,0.0,0.0,1,0,0,0.6229525208473206,1,H
0.4,0.41379310344827586,0.0,1.0,0.06493506493506493,0.0,1.0,0.25,1,1,0,0.6650261282920837,1,M
0.4,0.3103448275862069,0.0,0.8,0.07792207792207792,0.0,1.0,0.0,1,1,1,0.619172215461731,1,M
0.4,0.06896551724137931,0.0,0.4,0.15584415584415584,0.0,1.0,0.0,1,0,0,0.5740748047828674,1,H
0.6,0.06896551724137931,0.0,0.2,0.09090909090909091,0.0,1.0,0.0,1,0,1,0.5587151050567627,1,H
0.6,0.0,0.0,0.8,0.3246753246753247,0.0,0.0,0.0,0,0,1,0.6578737497329712,0,H
0.4,0.0,0.0,0.8,0.4025974025974026,0.0,1.0,0.0,0,0,0,0.6712303161621094,0,M
0.8,0.06896551724137931,0.0,0.6,0.06493506493506493,0.0,1.0,0.0,0,0,0,0.5097824335098267,0,M
0.4,0.13793103448275862,0.0,1.0,0.18181818181818182,0.0,1.0,0.0,0,1,0,0.5148305892944336,1,M
0.6,0.1724137931034483,0.2,1.0,0.07792207792207792,0.0,1.0,0.0,0,1,0,0.6267797946929932,1,M
0.6,0.034482758620689655,0.0,0.8,0.6363636363636364,0.0,1.0,0.0,0,0,0,0.733644962310791,0,M
0.2,0.0,0.0,0.6,0.0,0.0,0.0,0.0,0,0,0,0.5530291199684143,0,H
0.2,0.06896551724137931,0.0,0.8,0.6493506493506493,0.0,0.0,0.0,0,0,0,0.7103191614151001,0,H
0.6,0.0,0.0,0.4,0.1038961038961039,0.0,1.0,0.0,1,0,0,0.5868614315986633,0,M
0.6,0.0,0.0,1.0,0.44155844155844154,0.0,0.0,0.0,0,0,0,0.6825032830238342,0,H
0.4,0.1724137931034483,0.0,1.0,0.2857142857142857,0.0,0.0,0.0,0,0,0,0.5553914904594421,0,H
0.6,0.034482758620689655,0.0,0.4,0.12987012987012986,0.0,1.0,0.0,1,0,0,0.5782992839813232,0,M
0.8,0.20689655172413793,0.4,1.0,0.1038961038961039,0.0,1.0,0.0,0,1,0,0.6538867950439453,1,M
0.2,0.0,0.0,0.4,0.025974025974025976,0.0,1.0,0.0,1,0,0,0.5637652277946472,1,H
0.4,0.27586206896551724,0.0,1.0,0.09090909090909091,0.0,1.0,0.0,0,1,1,0.6227803826332092,1,M
0.4,0.034482758620689655,0.0,1.0,0.1038961038961039,0.2857142857142857,1.0,0.0,1,1,0,0.5414993762969971,1,M
0.4,0.0,0.0,0.6,0.5194805194805194,0.0,1.0,0.0,0,0,0,0.7298548817634583,0,M
0.4,0.10344827586206896,0.0,0.8,0.09090909090909091,0.14285714285714285,1.0,0.0,1,1,1,0.5409051179885864,1,M
0.8,0.034482758620689655,0.0,0.8,0.2597402597402597,0.0,1.0,0.0,1,0,0,0.5884997844696045,0,M
0.4,0.034482758620689655,0.0,0.8,0.2857142857142857,0.0,1.0,0.0,0,0,0,0.6082149744033813,0,M
0.6,0.1724137931034483,0.0,0.8,0.2857142857142857,0.0,1.0,0.0,1,0,0,0.5291624069213867,0,M
0.6,0.10344827586206896,0.0,0.8,0.4025974025974026,0.0,0.0,0.0,1,0,1,0.6457111835479736,1,H
0.6,0.27586206896551724,0.0,1.0,0.2857142857142857,0.0,1.0,0.0,1,1,0,0.5504785776138306,1,M
0.8,0.3103448275862069,0.0,1.0,0.16883116883116883,0.0,1.0,0.0,0,1,1,0.6141474843025208,1,M
0.4,0.034482758620689655,0.2,1.0,0.05194805194805195,0.0,1.0,0.0,0,1,0,0.5582112669944763,1,M
0.6,0.4482758620689655,0.0,1.0,0.5194805194805194,0.0,1.0,0.0,0,1,1,0.5529363751411438,1,M
0.8,0.1724137931034483,0.0,0.8,0.24675324675324675,0.0,1.0,0.0,1,0,1,0.5085722208023071,0,M
0.8,0.06896551724137931,0.0,1.0,0.22077922077922077,0.0,1.0,0.0,0,0,1,0.5323215126991272,0,M
0.6,0.41379310344827586,0.0,1.0,0.4935064935064935,0.0,1.0,0.0,0,1,0,0.5440908074378967,1,M
0.2,0.0,0.0,0.8,0.1038961038961039,0.0,1.0,0.0,0,0,0,0.5536106824874878,0,H
0.6,0.06896551724137931,0.0,0.4,0.2857142857142857,0.0,1.0,0.0,0,0,0,0.621764063835144,0,M
0.6,0.0,0.0,0.8,0.12987012987012986,0.0,1.0,0.0,0,0,0,0.558567225933075,0,M
0.8,0.10344827586206896,0.0,0.8,0.4805194805194805,0.0,0.0,0.0,1,0,0,0.6763502955436707,0,M
0.6,0.27586206896551724,0.0,0.8,0.2987012987012987,0.0,1.0,0.0,1,1,0,0.52444988489151,1,M
0.6,0.10344827586206896,0.0,0.6,0.06493506493506493,0.0,1.0,0.0,0,1,1,0.5054532289505005,1,M
0.8,0.4827586206896552,0.0,1.0,0.14285714285714285,0.0,1.0,0.0,0,1,1,0.661068856716156,1,M
0.6,0.0,0.0,0.8,0.025974025974025976,0.2857142857142857,0.0,0.0,0,0,0,0.5038559436798096,0,H
0.2,0.0,0.0,1.0,0.15584415584415584,0.0,1.0,0.0,1,0,0,0.5528305768966675,0,M
0.6,0.10344827586206896,0.0,0.8,0.09090909090909091,0.0,0.0,0.0,1,0,1,0.5338351130485535,1,H
0.8,0.1724137931034483,0.0,1.0,0.3116883116883117,0.0,1.0,0.0,0,0,0,0.5150147676467896,0,M
0.6,0.0,0.0,1.0,0.2987012987012987,0.0,0.0,0.0,1,0,0,0.6382524371147156,1,H
0.8,0.034482758620689655,0.0,1.0,0.19480519480519481,0.0,0.0,0.0,0,0,0,0.5950559377670288,0,M
0.6,0.10344827586206896,0.0,0.8,0.38961038961038963,0.0,1.0,0.0,0,0,0,0.6099140048027039,0,M
0.6,0.0,0.0,1.0,0.12987012987012986,0.0,0.0,0.0,0,0,0,0.5781883001327515,0,H
0.4,0.034482758620689655,0.0,1.0,0.07792207792207792,0.0,0.0,0.0,0,0,0,0.5401199460029602,0,H
0.6,0.4482758620689655,0.0,1.0,0.14285714285714285,0.0,1.0,0.0,1,1,1,0.6546783447265625,1,M
0.6,0.06896551724137931,0.0,1.0,0.5064935064935064,0.0,1.0,0.0,1,0,0,0.6553070545196533,0,M
0.6,0.1724137931034483,0.0,0.8,0.2727272727272727,0.0,0.0,0.0,0,0,0,0.5720825791358948,0,H
0.6,0.034482758620689655,0.0,0.6,0.4935064935064935,0.0,1.0,0.0,0,0,0,0.7004616856575012,0,M
0.2,0.13793103448275862,0.0,0.8,0.38961038961038963,0.0,1.0,0.0,1,0,1,0.5960037708282471,0,M
0.4,0.5862068965517241,0.0,1.0,0.23376623376623376,0.0,1.0,0.0,0,1,0,0.6518869996070862,1,M
0.6,0.10344827586206896,0.0,0.8,0.18181818181818182,0.0,1.0,0.0,1,0,0,0.5251337289810181,0,M
0.6,0.5172413793103449,0.0,1.0,0.1038961038961039,0.0,1.0,0.0,1,1,1,0.6606932282447815,1,M
0.4,0.0,0.0,0.4,0.012987012987012988,0.0,0.0,0.0,1,0,0,0.5698988437652588,1,H
0.6,0.1724137931034483,0.2,1.0,0.11688311688311688,0.0,1.0,0.08333333333333333,0,1,0,0.6399775147438049,1,M
0.6,0.6551724137931034,0.0,1.0,0.2857142857142857,0.0,1.0,0.0,1,1,1,0.6599140167236328,1,M
0.4,0.06896551724137931,0.0,0.8,0.07792207792207792,0.0,1.0,0.0,0,0,0,0.5030297636985779,0,M
0.4,0.0,0.0,0.8,0.18181818181818182,0.0,1.0,0.0,0,0,1,0.5842745900154114,0,M
0.6,0.2413793103448276,0.0,0.4,0.38961038961038963,0.0,1.0,0.0,1,0,1,0.5689823627471924,0,M
0.4,0.41379310344827586,0.0,1.0,0.16883116883116883,0.42857142857142855,1.0,0.08333333333333333,1,1,1,0.6588349342346191,1,M
0.2,0.10344827586206896,0.0,0.8,0.4675324675324675,0.0,0.0,0.0,0,0,0,0.6405041217803955,0,H
0.4,0.20689655172413793,0.0,1.0,0.5974025974025974,0.0,1.0,0.0,0,0,0,0.6188414096832275,0,M
0.4,0.0,0.0,0.8,0.5714285714285714,0.0,1.0,0.0,0,0,0,0.7305956482887268,0,M
0.4,0.034482758620689655,0.0,0.8,0.6103896103896104,0.0,1.0,0.0,0,0,0,0.7278783321380615,0,M
0.8,0.0,0.0,1.0,0.15584415584415584,0.0,1.0,0.0,1,0,0,0.5409817099571228,0,M
0.6,0.0,0.0,1.0,0.4025974025974026,0.0,1.0,0.0,0,0,0,0.6470280885696411,0,M
1.0,0.0,0.0,1.0,0.14285714285714285,0.0,0.0,0.0,1,0,0,0.5960198640823364,0,M
0.6,0.41379310344827586,0.0,0.4,0.11688311688311688,0.0,1.0,0.0,0,1,0,0.6249098777770996,1,M
0.6,0.13793103448275862,0.0,0.8,0.11688311688311688,0.0,1.0,0.0,1,1,1,0.5215142965316772,1,M
0.6,0.20689655172413793,0.0,1.0,0.33766233766233766,0.0,1.0,0.0,0,0,0,0.5120060443878174,0,M
0.2,0.06896551724137931,0.0,0.6,0.2727272727272727,0.0,1.0,0.0,0,0,0,0.6067255735397339,0,H
0.6,0.034482758620689655,0.0,0.8,0.07792207792207792,0.0,1.0,0.0,0,0,0,0.5185075998306274,0,M
0.6,0.27586206896551724,0.0,1.0,0.16883116883116883,0.14285714285714285,1.0,0.0,1,1,0,0.6219120025634766,1,M
0.6,0.27586206896551724,0.0,1.0,0.11688311688311688,0.0,1.0,0.0,0,1,1,0.6190699934959412,1,M
0.6,0.4827586206896552,0.0,0.8,0.2857142857142857,0.0,1.0,0.0,0,1,1,0.6394639015197754,1,M
0.4,0.1724137931034483,0.0,1.0,0.3116883116883117,0.0,1.0,0.0,0,0,0,0.5210660696029663,0,M
0.6,0.0,0.0,0.6,0.07792207792207792,0.0,0.0,0.0,0,0,0,0.5829116702079773,0,H
0.6,0.5862068965517241,0.2,1.0,0.23376623376623376,0.0,1.0,0.0,0,1,1,0.6675252318382263,1,M
0.2,0.10344827586206896,0.0,1.0,0.1038961038961039,0.0,1.0,0.0,0,1,0,0.5271099209785461,1,M
0.6,0.06896551724137931,0.0,1.0,0.12987012987012986,0.0,1.0,0.0,0,1,1,0.5014162063598633,1,M
0.6,0.06896551724137931,0.0,1.0,0.24675324675324675,0.0,0.0,0.0,0,0,0,0.5921326279640198,0,H
0.8,0.10344827586206896,0.0,1.0,0.6103896103896104,0.0,1.0,0.0,1,0,1,0.6717302203178406,0,M
0.6,0.4827586206896552,0.0,0.6,0.19480519480519481,0.0,1.0,0.0,1,1,1,0.6444368958473206,1,M
0.6,0.06896551724137931,0.0,0.8,0.06493506493506493,0.0,1.0,0.0,1,1,1,0.5049760937690735,1,M
0.6,0.5862068965517241,0.0,1.0,0.16883116883116883,0.7142857142857143,1.0,0.5,1,1,1,0.7044579386711121,1,M
0.6,0.1724137931034483,0.0,1.0,0.23376623376623376,0.0,1.0,0.0,1,1,0,0.5121943354606628,1,M
0.6,0.0,0.0,0.8,0.6493506493506493,0.0,1.0,0.0,0,0,0,0.7516739368438721,0,M
0.2,0.10344827586206896,0.0,0.8,0.05194805194805195,0.0,1.0,0.0,1,1,1,0.5217751264572144,1,H
0.6,0.13793103448275862,0.0,1.0,0.2597402597402597,0.0,0.0,0.0,1,0,0,0.5681886076927185,1,H
0.4,0.034482758620689655,0.0,0.6,0.1038961038961039,0.0,1.0,0.0,0,0,0,0.5533440113067627,0,H
0.6,0.034482758620689655,0.0,0.6,0.2727272727272727,0.0,1.0,0.0,0,0,0,0.6181069016456604,0,M
0.4,0.06896551724137931,0.0,0.8,0.2077922077922078,0.0,1.0,0.0,0,0,1,0.5576848387718201,0,M
0.4,0.0,0.0,0.6,0.44155844155844154,0.0,0.0,0.0,1,0,0,0.6952438354492188,1,H
0.6,0.4482758620689655,0.0,1.0,0.09090909090909091,0.14285714285714285,1.0,0.08333333333333333,0,1,1,0.6650238633155823,1,M
0.8,0.06896551724137931,0.0,0.8,0.5324675324675324,0.0,0.0,0.0,0,0,0,0.7018049955368042,0,M
0.4,0.06896551724137931,0.0,0.8,0.18181818181818182,0.0,1.0,0.0,0,0,0,0.5468226075172424,0,M
0.8,0.4482758620689655,0.0,1.0,0.22077922077922077,0.0,1.0,0.0,1,1,1,0.6483672857284546,1,M
1.0,0.06896551724137931,0.0,1.0,0.4935064935064935,0.0,1.0,0.0,1,0,0,0.6368678212165833,0,M
0.6,0.13793103448275862,0.0,0.8,0.4935064935064935,0.0,0.0,0.0,0,0,0,0.6618770956993103,0,H
0.4,0.4482758620689655,0.0,1.0,0.1038961038961039,0.0,1.0,0.0,1,1,1,0.6500714421272278,1,M
0.4,0.10344827586206896,0.0,1.0,0.05194805194805195,0.0,1.0,0.0,1,1,0,0.5506871938705444,1,M
0.8,0.0,0.0,0.6,0.2857142857142857,0.0,1.0,0.0,1,0,1,0.6374041438102722,0,M
0.2,0.13793103448275862,0.0,1.0,0.16883116883116883,0.0,1.0,0.0,1,1,1,0.5205385088920593,1,M
0.4,0.034482758620689655,0.0,1.0,0.2597402597402597,0.0,0.0,0.0,0,0,0,0.6023776531219482,0,H
0.4,0.0,0.0,0.6,0.3116883116883117,0.0,1.0,0.0,1,0,0,0.6551799178123474,0,M
0.6,0.10344827586206896,0.0,0.8,0.45454545454545453,0.0,1.0,0.0,1,0,0,0.6353363990783691,0,M
0.2,0.0,0.0,1.0,0.2077922077922078,0.0,1.0,0.0,1,0,0,0.5747444033622742,0,M
1.0,0.0,0.0,0.8,0.23376623376623376,0.0,1.0,0.0,0,0,0,0.587948739528656,0,M
0.6,0.06896551724137931,0.0,0.8,0.06493506493506493,0.14285714285714285,0.0,0.0,0,0,0,0.5149680376052856,0,H
0.6,0.20689655172413793,0.0,0.8,0.15584415584415584,0.0,1.0,0.0,1,1,0,0.5444266200065613,1,M
0.6,0.06896551724137931,0.0,1.0,0.3116883116883117,0.0,0.0,0.0,0,0,0,0.6153557896614075,0,H
0.4,0.0,0.0,0.8,0.3116883116883117,0.0,1.0,0.0,1,0,1,0.6364521384239197,0,M
0.4,0.0,0.0,0.8,0.03896103896103896,0.14285714285714285,0.0,0.0,0,0,0,0.5316288471221924,0,H
0.6,0.6896551724137931,0.0,1.0,0.23376623376623376,0.0,1.0,0.0,1,1,1,0.6641061305999756,1,M
0.8,0.2413793103448276,0.0,0.8,0.07792207792207792,0.0,1.0,0.0,1,1,1,0.5996735692024231,1,M
0.2,0.06896551724137931,0.2,1.0,0.06493506493506493,0.0,1.0,0.0,1,1,1,0.5730231404304504,1,M
0.8,0.0,0.0,1.0,0.22077922077922077,0.0,1.0,0.0,1,0,0,0.568231463432312,0,M
0.2,0.10344827586206896,0.0,0.8,0.09090909090909091,0.0,1.0,0.0,0,1,1,0.5077480673789978,0,H
0.6,0.13793103448275862,0.0,1.0,0.4805194805194805,0.0,1.0,0.0,0,0,0,0.6100663542747498,0,M
0.4,0.034482758620689655,0.0,1.0,0.22077922077922077,0.0,1.0,0.0,1,0,0,0.5600103139877319,0,M
0.6,0.06896551724137931,0.0,0.4,0.4675324675324675,0.0,1.0,0.0,0,0,0,0.6896366477012634,0,M
0.4,0.0,0.0,1.0,0.2727272727272727,0.0,1.0,0.0,0,0,0,0.6000425219535828,0,M
0.4,0.034482758620689655,0.0,0.6,0.09090909090909091,0.0,1.0,0.0,0,0,1,0.5479090213775635,0,H
0.2,0.0,0.0,0.8,0.2597402597402597,0.0,0.0,0.0,1,0,1,0.6148951649665833,1,H
0.6,0.034482758620689655,0.0,0.8,0.012987012987012988,0.0,1.0,0.08333333333333333,1,1,1,0.5491635799407959,1,M
0.6,0.27586206896551724,0.0,1.0,0.2987012987012987,0.0,0.0,0.0,1,0,1,0.5243027806282043,0,M
0.6,0.3793103448275862,0.0,1.0,0.5324675324675324,0.0,1.0,0.0,0,1,0,0.5073851346969604,1,M
0.8,0.0,0.0,0.6,0.05194805194805195,0.0,1.0,0.0,0,0,0,0.542072594165802,0,M
0.4,0.0,0.0,1.0,0.15584415584415584,0.0,0.0,0.0,1,0,1,0.5776474475860596,1,H
0.4,0.0,0.0,0.8,0.15584415584415584,0.0,1.0,0.0,1,0,1,0.5735661387443542,0,M
0.4,0.0,0.0,0.8,0.3246753246753247,0.0,0.0,0.0,0,0,0,0.6490362286567688,0,H
0.8,0.0,0.0,1.0,0.35064935064935066,0.0,0.0,0.0,1,0,0,0.6610738635063171,0,M
0.8,0.06896551724137931,0.0,1.0,0.19480519480519481,0.0,1.0,0.0,0,0,1,0.5213193297386169,0,M
0.0,0.2413793103448276,0.0,1.0,0.42857142857142855,0.14285714285714285,1.0,0.0,1,0,0,0.5031092166900635,0,M
0.6,0.0,0.0,0.8,0.1038961038961039,0.0,1.0,0.0,1,0,0,0.5474745035171509,0,M
0.4,0.0,0.0,0.6,0.3116883116883117,0.0,1.0,0.0,0,0,1,0.6551799178123474,0,M
0.4,0.0,0.0,0.6,0.5584415584415584,0.0,1.0,0.0,0,0,0,0.7419923543930054,0,M
0.6,0.3793103448275862,0.0,1.0,0.5714285714285714,0.0,1.0,0.0,1,0,0,0.5085259079933167,0,M
0.4,0.0,0.0,0.2,0.35064935064935066,0.0,1.0,0.0,0,0,0,0.7015196681022644,0,H
0.6,0.06896551724137931,0.0,1.0,0.24675324675324675,0.0,1.0,0.0,0,0,0,0.54826819896698,0,M
0.6,0.4827586206896552,0.0,1.0,0.18181818181818182,0.0,1.0,0.0,1,1,1,0.6548720002174377,1,M
0.2,0.13793103448275862,0.0,1.0,0.14285714285714285,0.0,1.0,0.0,0,1,0,0.5301774740219116,1,M
0.0,0.06896551724137931,0.0,1.0,0.025974025974025976,0.0,1.0,0.0,0,1,0,0.5271512269973755,0,H
0.6,0.0,0.0,1.0,0.05194805194805195,0.0,0.0,0.0,0,0,0,0.5494655966758728,0,H
0.4,0.13793103448275862,0.0,1.0,0.33766233766233766,0.0,1.0,0.0,0,0,0,0.5518191456794739,0,M
0.6,0.10344827586206896,0.0,0.8,0.14285714285714285,0.0,1.0,0.0,0,0,1,0.5089196562767029,0,M
0.8,0.06896551724137931,0.0,1.0,0.03896103896103896,0.0,0.0,0.0,0,0,0,0.5239918231964111,0,M
0.4,0.0,0.0,0.8,0.11688311688311688,0.0,1.0,0.0,1,0,0,0.5573762059211731,0,M
0.6,0.1724137931034483,0.0,0.4,0.06493506493506493,0.0,1.0,0.0,1,1,1,0.5266141891479492,1,M
1.0,0.06896551724137931,0.0,1.0,0.03896103896103896,0.0,1.0,0.08333333333333333,0,1,0,0.5788261294364929,1,M
0.6,0.0,0.0,0.2,0.06493506493506493,0.0,1.0,0.0,1,0,0,0.5871278643608093,1,H
0.6,0.034482758620689655,0.0,0.8,0.5454545454545454,0.0,1.0,0.0,0,0,0,0.7034335732460022,0,M
0.6,0.1724137931034483,0.2,1.0,0.14285714285714285,0.0,1.0,0.0,1,1,1,0.602313220500946,1,M
0.6,0.0,0.0,0.8,0.35064935064935066,0.0,1.0,0.0,1,0,0,0.6493375897407532,0,M
0.2,0.1724137931034483,0.0,1.0,0.2987012987012987,0.0,0.0,0.0,0,0,0,0.5592666864395142,0,H
0.8,0.06896551724137931,0.0,1.0,0.15584415584415584,0.0,0.0,0.0,0,0,1,0.5671742558479309,0,M
0.6,0.5862068965517241,0.0,0.8,0.2597402597402597,0.0,1.0,0.0,1,1,1,0.6556727886199951,1,M
0.6,0.3793103448275862,0.0,0.8,0.15584415584415584,0.0,1.0,0.0,0,1,1,0.6369652152061462,1,M
0.6,0.0,0.0,0.8,0.03896103896103896,0.0,1.0,0.0,0,0,0,0.5195596218109131,0,M
0.6,0.06896551724137931,0.0,0.8,0.3246753246753247,0.0,0.0,0.0,0,0,0,0.6322529315948486,0,H
0.4,0.0,0.0,0.4,0.07792207792207792,0.0,1.0,0.0,1,0,0,0.5806328058242798,1,H
0.8,0.034482758620689655,0.0,1.0,0.1038961038961039,0.0,1.0,0.0,1,0,0,0.5008585453033447,0,M
0.4,0.0,0.0,0.6,0.14285714285714285,0.0,0.0,0.0,0,0,1,0.5995184779167175,0,H
0.6,0.10344827586206896,0.0,1.0,0.2727272727272727,0.0,1.0,0.0,0,0,0,0.5416589975357056,0,M
0.6,0.5172413793103449,0.0,1.0,0.15584415584415584,0.0,1.0,0.16666666666666666,1,1,1,0.6684267520904541,1,M
0.6,0.4827586206896552,0.0,1.0,0.14285714285714285,0.0,1.0,0.08333333333333333,1,1,1,0.662384569644928,1,M
0.4,0.0,0.0,1.0,0.3246753246753247,0.0,0.0,0.0,0,0,0,0.6340303421020508,0,H
0.6,0.06896551724137931,0.0,1.0,0.42857142857142855,0.0,0.0,0.0,0,0,1,0.6532148122787476,0,M
0.4,0.034482758620689655,0.0,1.0,0.19480519480519481,0.0,1.0,0.0,1,0,1,0.5487685799598694,0,M
0.2,0.0,0.0,1.0,0.025974025974025976,0.0,1.0,0.0,0,1,0,0.5029982924461365,0,H
0.4,0.0,0.0,0.6,0.09090909090909091,0.0,1.0,0.0,1,0,0,0.5667193531990051,1,H
0.2,0.3103448275862069,0.0,1.0,0.23376623376623376,0.0,1.0,0.0,0,1,0,0.5822879672050476,1,M
0.6,0.1724137931034483,0.0,1.0,0.22077922077922077,0.0,1.0,0.0,0,1,0,0.5177593231201172,1,M
0.4,0.034482758620689655,0.0,0.6,0.3246753246753247,0.0,1.0,0.0,0,0,0,0.6423678994178772,0,M
0.4,0.9310344827586207,0.0,1.0,0.1038961038961039,0.14285714285714285,1.0,0.4166666666666667,1,1,1,0.7050375938415527,1,M
0.6,0.1724137931034483,0.0,1.0,0.3246753246753247,0.0,1.0,0.0,0,0,0,0.5267680883407593,0,M
0.6,0.13793103448275862,0.0,1.0,0.38961038961038963,0.0,1.0,0.0,0,0,0,0.5732503533363342,0,M
0.6,0.1724137931034483,0.0,1.0,0.18181818181818182,0.0,1.0,0.0,0,1,1,0.5345561504364014,1,M
0.6,0.10344827586206896,0.0,0.8,0.11688311688311688,0.14285714285714285,1.0,0.0,0,1,0,0.5324099659919739,1,M
0.2,0.034482758620689655,0.0,0.8,0.11688311688311688,0.0,1.0,0.0,1,0,1,0.539517879486084,1,H
0.2,0.0,0.0,0.8,0.18181818181818182,0.0,0.0,0.0,1,0,0,0.592873215675354,1,H
0.6,0.034482758620689655,0.0,0.8,0.09090909090909091,0.0,1.0,0.0,0,0,0,0.5241069793701172,0,M
